[2026-08-13T22:35:11.257Z] [DEBUG] Loaded command: serverstats
[2026-08-13T22:35:11.258Z] [DEBUG] Loaded command: setlevel
[2026-08-13T22:35:11.258Z] [DEBUG] Loaded command: setnick
[2026-08-13T22:35:11.258Z] [DEBUG] Loaded command: setupverification
[2026-08-13T22:35:11.259Z] [DEBUG] Loaded command: ship
[2026-08-13T22:35:11.259Z] [DEBUG] Loaded command: shuffle
[2026-08-13T22:35:11.259Z] [DEBUG] Loaded command: skip
[2026-08-13T22:35:11.260Z] [DEBUG] Loaded command: slots
[2026-08-13T22:35:11.260Z] [DEBUG] Loaded command: slowmode
[2026-08-13T22:35:11.260Z] [DEBUG] Loaded command: snipe
[2026-08-13T22:35:11.260Z] [DEBUG] Loaded command: softban
[2026-08-13T22:35:11.261Z] [DEBUG] Loaded command: stats
[2026-08-13T22:35:11.261Z] [DEBUG] Loaded command: steal
[2026-08-13T22:35:11.261Z] [DEBUG] Loaded command: stop
[2026-08-13T22:35:11.262Z] [DEBUG] Loaded command: streak
[2026-08-13T22:35:11.262Z] [DEBUG] Loaded command: suggest
[2026-08-13T22:35:11.263Z] [DEBUG] Loaded command: tag
[2026-08-13T22:35:11.264Z] [DEBUG] Loaded command: ticket
[2026-08-13T22:35:11.264Z] [DEBUG] Loaded command: timeout
[2026-08-13T22:35:11.266Z] [DEBUG] Loaded command: tools
[2026-08-13T22:35:11.267Z] [DEBUG] Loaded command: truthordare
[2026-08-13T22:35:11.267Z] [DEBUG] Loaded command: unban
[2026-08-13T22:35:11.268Z] [DEBUG] Loaded command: unlock
[2026-08-13T22:35:11.268Z] [DEBUG] Loaded command: untimeout
[2026-08-13T22:35:11.268Z] [DEBUG] Loaded command: unvmute
[2026-08-13T22:35:11.268Z] [DEBUG] Loaded command: userinfo
[2026-08-13T22:35:11.269Z] [DEBUG] Loaded command: vmute
[2026-08-13T22:35:11.269Z] [DEBUG] Loaded command: volume
[2026-08-13T22:35:11.269Z] [DEBUG] Loaded command: warn
[2026-08-13T22:35:11.270Z] [DEBUG] Loaded command: warnings
[2026-08-13T22:35:11.271Z] [DEBUG] Loaded command: welcome
[2026-08-13T22:35:11.271Z] [DEBUG] Loaded command: whitelist
[2026-08-13T22:35:11.271Z] [DEBUG] Loaded command: work
[2026-08-13T22:35:11.272Z] [DEBUG] Loaded command: wouldyourather
[2026-08-13T22:35:11.272Z] [INFO] Running startup diagnostics...
[2026-08-13T22:35:11.272Z] [DEBUG] [PASS] Environment Variables
[2026-08-13T22:35:11.272Z] [DEBUG] [PASS] Commands Directory
[2026-08-13T22:35:11.272Z] [DEBUG] [PASS] Database Connection
[2026-08-13T22:35:11.361Z] [INFO] Music extractors loaded
[2026-08-13T22:35:11.363Z] [DEBUG] Loaded Client Event: guildMemberUpdate
[2026-08-13T22:35:11.363Z] [DEBUG] Loaded Client Event: guildUpdate
[2026-08-13T22:35:11.363Z] [DEBUG] Loaded Client Event: guildBanAdd
[2026-08-13T22:35:11.363Z] [DEBUG] Loaded Client Event: guildBanRemove
[2026-08-13T22:35:11.363Z] [DEBUG] Loaded Client Event: channelCreate
[2026-08-13T22:35:11.363Z] [DEBUG] Loaded Client Event: channelDelete
[2026-08-13T22:35:11.364Z] [DEBUG] Loaded Client Event: emojiCreate
[2026-08-13T22:35:11.364Z] [DEBUG] Loaded Client Event: emojiDelete
[2026-08-13T22:35:11.364Z] [DEBUG] Loaded Client Event: emojiUpdate
[2026-08-13T22:35:11.364Z] [DEBUG] Loaded Client Event: stickerCreate
[2026-08-13T22:35:11.364Z] [DEBUG] Loaded Client Event: stickerDelete
[2026-08-13T22:35:11.365Z] [DEBUG] Loaded Client Event: interactionCreate
[2026-08-13T22:35:11.365Z] [DEBUG] Loaded Client Event: guildMemberAdd
[2026-08-13T22:35:11.365Z] [DEBUG] Loaded Client Event: guildMemberRemove
[2026-08-13T22:35:11.366Z] [DEBUG] Loaded Client Event: inviteCreate
[2026-08-13T22:35:11.366Z] [DEBUG] Loaded Client Event: inviteDelete
[2026-08-13T22:35:11.366Z] [DEBUG] Loaded Client Event: messageCreate
[2026-08-13T22:35:11.366Z] [DEBUG] Loaded Client Event: messageDelete
[2026-08-13T22:35:11.366Z] [DEBUG] Loaded Client Event: messageUpdate
[2026-08-13T22:35:11.367Z] [DEBUG] Loaded Client Event: messageReactionAdd
[2026-08-13T22:35:11.367Z] [DEBUG] Loaded Client Event: messageReactionRemove
[2026-08-13T22:35:11.367Z] [DEBUG] Loaded Client Event: clientReady
[2026-08-13T22:35:11.367Z] [DEBUG] Loaded Client Event: roleCreate
[2026-08-13T22:35:11.367Z] [DEBUG] Loaded Client Event: roleDelete
[2026-08-13T22:35:11.367Z] [DEBUG] Loaded Client Event: roleUpdate
[2026-08-13T22:35:11.368Z] [DEBUG] Loaded Client Event: threadCreate
[2026-08-13T22:35:11.368Z] [DEBUG] Loaded Client Event: threadDelete
[2026-08-13T22:35:11.368Z] [DEBUG] Loaded Client Event: voiceStateUpdate
[2026-08-13T22:35:11.369Z] [DEBUG] Loaded Player Event: audioTrackAdd
[2026-08-13T22:35:11.369Z] [DEBUG] Loaded Player Event: audioTracksAdd
[2026-08-13T22:35:11.369Z] [DEBUG] Loaded Player Event: disconnect
[2026-08-13T22:35:11.369Z] [DEBUG] Loaded Player Event: emptyChannel
[2026-08-13T22:35:11.369Z] [DEBUG] Loaded Player Event: emptyQueue
[2026-08-13T22:35:11.370Z] [DEBUG] Loaded Player Event: error
[2026-08-13T22:35:11.370Z] [DEBUG] Loaded Player Event: playerError
[2026-08-13T22:35:11.370Z] [DEBUG] Loaded Player Event: playerSkip
[2026-08-13T22:35:11.370Z] [DEBUG] Loaded Player Event: playerStart
[2026-08-13T22:35:11.371Z] [DEBUG] Scheduler job "timed-bans" started (interval: 60000ms)
[2026-08-13T22:35:11.371Z] [DEBUG] Scheduler job "giveaways" started (interval: 10000ms)
[2026-08-13T22:35:11.371Z] [DEBUG] Scheduler job "birthdays" started (interval: 3600000ms)
[2026-08-13T22:35:11.371Z] [DEBUG] Scheduler job "birthday-roles" started (interval: 3600000ms)
[2026-08-13T22:35:11.371Z] [DEBUG] Scheduler job "reminders" started (interval: 15000ms)
[2026-08-13T22:35:11.371Z] [DEBUG] Scheduler job "map-cleanup" started (interval: 3600000ms)
[2026-08-13T22:35:11.371Z] [DEBUG] Scheduler job "verification-kick" started (interval: 60000ms)
[2026-08-13T22:35:11.371Z] [DEBUG] Scheduler job "public-url" started (interval: 15000ms)
[2026-08-13T22:35:11.439Z] [INFO] ✨ Dashboard active at http://0.0.0.0:3000
[2026-08-13T22:35:12.514Z] [INFO] Bot logged in as 𝑬𝑩#8552
[2026-08-13T22:35:12.717Z] [DEBUG] Cached 3 invites for guild: 𝑬𝑩 𝑺𝒕𝒐𝒓𝒆
[2026-08-13T22:35:12.952Z] [DEBUG] Cached 2 invites for guild: 𝑬𝑩
[2026-08-13T22:38:26.402Z] [INFO] Dashboard public URL changed: https://attachments-shot-ted-click.trycloudflare.com
[2026-08-13T22:41:05.865Z] [INFO] Dashboard public URL changed: https://casey-abstracts-adopt-vacation.trycloudflare.com
[2026-08-13T22:43:49.551Z] [DEBUG] Loaded command: afk
[2026-08-13T22:43:49.552Z] [DEBUG] Loaded command: announce
[2026-08-13T22:43:49.553Z] [DEBUG] Loaded command: automod
[2026-08-13T22:43:49.554Z] [DEBUG] Loaded command: autoplay
[2026-08-13T22:43:49.554Z] [DEBUG] Loaded command: avatar
[2026-08-13T22:43:49.555Z] [DEBUG] Loaded command: badges
[2026-08-13T22:43:49.555Z] [DEBUG] Loaded command: ban
[2026-08-13T22:43:49.556Z] [DEBUG] Loaded command: banner
[2026-08-13T22:43:49.556Z] [DEBUG] Loaded command: birthday
[2026-08-13T22:43:49.557Z] [DEBUG] Loaded command: birthdaysettings
[2026-08-13T22:43:49.558Z] [DEBUG] Loaded command: channelinfo
[2026-08-13T22:43:49.558Z] [DEBUG] Loaded command: clear
[2026-08-13T22:43:49.559Z] [DEBUG] Loaded command: coinflip
[2026-08-13T22:43:49.559Z] [DEBUG] Loaded command: confess
[2026-08-13T22:43:49.560Z] [DEBUG] Loaded command: credits
[2026-08-13T22:43:49.560Z] [DEBUG] Loaded command: daily
[2026-08-13T22:43:49.583Z] [DEBUG] Loaded command: define
[2026-08-13T22:43:49.584Z] [DEBUG] Loaded command: editsnipe
[2026-08-13T22:43:49.584Z] [DEBUG] Loaded command: filters
[2026-08-13T22:43:49.585Z] [DEBUG] Loaded command: firstmessage
[2026-08-13T22:43:49.586Z] [DEBUG] Loaded command: fun
[2026-08-13T22:43:49.589Z] [DEBUG] Loaded command: games
[2026-08-13T22:43:49.590Z] [DEBUG] Loaded command: giveaway
[2026-08-13T22:43:49.591Z] [DEBUG] Loaded command: givexp
[2026-08-13T22:43:49.591Z] [DEBUG] Loaded command: help
[2026-08-13T22:43:49.592Z] [DEBUG] Loaded command: info
[2026-08-13T22:43:49.592Z] [DEBUG] Loaded command: invites
[2026-08-13T22:43:49.592Z] [DEBUG] Loaded command: jumbo
[2026-08-13T22:43:49.593Z] [DEBUG] Loaded command: kick
[2026-08-13T22:43:49.593Z] [DEBUG] Loaded command: leaderboard
[2026-08-13T22:43:49.593Z] [DEBUG] Loaded command: leave
[2026-08-13T22:43:49.594Z] [DEBUG] Loaded command: levelsettings
[2026-08-13T22:43:49.595Z] [DEBUG] Loaded command: lock
[2026-08-13T22:43:49.595Z] [DEBUG] Loaded command: lockdown
[2026-08-13T22:43:49.596Z] [DEBUG] Loaded command: logging
[2026-08-13T22:43:49.597Z] [DEBUG] Loaded command: loop
[2026-08-13T22:43:49.597Z] [DEBUG] Loaded command: lyrics
[2026-08-13T22:43:49.597Z] [DEBUG] Loaded command: math
[2026-08-13T22:43:49.598Z] [DEBUG] Loaded command: membercount
[2026-08-13T22:43:49.598Z] [DEBUG] Loaded command: move
[2026-08-13T22:43:49.599Z] [DEBUG] Loaded command: note
[2026-08-13T22:43:49.599Z] [DEBUG] Loaded command: nowplaying
[2026-08-13T22:43:49.599Z] [DEBUG] Loaded command: pause
[2026-08-13T22:43:49.600Z] [DEBUG] Loaded command: pay
[2026-08-13T22:43:49.600Z] [DEBUG] Loaded command: ping
[2026-08-13T22:43:49.600Z] [DEBUG] Loaded command: play
[2026-08-13T22:43:49.601Z] [DEBUG] Loaded command: points
[2026-08-13T22:43:49.601Z] [DEBUG] Loaded command: poll
[2026-08-13T22:43:49.601Z] [DEBUG] Loaded command: qr
[2026-08-13T22:43:49.601Z] [DEBUG] Loaded command: queue
[2026-08-13T22:43:49.618Z] [DEBUG] Loaded command: rank
[2026-08-13T22:43:49.619Z] [DEBUG] Loaded command: reactionrole
[2026-08-13T22:43:49.620Z] [DEBUG] Loaded command: remind
[2026-08-13T22:43:49.620Z] [DEBUG] Loaded command: reminders
[2026-08-13T22:43:49.620Z] [DEBUG] Loaded command: remove
[2026-08-13T22:43:49.621Z] [DEBUG] Loaded command: removewarn
[2026-08-13T22:43:49.621Z] [DEBUG] Loaded command: rep
[2026-08-13T22:43:49.621Z] [DEBUG] Loaded command: replay
[2026-08-13T22:43:49.622Z] [DEBUG] Loaded command: resetxp
[2026-08-13T22:43:49.622Z] [DEBUG] Loaded command: resume
[2026-08-13T22:43:49.622Z] [DEBUG] Loaded command: role
[2026-08-13T22:43:49.623Z] [DEBUG] Loaded command: roleinfo
[2026-08-13T22:43:49.623Z] [DEBUG] Loaded command: roll
[2026-08-13T22:43:49.623Z] [DEBUG] Loaded command: say
[2026-08-13T22:43:49.624Z] [DEBUG] Loaded command: seek
[2026-08-13T22:43:49.624Z] [DEBUG] Loaded command: serverinfo
[2026-08-13T22:43:49.624Z] [DEBUG] Loaded command: serverstats
[2026-08-13T22:43:49.624Z] [DEBUG] Loaded command: setlevel
[2026-08-13T22:43:49.625Z] [DEBUG] Loaded command: setnick
[2026-08-13T22:43:49.625Z] [DEBUG] Loaded command: setupverification
[2026-08-13T22:43:49.626Z] [DEBUG] Loaded command: ship
[2026-08-13T22:43:49.626Z] [DEBUG] Loaded command: shuffle
[2026-08-13T22:43:49.626Z] [DEBUG] Loaded command: skip
[2026-08-13T22:43:49.626Z] [DEBUG] Loaded command: slots
[2026-08-13T22:43:49.627Z] [DEBUG] Loaded command: slowmode
[2026-08-13T22:43:49.627Z] [DEBUG] Loaded command: snipe
[2026-08-13T22:43:49.627Z] [DEBUG] Loaded command: softban
[2026-08-13T22:43:49.628Z] [DEBUG] Loaded command: stats
[2026-08-13T22:43:49.628Z] [DEBUG] Loaded command: steal
[2026-08-13T22:43:49.628Z] [DEBUG] Loaded command: stop
[2026-08-13T22:43:49.628Z] [DEBUG] Loaded command: streak
[2026-08-13T22:43:49.629Z] [DEBUG] Loaded command: suggest
[2026-08-13T22:43:49.630Z] [DEBUG] Loaded command: tag
[2026-08-13T22:43:49.630Z] [DEBUG] Loaded command: ticket
[2026-08-13T22:43:49.631Z] [DEBUG] Loaded command: timeout
[2026-08-13T22:43:49.633Z] [DEBUG] Loaded command: tools
[2026-08-13T22:43:49.633Z] [DEBUG] Loaded command: truthordare
[2026-08-13T22:43:49.634Z] [DEBUG] Loaded command: unban
[2026-08-13T22:43:49.634Z] [DEBUG] Loaded command: unlock
[2026-08-13T22:43:49.634Z] [DEBUG] Loaded command: untimeout
[2026-08-13T22:43:49.635Z] [DEBUG] Loaded command: unvmute
[2026-08-13T22:43:49.635Z] [DEBUG] Loaded command: userinfo
[2026-08-13T22:43:49.635Z] [DEBUG] Loaded command: vmute
[2026-08-13T22:43:49.636Z] [DEBUG] Loaded command: volume
[2026-08-13T22:43:49.636Z] [DEBUG] Loaded command: warn
[2026-08-13T22:43:49.637Z] [DEBUG] Loaded command: warnings
[2026-08-13T22:43:49.637Z] [DEBUG] Loaded command: welcome
[2026-08-13T22:43:49.638Z] [DEBUG] Loaded command: whitelist
[2026-08-13T22:43:49.638Z] [DEBUG] Loaded command: work
[2026-08-13T22:43:49.638Z] [DEBUG] Loaded command: wouldyourather
[2026-08-13T22:43:49.638Z] [INFO] Running startup diagnostics...
[2026-08-13T22:43:49.638Z] [DEBUG] [PASS] Environment Variables
[2026-08-13T22:43:49.638Z] [DEBUG] [PASS] Commands Directory
[2026-08-13T22:43:49.638Z] [DEBUG] [PASS] Database Connection
[2026-08-13T22:43:49.721Z] [INFO] Music extractors loaded
[2026-08-13T22:43:49.722Z] [DEBUG] Loaded Client Event: guildMemberUpdate
[2026-08-13T22:43:49.722Z] [DEBUG] Loaded Client Event: guildUpdate
[2026-08-13T22:43:49.722Z] [DEBUG] Loaded Client Event: guildBanAdd
[2026-08-13T22:43:49.722Z] [DEBUG] Loaded Client Event: guildBanRemove
[2026-08-13T22:43:49.722Z] [DEBUG] Loaded Client Event: channelCreate
[2026-08-13T22:43:49.722Z] [DEBUG] Loaded Client Event: channelDelete
[2026-08-13T22:43:49.723Z] [DEBUG] Loaded Client Event: emojiCreate
[2026-08-13T22:43:49.723Z] [DEBUG] Loaded Client Event: emojiDelete
[2026-08-13T22:43:49.723Z] [DEBUG] Loaded Client Event: emojiUpdate
[2026-08-13T22:43:49.723Z] [DEBUG] Loaded Client Event: stickerCreate
[2026-08-13T22:43:49.723Z] [DEBUG] Loaded Client Event: stickerDelete
[2026-08-13T22:43:49.724Z] [DEBUG] Loaded Client Event: interactionCreate
[2026-08-13T22:43:49.725Z] [DEBUG] Loaded Client Event: guildMemberAdd
[2026-08-13T22:43:49.725Z] [DEBUG] Loaded Client Event: guildMemberRemove
[2026-08-13T22:43:49.725Z] [DEBUG] Loaded Client Event: inviteCreate
[2026-08-13T22:43:49.725Z] [DEBUG] Loaded Client Event: inviteDelete
[2026-08-13T22:43:49.726Z] [DEBUG] Loaded Client Event: messageCreate
[2026-08-13T22:43:49.726Z] [DEBUG] Loaded Client Event: messageDelete
[2026-08-13T22:43:49.726Z] [DEBUG] Loaded Client Event: messageUpdate
[2026-08-13T22:43:49.726Z] [DEBUG] Loaded Client Event: messageReactionAdd
[2026-08-13T22:43:49.726Z] [DEBUG] Loaded Client Event: messageReactionRemove
[2026-08-13T22:43:49.727Z] [DEBUG] Loaded Client Event: clientReady
[2026-08-13T22:43:49.727Z] [DEBUG] Loaded Client Event: roleCreate
[2026-08-13T22:43:49.727Z] [DEBUG] Loaded Client Event: roleDelete
[2026-08-13T22:43:49.727Z] [DEBUG] Loaded Client Event: roleUpdate
[2026-08-13T22:43:49.727Z] [DEBUG] Loaded Client Event: threadCreate
[2026-08-13T22:43:49.727Z] [DEBUG] Loaded Client Event: threadDelete
[2026-08-13T22:43:49.728Z] [DEBUG] Loaded Client Event: voiceStateUpdate
[2026-08-13T22:43:49.728Z] [DEBUG] Loaded Player Event: audioTrackAdd
[2026-08-13T22:43:49.728Z] [DEBUG] Loaded Player Event: audioTracksAdd
[2026-08-13T22:43:49.728Z] [DEBUG] Loaded Player Event: disconnect
[2026-08-13T22:43:49.729Z] [DEBUG] Loaded Player Event: emptyChannel
[2026-08-13T22:43:49.729Z] [DEBUG] Loaded Player Event: emptyQueue
[2026-08-13T22:43:49.729Z] [DEBUG] Loaded Player Event: error
[2026-08-13T22:43:49.729Z] [DEBUG] Loaded Player Event: playerError
[2026-08-13T22:43:49.729Z] [DEBUG] Loaded Player Event: playerSkip
[2026-08-13T22:43:49.730Z] [DEBUG] Loaded Player Event: playerStart
[2026-08-13T22:43:49.730Z] [DEBUG] Scheduler job "timed-bans" started (interval: 60000ms)
[2026-08-13T22:43:49.730Z] [DEBUG] Scheduler job "giveaways" started (interval: 10000ms)
[2026-08-13T22:43:49.730Z] [DEBUG] Scheduler job "birthdays" started (interval: 3600000ms)
[2026-08-13T22:43:49.730Z] [DEBUG] Scheduler job "birthday-roles" started (interval: 3600000ms)
[2026-08-13T22:43:49.730Z] [DEBUG] Scheduler job "reminders" started (interval: 15000ms)
[2026-08-13T22:43:49.730Z] [DEBUG] Scheduler job "map-cleanup" started (interval: 3600000ms)
[2026-08-13T22:43:49.730Z] [DEBUG] Scheduler job "verification-kick" started (interval: 60000ms)
[2026-08-13T22:43:49.730Z] [DEBUG] Scheduler job "public-url" started (interval: 15000ms)
[2026-08-13T22:43:49.796Z] [INFO] ✨ Dashboard active at http://0.0.0.0:3000
[2026-08-13T22:43:50.399Z] [INFO] Bot logged in as 𝑬𝑩#8552
[2026-08-13T22:43:50.573Z] [DEBUG] Cached 3 invites for guild: 𝑬𝑩 𝑺𝒕𝒐𝒓𝒆
[2026-08-13T22:43:50.771Z] [DEBUG] Cached 2 invites for guild: 𝑬𝑩
[2026-08-13T22:46:30.245Z] [INFO] Dashboard public URL changed: https://captured-custom-sql-workshop.trycloudflare.com
[2026-08-13T22:48:22.951Z] [DEBUG] Loaded command: afk
[2026-08-13T22:48:22.952Z] [DEBUG] Loaded command: announce
[2026-08-13T22:48:22.954Z] [DEBUG] Loaded command: automod
[2026-08-13T22:48:22.954Z] [DEBUG] Loaded command: autoplay
[2026-08-13T22:48:22.955Z] [DEBUG] Loaded command: avatar
[2026-08-13T22:48:22.955Z] [DEBUG] Loaded command: badges
[2026-08-13T22:48:22.956Z] [DEBUG] Loaded command: ban
[2026-08-13T22:48:22.956Z] [DEBUG] Loaded command: banner
[2026-08-13T22:48:22.957Z] [DEBUG] Loaded command: birthday
[2026-08-13T22:48:22.958Z] [DEBUG] Loaded command: birthdaysettings
[2026-08-13T22:48:22.958Z] [DEBUG] Loaded command: channelinfo
[2026-08-13T22:48:22.959Z] [DEBUG] Loaded command: clear
[2026-08-13T22:48:22.959Z] [DEBUG] Loaded command: coinflip
[2026-08-13T22:48:22.960Z] [DEBUG] Loaded command: confess
[2026-08-13T22:48:22.960Z] [DEBUG] Loaded command: credits
[2026-08-13T22:48:22.961Z] [DEBUG] Loaded command: daily
[2026-08-13T22:48:22.985Z] [DEBUG] Loaded command: define
[2026-08-13T22:48:22.986Z] [DEBUG] Loaded command: editsnipe
[2026-08-13T22:48:22.986Z] [DEBUG] Loaded command: filters
[2026-08-13T22:48:22.987Z] [DEBUG] Loaded command: firstmessage
[2026-08-13T22:48:22.988Z] [DEBUG] Loaded command: fun
[2026-08-13T22:48:22.991Z] [DEBUG] Loaded command: games
[2026-08-13T22:48:22.992Z] [DEBUG] Loaded command: giveaway
[2026-08-13T22:48:22.993Z] [DEBUG] Loaded command: givexp
[2026-08-13T22:48:22.993Z] [DEBUG] Loaded command: help
[2026-08-13T22:48:22.994Z] [DEBUG] Loaded command: info
[2026-08-13T22:48:22.994Z] [DEBUG] Loaded command: invites
[2026-08-13T22:48:22.994Z] [DEBUG] Loaded command: jumbo
[2026-08-13T22:48:22.995Z] [DEBUG] Loaded command: kick
[2026-08-13T22:48:22.995Z] [DEBUG] Loaded command: leaderboard
[2026-08-13T22:48:22.996Z] [DEBUG] Loaded command: leave
[2026-08-13T22:48:22.997Z] [DEBUG] Loaded command: levelsettings
[2026-08-13T22:48:22.997Z] [DEBUG] Loaded command: lock
[2026-08-13T22:48:22.997Z] [DEBUG] Loaded command: lockdown
[2026-08-13T22:48:22.998Z] [DEBUG] Loaded command: logging
[2026-08-13T22:48:22.999Z] [DEBUG] Loaded command: loop
[2026-08-13T22:48:22.999Z] [DEBUG] Loaded command: lyrics
[2026-08-13T22:48:23.000Z] [DEBUG] Loaded command: math
[2026-08-13T22:48:23.000Z] [DEBUG] Loaded command: membercount
[2026-08-13T22:48:23.000Z] [DEBUG] Loaded command: move
[2026-08-13T22:48:23.001Z] [DEBUG] Loaded command: note
[2026-08-13T22:48:23.001Z] [DEBUG] Loaded command: nowplaying
[2026-08-13T22:48:23.002Z] [DEBUG] Loaded command: pause
[2026-08-13T22:48:23.002Z] [DEBUG] Loaded command: pay
[2026-08-13T22:48:23.002Z] [DEBUG] Loaded command: ping
[2026-08-13T22:48:23.003Z] [DEBUG] Loaded command: play
[2026-08-13T22:48:23.003Z] [DEBUG] Loaded command: points
[2026-08-13T22:48:23.003Z] [DEBUG] Loaded command: poll
[2026-08-13T22:48:23.004Z] [DEBUG] Loaded command: qr
[2026-08-13T22:48:23.004Z] [DEBUG] Loaded command: queue
[2026-08-13T22:48:23.021Z] [DEBUG] Loaded command: rank
[2026-08-13T22:48:23.022Z] [DEBUG] Loaded command: reactionrole
[2026-08-13T22:48:23.022Z] [DEBUG] Loaded command: remind
[2026-08-13T22:48:23.022Z] [DEBUG] Loaded command: reminders
[2026-08-13T22:48:23.023Z] [DEBUG] Loaded command: remove
[2026-08-13T22:48:23.023Z] [DEBUG] Loaded command: removewarn
[2026-08-13T22:48:23.023Z] [DEBUG] Loaded command: rep
[2026-08-13T22:48:23.024Z] [DEBUG] Loaded command: replay
[2026-08-13T22:48:23.024Z] [DEBUG] Loaded command: resetxp
[2026-08-13T22:48:23.024Z] [DEBUG] Loaded command: resume
[2026-08-13T22:48:23.025Z] [DEBUG] Loaded command: role
[2026-08-13T22:48:23.025Z] [DEBUG] Loaded command: roleinfo
[2026-08-13T22:48:23.025Z] [DEBUG] Loaded command: roll
[2026-08-13T22:48:23.026Z] [DEBUG] Loaded command: say
[2026-08-13T22:48:23.026Z] [DEBUG] Loaded command: seek
[2026-08-13T22:48:23.026Z] [DEBUG] Loaded command: serverinfo
[2026-08-13T22:48:23.027Z] [DEBUG] Loaded command: serverstats
[2026-08-13T22:48:23.027Z] [DEBUG] Loaded command: setlevel
[2026-08-13T22:48:23.027Z] [DEBUG] Loaded command: setnick
[2026-08-13T22:48:23.028Z] [DEBUG] Loaded command: setupverification
[2026-08-13T22:48:23.028Z] [DEBUG] Loaded command: ship
[2026-08-13T22:48:23.029Z] [DEBUG] Loaded command: shuffle
[2026-08-13T22:48:23.029Z] [DEBUG] Loaded command: skip
[2026-08-13T22:48:23.029Z] [DEBUG] Loaded command: slots
[2026-08-13T22:48:23.029Z] [DEBUG] Loaded command: slowmode
[2026-08-13T22:48:23.030Z] [DEBUG] Loaded command: snipe
[2026-08-13T22:48:23.030Z] [DEBUG] Loaded command: softban
[2026-08-13T22:48:23.030Z] [DEBUG] Loaded command: stats
[2026-08-13T22:48:23.031Z] [DEBUG] Loaded command: steal
[2026-08-13T22:48:23.031Z] [DEBUG] Loaded command: stop
[2026-08-13T22:48:23.031Z] [DEBUG] Loaded command: streak
[2026-08-13T22:48:23.032Z] [DEBUG] Loaded command: suggest
[2026-08-13T22:48:23.032Z] [DEBUG] Loaded command: tag
[2026-08-13T22:48:23.033Z] [DEBUG] Loaded command: ticket
[2026-08-13T22:48:23.034Z] [DEBUG] Loaded command: timeout
[2026-08-13T22:48:23.036Z] [DEBUG] Loaded command: tools
[2026-08-13T22:48:23.036Z] [DEBUG] Loaded command: truthordare
[2026-08-13T22:48:23.037Z] [DEBUG] Loaded command: unban
[2026-08-13T22:48:23.037Z] [DEBUG] Loaded command: unlock
[2026-08-13T22:48:23.037Z] [DEBUG] Loaded command: untimeout
[2026-08-13T22:48:23.038Z] [DEBUG] Loaded command: unvmute
[2026-08-13T22:48:23.038Z] [DEBUG] Loaded command: userinfo
[2026-08-13T22:48:23.038Z] [DEBUG] Loaded command: vmute
[2026-08-13T22:48:23.039Z] [DEBUG] Loaded command: volume
[2026-08-13T22:48:23.039Z] [DEBUG] Loaded command: warn
[2026-08-13T22:48:23.040Z] [DEBUG] Loaded command: warnings
[2026-08-13T22:48:23.040Z] [DEBUG] Loaded command: welcome
[2026-08-13T22:48:23.041Z] [DEBUG] Loaded command: whitelist
[2026-08-13T22:48:23.041Z] [DEBUG] Loaded command: work
[2026-08-13T22:48:23.041Z] [DEBUG] Loaded command: wouldyourather
[2026-08-13T22:48:23.041Z] [INFO] Running startup diagnostics...
[2026-08-13T22:48:23.041Z] [DEBUG] [PASS] Environment Variables
[2026-08-13T22:48:23.041Z] [DEBUG] [PASS] Commands Directory
[2026-08-13T22:48:23.041Z] [DEBUG] [PASS] Database Connection
[2026-08-13T22:48:23.123Z] [INFO] Music extractors loaded
[2026-08-13T22:48:23.124Z] [DEBUG] Loaded Client Event: guildMemberUpdate
[2026-08-13T22:48:23.124Z] [DEBUG] Loaded Client Event: guildUpdate
[2026-08-13T22:48:23.124Z] [DEBUG] Loaded Client Event: guildBanAdd
[2026-08-13T22:48:23.124Z] [DEBUG] Loaded Client Event: guildBanRemove
[2026-08-13T22:48:23.124Z] [DEBUG] Loaded Client Event: channelCreate
[2026-08-13T22:48:23.124Z] [DEBUG] Loaded Client Event: channelDelete
[2026-08-13T22:48:23.125Z] [DEBUG] Loaded Client Event: emojiCreate
[2026-08-13T22:48:23.125Z] [DEBUG] Loaded Client Event: emojiDelete
[2026-08-13T22:48:23.125Z] [DEBUG] Loaded Client Event: emojiUpdate
[2026-08-13T22:48:23.125Z] [DEBUG] Loaded Client Event: stickerCreate
[2026-08-13T22:48:23.125Z] [DEBUG] Loaded Client Event: stickerDelete
[2026-08-13T22:48:23.126Z] [DEBUG] Loaded Client Event: interactionCreate
[2026-08-13T22:48:23.126Z] [DEBUG] Loaded Client Event: guildMemberAdd
[2026-08-13T22:48:23.126Z] [DEBUG] Loaded Client Event: guildMemberRemove
[2026-08-13T22:48:23.127Z] [DEBUG] Loaded Client Event: inviteCreate
[2026-08-13T22:48:23.127Z] [DEBUG] Loaded Client Event: inviteDelete
[2026-08-13T22:48:23.127Z] [DEBUG] Loaded Client Event: messageCreate
[2026-08-13T22:48:23.127Z] [DEBUG] Loaded Client Event: messageDelete
[2026-08-13T22:48:23.127Z] [DEBUG] Loaded Client Event: messageUpdate
[2026-08-13T22:48:23.128Z] [DEBUG] Loaded Client Event: messageReactionAdd
[2026-08-13T22:48:23.128Z] [DEBUG] Loaded Client Event: messageReactionRemove
[2026-08-13T22:48:23.128Z] [DEBUG] Loaded Client Event: clientReady
[2026-08-13T22:48:23.128Z] [DEBUG] Loaded Client Event: roleCreate
[2026-08-13T22:48:23.128Z] [DEBUG] Loaded Client Event: roleDelete
[2026-08-13T22:48:23.128Z] [DEBUG] Loaded Client Event: roleUpdate
[2026-08-13T22:48:23.128Z] [DEBUG] Loaded Client Event: threadCreate
[2026-08-13T22:48:23.129Z] [DEBUG] Loaded Client Event: threadDelete
[2026-08-13T22:48:23.129Z] [DEBUG] Loaded Client Event: voiceStateUpdate
[2026-08-13T22:48:23.129Z] [DEBUG] Loaded Player Event: audioTrackAdd
[2026-08-13T22:48:23.129Z] [DEBUG] Loaded Player Event: audioTracksAdd
[2026-08-13T22:48:23.130Z] [DEBUG] Loaded Player Event: disconnect
[2026-08-13T22:48:23.130Z] [DEBUG] Loaded Player Event: emptyChannel
[2026-08-13T22:48:23.130Z] [DEBUG] Loaded Player Event: emptyQueue
[2026-08-13T22:48:23.130Z] [DEBUG] Loaded Player Event: error
[2026-08-13T22:48:23.131Z] [DEBUG] Loaded Player Event: playerError
[2026-08-13T22:48:23.131Z] [DEBUG] Loaded Player Event: playerSkip
[2026-08-13T22:48:23.131Z] [DEBUG] Loaded Player Event: playerStart
[2026-08-13T22:48:23.131Z] [DEBUG] Scheduler job "timed-bans" started (interval: 60000ms)
[2026-08-13T22:48:23.131Z] [DEBUG] Scheduler job "giveaways" started (interval: 10000ms)
[2026-08-13T22:48:23.131Z] [DEBUG] Scheduler job "birthdays" started (interval: 3600000ms)
[2026-08-13T22:48:23.131Z] [DEBUG] Scheduler job "birthday-roles" started (interval: 3600000ms)
[2026-08-13T22:48:23.131Z] [DEBUG] Scheduler job "reminders" started (interval: 15000ms)
[2026-08-13T22:48:23.131Z] [DEBUG] Scheduler job "map-cleanup" started (interval: 3600000ms)
[2026-08-13T22:48:23.132Z] [DEBUG] Scheduler job "verification-kick" started (interval: 60000ms)
[2026-08-13T22:48:23.132Z] [DEBUG] Scheduler job "public-url" started (interval: 15000ms)
[2026-08-13T22:48:23.193Z] [INFO] ✨ Dashboard active at http://0.0.0.0:3000
[2026-08-13T22:48:23.966Z] [INFO] Bot logged in as 𝑬𝑩#8552
[2026-08-13T22:48:24.143Z] [DEBUG] Cached 3 invites for guild: 𝑬𝑩 𝑺𝒕𝒐𝒓𝒆
[2026-08-13T22:48:24.388Z] [DEBUG] Cached 2 invites for guild: 𝑬𝑩
[2026-08-13T22:49:44.136Z] [INFO] Dashboard public URL changed: https://conjunction-motorcycles-recipient-accent.trycloudflare.com
[2026-08-13T22:52:18.876Z] [INFO] Dashboard public URL changed: https://silly-recommends-sorts-reel.trycloudflare.com
[2026-08-13T22:54:38.787Z] [INFO] Dashboard public URL changed: https://question-standing-unavailable-listings.trycloudflare.com
[2026-08-13T22:55:38.274Z] [DEBUG] Loaded command: afk
[2026-08-13T22:55:38.276Z] [DEBUG] Loaded command: announce
[2026-08-13T22:55:38.277Z] [DEBUG] Loaded command: automod
[2026-08-13T22:55:38.278Z] [DEBUG] Loaded command: autoplay
[2026-08-13T22:55:38.278Z] [DEBUG] Loaded command: avatar
[2026-08-13T22:55:38.279Z] [DEBUG] Loaded command: badges
[2026-08-13T22:55:38.279Z] [DEBUG] Loaded command: ban
[2026-08-13T22:55:38.280Z] [DEBUG] Loaded command: banner
[2026-08-13T22:55:38.281Z] [DEBUG] Loaded command: birthday
[2026-08-13T22:55:38.282Z] [DEBUG] Loaded command: birthdaysettings
[2026-08-13T22:55:38.282Z] [DEBUG] Loaded command: channelinfo
[2026-08-13T22:55:38.282Z] [DEBUG] Loaded command: clear
[2026-08-13T22:55:38.283Z] [DEBUG] Loaded command: coinflip
[2026-08-13T22:55:38.283Z] [DEBUG] Loaded command: confess
[2026-08-13T22:55:38.284Z] [DEBUG] Loaded command: credits
[2026-08-13T22:55:38.284Z] [DEBUG] Loaded command: daily
[2026-08-13T22:55:38.307Z] [DEBUG] Loaded command: define
[2026-08-13T22:55:38.308Z] [DEBUG] Loaded command: editsnipe
[2026-08-13T22:55:38.308Z] [DEBUG] Loaded command: filters
[2026-08-13T22:55:38.309Z] [DEBUG] Loaded command: firstmessage
[2026-08-13T22:55:38.310Z] [DEBUG] Loaded command: fun
[2026-08-13T22:55:38.313Z] [DEBUG] Loaded command: games
[2026-08-13T22:55:38.314Z] [DEBUG] Loaded command: giveaway
[2026-08-13T22:55:38.315Z] [DEBUG] Loaded command: givexp
[2026-08-13T22:55:38.315Z] [DEBUG] Loaded command: help
[2026-08-13T22:55:38.315Z] [DEBUG] Loaded command: info
[2026-08-13T22:55:38.316Z] [DEBUG] Loaded command: invites
[2026-08-13T22:55:38.316Z] [DEBUG] Loaded command: jumbo
[2026-08-13T22:55:38.316Z] [DEBUG] Loaded command: kick
[2026-08-13T22:55:38.317Z] [DEBUG] Loaded command: leaderboard
[2026-08-13T22:55:38.317Z] [DEBUG] Loaded command: leave
[2026-08-13T22:55:38.318Z] [DEBUG] Loaded command: levelsettings
[2026-08-13T22:55:38.318Z] [DEBUG] Loaded command: lock
[2026-08-13T22:55:38.319Z] [DEBUG] Loaded command: lockdown
[2026-08-13T22:55:38.320Z] [DEBUG] Loaded command: logging
[2026-08-13T22:55:38.320Z] [DEBUG] Loaded command: loop
[2026-08-13T22:55:38.321Z] [DEBUG] Loaded command: lyrics
[2026-08-13T22:55:38.321Z] [DEBUG] Loaded command: math
[2026-08-13T22:55:38.321Z] [DEBUG] Loaded command: membercount
[2026-08-13T22:55:38.322Z] [DEBUG] Loaded command: move
[2026-08-13T22:55:38.322Z] [DEBUG] Loaded command: note
[2026-08-13T22:55:38.323Z] [DEBUG] Loaded command: nowplaying
[2026-08-13T22:55:38.323Z] [DEBUG] Loaded command: pause
[2026-08-13T22:55:38.323Z] [DEBUG] Loaded command: pay
[2026-08-13T22:55:38.324Z] [DEBUG] Loaded command: ping
[2026-08-13T22:55:38.324Z] [DEBUG] Loaded command: play
[2026-08-13T22:55:38.324Z] [DEBUG] Loaded command: points
[2026-08-13T22:55:38.325Z] [DEBUG] Loaded command: poll
[2026-08-13T22:55:38.325Z] [DEBUG] Loaded command: qr
[2026-08-13T22:55:38.325Z] [DEBUG] Loaded command: queue
[2026-08-13T22:55:38.342Z] [DEBUG] Loaded command: rank
[2026-08-13T22:55:38.342Z] [DEBUG] Loaded command: reactionrole
[2026-08-13T22:55:38.344Z] [DEBUG] Loaded command: remind
[2026-08-13T22:55:38.344Z] [DEBUG] Loaded command: reminders
[2026-08-13T22:55:38.344Z] [DEBUG] Loaded command: remove
[2026-08-13T22:55:38.345Z] [DEBUG] Loaded command: removewarn
[2026-08-13T22:55:38.345Z] [DEBUG] Loaded command: rep
[2026-08-13T22:55:38.345Z] [DEBUG] Loaded command: replay
[2026-08-13T22:55:38.346Z] [DEBUG] Loaded command: resetxp
[2026-08-13T22:55:38.346Z] [DEBUG] Loaded command: resume
[2026-08-13T22:55:38.346Z] [DEBUG] Loaded command: role
[2026-08-13T22:55:38.347Z] [DEBUG] Loaded command: roleinfo
[2026-08-13T22:55:38.347Z] [DEBUG] Loaded command: roll
[2026-08-13T22:55:38.348Z] [DEBUG] Loaded command: say
[2026-08-13T22:55:38.348Z] [DEBUG] Loaded command: seek
[2026-08-13T22:55:38.349Z] [DEBUG] Loaded command: serverinfo
[2026-08-13T22:55:38.349Z] [DEBUG] Loaded command: serverstats
[2026-08-13T22:55:38.349Z] [DEBUG] Loaded command: setlevel
[2026-08-13T22:55:38.350Z] [DEBUG] Loaded command: setnick
[2026-08-13T22:55:38.350Z] [DEBUG] Loaded command: setupverification
[2026-08-13T22:55:38.350Z] [DEBUG] Loaded command: ship
[2026-08-13T22:55:38.351Z] [DEBUG] Loaded command: shuffle
[2026-08-13T22:55:38.351Z] [DEBUG] Loaded command: skip
[2026-08-13T22:55:38.351Z] [DEBUG] Loaded command: slots
[2026-08-13T22:55:38.352Z] [DEBUG] Loaded command: slowmode
[2026-08-13T22:55:38.352Z] [DEBUG] Loaded command: snipe
[2026-08-13T22:55:38.352Z] [DEBUG] Loaded command: softban
[2026-08-13T22:55:38.353Z] [DEBUG] Loaded command: stats
[2026-08-13T22:55:38.353Z] [DEBUG] Loaded command: steal
[2026-08-13T22:55:38.353Z] [DEBUG] Loaded command: stop
[2026-08-13T22:55:38.354Z] [DEBUG] Loaded command: streak
[2026-08-13T22:55:38.354Z] [DEBUG] Loaded command: suggest
[2026-08-13T22:55:38.355Z] [DEBUG] Loaded command: tag
[2026-08-13T22:55:38.356Z] [DEBUG] Loaded command: ticket
[2026-08-13T22:55:38.356Z] [DEBUG] Loaded command: timeout
[2026-08-13T22:55:38.358Z] [DEBUG] Loaded command: tools
[2026-08-13T22:55:38.359Z] [DEBUG] Loaded command: truthordare
[2026-08-13T22:55:38.359Z] [DEBUG] Loaded command: unban
[2026-08-13T22:55:38.360Z] [DEBUG] Loaded command: unlock
[2026-08-13T22:55:38.360Z] [DEBUG] Loaded command: untimeout
[2026-08-13T22:55:38.360Z] [DEBUG] Loaded command: unvmute
[2026-08-13T22:55:38.361Z] [DEBUG] Loaded command: userinfo
[2026-08-13T22:55:38.361Z] [DEBUG] Loaded command: vmute
[2026-08-13T22:55:38.361Z] [DEBUG] Loaded command: volume
[2026-08-13T22:55:38.362Z] [DEBUG] Loaded command: warn
[2026-08-13T22:55:38.362Z] [DEBUG] Loaded command: warnings
[2026-08-13T22:55:38.363Z] [DEBUG] Loaded command: welcome
[2026-08-13T22:55:38.363Z] [DEBUG] Loaded command: whitelist
[2026-08-13T22:55:38.363Z] [DEBUG] Loaded command: work
[2026-08-13T22:55:38.364Z] [DEBUG] Loaded command: wouldyourather
[2026-08-13T22:55:38.364Z] [INFO] Running startup diagnostics...
[2026-08-13T22:55:38.364Z] [DEBUG] [PASS] Environment Variables
[2026-08-13T22:55:38.364Z] [DEBUG] [PASS] Commands Directory
[2026-08-13T22:55:38.364Z] [DEBUG] [PASS] Database Connection
[2026-08-13T22:55:38.448Z] [INFO] Music extractors loaded
[2026-08-13T22:55:38.449Z] [DEBUG] Loaded Client Event: guildMemberUpdate
[2026-08-13T22:55:38.449Z] [DEBUG] Loaded Client Event: guildUpdate
[2026-08-13T22:55:38.449Z] [DEBUG] Loaded Client Event: guildBanAdd
[2026-08-13T22:55:38.449Z] [DEBUG] Loaded Client Event: guildBanRemove
[2026-08-13T22:55:38.449Z] [DEBUG] Loaded Client Event: channelCreate
[2026-08-13T22:55:38.449Z] [DEBUG] Loaded Client Event: channelDelete
[2026-08-13T22:55:38.450Z] [DEBUG] Loaded Client Event: emojiCreate
[2026-08-13T22:55:38.450Z] [DEBUG] Loaded Client Event: emojiDelete
[2026-08-13T22:55:38.450Z] [DEBUG] Loaded Client Event: emojiUpdate
[2026-08-13T22:55:38.450Z] [DEBUG] Loaded Client Event: stickerCreate
[2026-08-13T22:55:38.450Z] [DEBUG] Loaded Client Event: stickerDelete
[2026-08-13T22:55:38.451Z] [DEBUG] Loaded Client Event: interactionCreate
[2026-08-13T22:55:38.451Z] [DEBUG] Loaded Client Event: guildMemberAdd
[2026-08-13T22:55:38.451Z] [DEBUG] Loaded Client Event: guildMemberRemove
[2026-08-13T22:55:38.451Z] [DEBUG] Loaded Client Event: inviteCreate
[2026-08-13T22:55:38.451Z] [DEBUG] Loaded Client Event: inviteDelete
[2026-08-13T22:55:38.452Z] [DEBUG] Loaded Client Event: messageCreate
[2026-08-13T22:55:38.452Z] [DEBUG] Loaded Client Event: messageDelete
[2026-08-13T22:55:38.452Z] [DEBUG] Loaded Client Event: messageUpdate
[2026-08-13T22:55:38.452Z] [DEBUG] Loaded Client Event: messageReactionAdd
[2026-08-13T22:55:38.452Z] [DEBUG] Loaded Client Event: messageReactionRemove
[2026-08-13T22:55:38.453Z] [DEBUG] Loaded Client Event: clientReady
[2026-08-13T22:55:38.453Z] [DEBUG] Loaded Client Event: roleCreate
[2026-08-13T22:55:38.453Z] [DEBUG] Loaded Client Event: roleDelete
[2026-08-13T22:55:38.453Z] [DEBUG] Loaded Client Event: roleUpdate
[2026-08-13T22:55:38.453Z] [DEBUG] Loaded Client Event: threadCreate
[2026-08-13T22:55:38.453Z] [DEBUG] Loaded Client Event: threadDelete
[2026-08-13T22:55:38.454Z] [DEBUG] Loaded Client Event: voiceStateUpdate
[2026-08-13T22:55:38.454Z] [DEBUG] Loaded Player Event: audioTrackAdd
[2026-08-13T22:55:38.454Z] [DEBUG] Loaded Player Event: audioTracksAdd
[2026-08-13T22:55:38.455Z] [DEBUG] Loaded Player Event: disconnect
[2026-08-13T22:55:38.455Z] [DEBUG] Loaded Player Event: emptyChannel
[2026-08-13T22:55:38.455Z] [DEBUG] Loaded Player Event: emptyQueue
[2026-08-13T22:55:38.455Z] [DEBUG] Loaded Player Event: error
[2026-08-13T22:55:38.455Z] [DEBUG] Loaded Player Event: playerError
[2026-08-13T22:55:38.456Z] [DEBUG] Loaded Player Event: playerSkip
[2026-08-13T22:55:38.456Z] [DEBUG] Loaded Player Event: playerStart
[2026-08-13T22:55:38.456Z] [DEBUG] Scheduler job "timed-bans" started (interval: 60000ms)
[2026-08-13T22:55:38.456Z] [DEBUG] Scheduler job "giveaways" started (interval: 10000ms)
[2026-08-13T22:55:38.456Z] [DEBUG] Scheduler job "birthdays" started (interval: 3600000ms)
[2026-08-13T22:55:38.456Z] [DEBUG] Scheduler job "birthday-roles" started (interval: 3600000ms)
[2026-08-13T22:55:38.456Z] [DEBUG] Scheduler job "reminders" started (interval: 15000ms)
[2026-08-13T22:55:38.456Z] [DEBUG] Scheduler job "map-cleanup" started (interval: 3600000ms)
[2026-08-13T22:55:38.457Z] [DEBUG] Scheduler job "verification-kick" started (interval: 60000ms)
[2026-08-13T22:55:38.457Z] [DEBUG] Scheduler job "public-url" started (interval: 15000ms)
[2026-08-13T22:55:38.527Z] [INFO] ✨ Dashboard active at http://0.0.0.0:3000
[2026-08-13T22:55:39.521Z] [INFO] Bot logged in as 𝑬𝑩#8552
[2026-08-13T22:55:39.691Z] [DEBUG] Cached 3 invites for guild: 𝑬𝑩 𝑺𝒕𝒐𝒓𝒆
[2026-08-13T22:55:39.923Z] [DEBUG] Cached 2 invites for guild: 𝑬𝑩
[2026-08-13T23:03:17.168Z] [DEBUG] Loaded command: afk
[2026-08-13T23:03:17.169Z] [DEBUG] Loaded command: announce
[2026-08-13T23:03:17.170Z] [DEBUG] Loaded command: automod
[2026-08-13T23:03:17.171Z] [DEBUG] Loaded command: autoplay
[2026-08-13T23:03:17.171Z] [DEBUG] Loaded command: avatar
[2026-08-13T23:03:17.172Z] [DEBUG] Loaded command: badges
[2026-08-13T23:03:17.172Z] [DEBUG] Loaded command: ban
[2026-08-13T23:03:17.173Z] [DEBUG] Loaded command: banner
[2026-08-13T23:03:17.174Z] [DEBUG] Loaded command: birthday
[2026-08-13T23:03:17.174Z] [DEBUG] Loaded command: birthdaysettings
[2026-08-13T23:03:17.175Z] [DEBUG] Loaded command: channelinfo
[2026-08-13T23:03:17.175Z] [DEBUG] Loaded command: clear
[2026-08-13T23:03:17.176Z] [DEBUG] Loaded command: coinflip
[2026-08-13T23:03:17.176Z] [DEBUG] Loaded command: confess
[2026-08-13T23:03:17.177Z] [DEBUG] Loaded command: credits
[2026-08-13T23:03:17.177Z] [DEBUG] Loaded command: daily
[2026-08-13T23:03:17.202Z] [DEBUG] Loaded command: define
[2026-08-13T23:03:17.203Z] [DEBUG] Loaded command: editsnipe
[2026-08-13T23:03:17.203Z] [DEBUG] Loaded command: filters
[2026-08-13T23:03:17.204Z] [DEBUG] Loaded command: firstmessage
[2026-08-13T23:03:17.205Z] [DEBUG] Loaded command: fun
[2026-08-13T23:03:17.208Z] [DEBUG] Loaded command: games
[2026-08-13T23:03:17.209Z] [DEBUG] Loaded command: giveaway
[2026-08-13T23:03:17.210Z] [DEBUG] Loaded command: givexp
[2026-08-13T23:03:17.210Z] [DEBUG] Loaded command: help
[2026-08-13T23:03:17.210Z] [DEBUG] Loaded command: info
[2026-08-13T23:03:17.211Z] [DEBUG] Loaded command: invites
[2026-08-13T23:03:17.211Z] [DEBUG] Loaded command: jumbo
[2026-08-13T23:03:17.211Z] [DEBUG] Loaded command: kick
[2026-08-13T23:03:17.212Z] [DEBUG] Loaded command: leaderboard
[2026-08-13T23:03:17.212Z] [DEBUG] Loaded command: leave
[2026-08-13T23:03:17.213Z] [DEBUG] Loaded command: levelsettings
[2026-08-13T23:03:17.213Z] [DEBUG] Loaded command: lock
[2026-08-13T23:03:17.214Z] [DEBUG] Loaded command: lockdown
[2026-08-13T23:03:17.215Z] [DEBUG] Loaded command: logging
[2026-08-13T23:03:17.215Z] [DEBUG] Loaded command: loop
[2026-08-13T23:03:17.216Z] [DEBUG] Loaded command: lyrics
[2026-08-13T23:03:17.216Z] [DEBUG] Loaded command: math
[2026-08-13T23:03:17.217Z] [DEBUG] Loaded command: membercount
[2026-08-13T23:03:17.217Z] [DEBUG] Loaded command: move
[2026-08-13T23:03:17.218Z] [DEBUG] Loaded command: note
[2026-08-13T23:03:17.218Z] [DEBUG] Loaded command: nowplaying
[2026-08-13T23:03:17.218Z] [DEBUG] Loaded command: pause
[2026-08-13T23:03:17.219Z] [DEBUG] Loaded command: pay
[2026-08-13T23:03:17.219Z] [DEBUG] Loaded command: ping
[2026-08-13T23:03:17.219Z] [DEBUG] Loaded command: play
[2026-08-13T23:03:17.220Z] [DEBUG] Loaded command: points
[2026-08-13T23:03:17.220Z] [DEBUG] Loaded command: poll
[2026-08-13T23:03:17.221Z] [DEBUG] Loaded command: qr
[2026-08-13T23:03:17.221Z] [DEBUG] Loaded command: queue
[2026-08-13T23:03:17.238Z] [DEBUG] Loaded command: rank
[2026-08-13T23:03:17.239Z] [DEBUG] Loaded command: reactionrole
[2026-08-13T23:03:17.239Z] [DEBUG] Loaded command: remind
[2026-08-13T23:03:17.240Z] [DEBUG] Loaded command: reminders
[2026-08-13T23:03:17.240Z] [DEBUG] Loaded command: remove
[2026-08-13T23:03:17.240Z] [DEBUG] Loaded command: removewarn
[2026-08-13T23:03:17.241Z] [DEBUG] Loaded command: rep
[2026-08-13T23:03:17.241Z] [DEBUG] Loaded command: replay
[2026-08-13T23:03:17.241Z] [DEBUG] Loaded command: resetxp
[2026-08-13T23:03:17.242Z] [DEBUG] Loaded command: resume
[2026-08-13T23:03:17.242Z] [DEBUG] Loaded command: role
[2026-08-13T23:03:17.242Z] [DEBUG] Loaded command: roleinfo
[2026-08-13T23:03:17.243Z] [DEBUG] Loaded command: roll
[2026-08-13T23:03:17.243Z] [DEBUG] Loaded command: say
[2026-08-13T23:03:17.243Z] [DEBUG] Loaded command: seek
[2026-08-13T23:03:17.244Z] [DEBUG] Loaded command: serverinfo
[2026-08-13T23:03:17.244Z] [DEBUG] Loaded command: serverstats
[2026-08-13T23:03:17.244Z] [DEBUG] Loaded command: setlevel
[2026-08-13T23:03:17.245Z] [DEBUG] Loaded command: setnick
[2026-08-13T23:03:17.245Z] [DEBUG] Loaded command: setupverification
[2026-08-13T23:03:17.246Z] [DEBUG] Loaded command: ship
[2026-08-13T23:03:17.246Z] [DEBUG] Loaded command: shuffle
[2026-08-13T23:03:17.246Z] [DEBUG] Loaded command: skip
[2026-08-13T23:03:17.246Z] [DEBUG] Loaded command: slots
[2026-08-13T23:03:17.247Z] [DEBUG] Loaded command: slowmode
[2026-08-13T23:03:17.247Z] [DEBUG] Loaded command: snipe
[2026-08-13T23:03:17.248Z] [DEBUG] Loaded command: softban
[2026-08-13T23:03:17.248Z] [DEBUG] Loaded command: stats
[2026-08-13T23:03:17.248Z] [DEBUG] Loaded command: steal
[2026-08-13T23:03:17.249Z] [DEBUG] Loaded command: stop
[2026-08-13T23:03:17.249Z] [DEBUG] Loaded command: streak
[2026-08-13T23:03:17.249Z] [DEBUG] Loaded command: suggest
[2026-08-13T23:03:17.250Z] [DEBUG] Loaded command: tag
[2026-08-13T23:03:17.251Z] [DEBUG] Loaded command: ticket
[2026-08-13T23:03:17.251Z] [DEBUG] Loaded command: timeout
[2026-08-13T23:03:17.253Z] [DEBUG] Loaded command: tools
[2026-08-13T23:03:17.254Z] [DEBUG] Loaded command: truthordare
[2026-08-13T23:03:17.254Z] [DEBUG] Loaded command: unban
[2026-08-13T23:03:17.255Z] [DEBUG] Loaded command: unlock
[2026-08-13T23:03:17.255Z] [DEBUG] Loaded command: untimeout
[2026-08-13T23:03:17.255Z] [DEBUG] Loaded command: unvmute
[2026-08-13T23:03:17.256Z] [DEBUG] Loaded command: userinfo
[2026-08-13T23:03:17.256Z] [DEBUG] Loaded command: vmute
[2026-08-13T23:03:17.256Z] [DEBUG] Loaded command: volume
[2026-08-13T23:03:17.257Z] [DEBUG] Loaded command: warn
[2026-08-13T23:03:17.257Z] [DEBUG] Loaded command: warnings
[2026-08-13T23:03:17.258Z] [DEBUG] Loaded command: welcome
[2026-08-13T23:03:17.258Z] [DEBUG] Loaded command: whitelist
[2026-08-13T23:03:17.259Z] [DEBUG] Loaded command: work
[2026-08-13T23:03:17.259Z] [DEBUG] Loaded command: wouldyourather
[2026-08-13T23:03:17.259Z] [INFO] Running startup diagnostics...
[2026-08-13T23:03:17.259Z] [DEBUG] [PASS] Environment Variables
[2026-08-13T23:03:17.259Z] [DEBUG] [PASS] Commands Directory
[2026-08-13T23:03:17.259Z] [DEBUG] [PASS] Database Connection
[2026-08-13T23:03:17.347Z] [INFO] Music extractors loaded
[2026-08-13T23:03:17.348Z] [DEBUG] Loaded Client Event: guildMemberUpdate
[2026-08-13T23:03:17.348Z] [DEBUG] Loaded Client Event: guildUpdate
[2026-08-13T23:03:17.348Z] [DEBUG] Loaded Client Event: guildBanAdd
[2026-08-13T23:03:17.348Z] [DEBUG] Loaded Client Event: guildBanRemove
[2026-08-13T23:03:17.348Z] [DEBUG] Loaded Client Event: channelCreate
[2026-08-13T23:03:17.348Z] [DEBUG] Loaded Client Event: channelDelete
[2026-08-13T23:03:17.349Z] [DEBUG] Loaded Client Event: emojiCreate
[2026-08-13T23:03:17.349Z] [DEBUG] Loaded Client Event: emojiDelete
[2026-08-13T23:03:17.349Z] [DEBUG] Loaded Client Event: emojiUpdate
[2026-08-13T23:03:17.349Z] [DEBUG] Loaded Client Event: stickerCreate
[2026-08-13T23:03:17.349Z] [DEBUG] Loaded Client Event: stickerDelete
[2026-08-13T23:03:17.350Z] [DEBUG] Loaded Client Event: interactionCreate
[2026-08-13T23:03:17.351Z] [DEBUG] Loaded Client Event: guildMemberAdd
[2026-08-13T23:03:17.351Z] [DEBUG] Loaded Client Event: guildMemberRemove
[2026-08-13T23:03:17.351Z] [DEBUG] Loaded Client Event: inviteCreate
[2026-08-13T23:03:17.351Z] [DEBUG] Loaded Client Event: inviteDelete
[2026-08-13T23:03:17.351Z] [DEBUG] Loaded Client Event: messageCreate
[2026-08-13T23:03:17.352Z] [DEBUG] Loaded Client Event: messageDelete
[2026-08-13T23:03:17.352Z] [DEBUG] Loaded Client Event: messageUpdate
[2026-08-13T23:03:17.352Z] [DEBUG] Loaded Client Event: messageReactionAdd
[2026-08-13T23:03:17.352Z] [DEBUG] Loaded Client Event: messageReactionRemove
[2026-08-13T23:03:17.352Z] [DEBUG] Loaded Client Event: clientReady
[2026-08-13T23:03:17.352Z] [DEBUG] Loaded Client Event: roleCreate
[2026-08-13T23:03:17.353Z] [DEBUG] Loaded Client Event: roleDelete
[2026-08-13T23:03:17.353Z] [DEBUG] Loaded Client Event: roleUpdate
[2026-08-13T23:03:17.353Z] [DEBUG] Loaded Client Event: threadCreate
[2026-08-13T23:03:17.353Z] [DEBUG] Loaded Client Event: threadDelete
[2026-08-13T23:03:17.353Z] [DEBUG] Loaded Client Event: voiceStateUpdate
[2026-08-13T23:03:17.354Z] [DEBUG] Loaded Player Event: audioTrackAdd
[2026-08-13T23:03:17.354Z] [DEBUG] Loaded Player Event: audioTracksAdd
[2026-08-13T23:03:17.354Z] [DEBUG] Loaded Player Event: disconnect
[2026-08-13T23:03:17.354Z] [DEBUG] Loaded Player Event: emptyChannel
[2026-08-13T23:03:17.355Z] [DEBUG] Loaded Player Event: emptyQueue
[2026-08-13T23:03:17.355Z] [DEBUG] Loaded Player Event: error
[2026-08-13T23:03:17.355Z] [DEBUG] Loaded Player Event: playerError
[2026-08-13T23:03:17.355Z] [DEBUG] Loaded Player Event: playerSkip
[2026-08-13T23:03:17.355Z] [DEBUG] Loaded Player Event: playerStart
[2026-08-13T23:03:17.356Z] [DEBUG] Scheduler job "timed-bans" started (interval: 60000ms)
[2026-08-13T23:03:17.356Z] [DEBUG] Scheduler job "giveaways" started (interval: 10000ms)
[2026-08-13T23:03:17.356Z] [DEBUG] Scheduler job "birthdays" started (interval: 3600000ms)
[2026-08-13T23:03:17.356Z] [DEBUG] Scheduler job "birthday-roles" started (interval: 3600000ms)
[2026-08-13T23:03:17.356Z] [DEBUG] Scheduler job "reminders" started (interval: 15000ms)
[2026-08-13T23:03:17.356Z] [DEBUG] Scheduler job "map-cleanup" started (interval: 3600000ms)
[2026-08-13T23:03:17.356Z] [DEBUG] Scheduler job "verification-kick" started (interval: 60000ms)
[2026-08-13T23:03:17.356Z] [DEBUG] Scheduler job "public-url" started (interval: 15000ms)
[2026-08-13T23:03:17.425Z] [INFO] ✨ Dashboard active at http://0.0.0.0:3000
[2026-08-13T23:03:20.212Z] [INFO] Bot logged in as 𝑬𝑩#8552
[2026-08-13T23:03:20.411Z] [DEBUG] Cached 3 invites for guild: 𝑬𝑩 𝑺𝒕𝒐𝒓𝒆
[2026-08-13T23:03:20.637Z] [DEBUG] Cached 2 invites for guild: 𝑬𝑩
[2026-08-13T23:07:59.752Z] [INFO] Dashboard public URL changed: https://full-slow-pics-bikes.trycloudflare.com
[2026-08-13T23:11:07.503Z] [DEBUG] Loaded command: afk
[2026-08-13T23:11:07.505Z] [DEBUG] Loaded command: announce
[2026-08-13T23:11:07.506Z] [DEBUG] Loaded command: automod
[2026-08-13T23:11:07.506Z] [DEBUG] Loaded command: autoplay
[2026-08-13T23:11:07.507Z] [DEBUG] Loaded command: avatar
[2026-08-13T23:11:07.508Z] [DEBUG] Loaded command: badges
[2026-08-13T23:11:07.508Z] [DEBUG] Loaded command: ban
[2026-08-13T23:11:07.513Z] [DEBUG] Loaded command: banner
[2026-08-13T23:11:07.514Z] [DEBUG] Loaded command: birthday
[2026-08-13T23:11:07.514Z] [DEBUG] Loaded command: birthdaysettings
[2026-08-13T23:11:07.515Z] [DEBUG] Loaded command: channelinfo
[2026-08-13T23:11:07.515Z] [DEBUG] Loaded command: clear
[2026-08-13T23:11:07.516Z] [DEBUG] Loaded command: coinflip
[2026-08-13T23:11:07.516Z] [DEBUG] Loaded command: confess
[2026-08-13T23:11:07.517Z] [DEBUG] Loaded command: credits
[2026-08-13T23:11:07.517Z] [DEBUG] Loaded command: daily
[2026-08-13T23:11:07.540Z] [DEBUG] Loaded command: define
[2026-08-13T23:11:07.540Z] [DEBUG] Loaded command: editsnipe
[2026-08-13T23:11:07.541Z] [DEBUG] Loaded command: filters
[2026-08-13T23:11:07.541Z] [DEBUG] Loaded command: firstmessage
[2026-08-13T23:11:07.543Z] [DEBUG] Loaded command: fun
[2026-08-13T23:11:07.545Z] [DEBUG] Loaded command: games
[2026-08-13T23:11:07.547Z] [DEBUG] Loaded command: giveaway
[2026-08-13T23:11:07.547Z] [DEBUG] Loaded command: givexp
[2026-08-13T23:11:07.548Z] [DEBUG] Loaded command: help
[2026-08-13T23:11:07.548Z] [DEBUG] Loaded command: info
[2026-08-13T23:11:07.548Z] [DEBUG] Loaded command: invites
[2026-08-13T23:11:07.549Z] [DEBUG] Loaded command: jumbo
[2026-08-13T23:11:07.549Z] [DEBUG] Loaded command: kick
[2026-08-13T23:11:07.549Z] [DEBUG] Loaded command: leaderboard
[2026-08-13T23:11:07.550Z] [DEBUG] Loaded command: leave
[2026-08-13T23:11:07.551Z] [DEBUG] Loaded command: levelsettings
[2026-08-13T23:11:07.551Z] [DEBUG] Loaded command: lock
[2026-08-13T23:11:07.552Z] [DEBUG] Loaded command: lockdown
[2026-08-13T23:11:07.553Z] [DEBUG] Loaded command: logging
[2026-08-13T23:11:07.553Z] [DEBUG] Loaded command: loop
[2026-08-13T23:11:07.554Z] [DEBUG] Loaded command: lyrics
[2026-08-13T23:11:07.554Z] [DEBUG] Loaded command: math
[2026-08-13T23:11:07.554Z] [DEBUG] Loaded command: membercount
[2026-08-13T23:11:07.555Z] [DEBUG] Loaded command: move
[2026-08-13T23:11:07.555Z] [DEBUG] Loaded command: note
[2026-08-13T23:11:07.556Z] [DEBUG] Loaded command: nowplaying
[2026-08-13T23:11:07.556Z] [DEBUG] Loaded command: pause
[2026-08-13T23:11:07.556Z] [DEBUG] Loaded command: pay
[2026-08-13T23:11:07.557Z] [DEBUG] Loaded command: ping
[2026-08-13T23:11:07.557Z] [DEBUG] Loaded command: play
[2026-08-13T23:11:07.557Z] [DEBUG] Loaded command: points
[2026-08-13T23:11:07.558Z] [DEBUG] Loaded command: poll
[2026-08-13T23:11:07.558Z] [DEBUG] Loaded command: qr
[2026-08-13T23:11:07.558Z] [DEBUG] Loaded command: queue
[2026-08-13T23:11:07.575Z] [DEBUG] Loaded command: rank
[2026-08-13T23:11:07.575Z] [DEBUG] Loaded command: reactionrole
[2026-08-13T23:11:07.576Z] [DEBUG] Loaded command: remind
[2026-08-13T23:11:07.576Z] [DEBUG] Loaded command: reminders
[2026-08-13T23:11:07.577Z] [DEBUG] Loaded command: remove
[2026-08-13T23:11:07.577Z] [DEBUG] Loaded command: removewarn
[2026-08-13T23:11:07.578Z] [DEBUG] Loaded command: rep
[2026-08-13T23:11:07.578Z] [DEBUG] Loaded command: replay
[2026-08-13T23:11:07.578Z] [DEBUG] Loaded command: resetxp
[2026-08-13T23:11:07.578Z] [DEBUG] Loaded command: resume
[2026-08-13T23:11:07.579Z] [DEBUG] Loaded command: role
[2026-08-13T23:11:07.579Z] [DEBUG] Loaded command: roleinfo
[2026-08-13T23:11:07.579Z] [DEBUG] Loaded command: roll
[2026-08-13T23:11:07.580Z] [DEBUG] Loaded command: say
[2026-08-13T23:11:07.580Z] [DEBUG] Loaded command: seek
[2026-08-13T23:11:07.580Z] [DEBUG] Loaded command: serverinfo
[2026-08-13T23:11:07.581Z] [DEBUG] Loaded command: serverstats
[2026-08-13T23:11:07.581Z] [DEBUG] Loaded command: setlevel
[2026-08-13T23:11:07.581Z] [DEBUG] Loaded command: setnick
[2026-08-13T23:11:07.582Z] [DEBUG] Loaded command: setupverification
[2026-08-13T23:11:07.582Z] [DEBUG] Loaded command: ship
[2026-08-13T23:11:07.582Z] [DEBUG] Loaded command: shuffle
[2026-08-13T23:11:07.583Z] [DEBUG] Loaded command: skip
[2026-08-13T23:11:07.583Z] [DEBUG] Loaded command: slots
[2026-08-13T23:11:07.583Z] [DEBUG] Loaded command: slowmode
[2026-08-13T23:11:07.584Z] [DEBUG] Loaded command: snipe
[2026-08-13T23:11:07.584Z] [DEBUG] Loaded command: softban
[2026-08-13T23:11:07.584Z] [DEBUG] Loaded command: stats
[2026-08-13T23:11:07.585Z] [DEBUG] Loaded command: steal
[2026-08-13T23:11:07.585Z] [DEBUG] Loaded command: stop
[2026-08-13T23:11:07.585Z] [DEBUG] Loaded command: streak
[2026-08-13T23:11:07.586Z] [DEBUG] Loaded command: suggest
[2026-08-13T23:11:07.586Z] [DEBUG] Loaded command: tag
[2026-08-13T23:11:07.587Z] [DEBUG] Loaded command: ticket
[2026-08-13T23:11:07.588Z] [DEBUG] Loaded command: timeout
[2026-08-13T23:11:07.590Z] [DEBUG] Loaded command: tools
[2026-08-13T23:11:07.590Z] [DEBUG] Loaded command: truthordare
[2026-08-13T23:11:07.591Z] [DEBUG] Loaded command: unban
[2026-08-13T23:11:07.591Z] [DEBUG] Loaded command: unlock
[2026-08-13T23:11:07.592Z] [DEBUG] Loaded command: untimeout
[2026-08-13T23:11:07.592Z] [DEBUG] Loaded command: unvmute
[2026-08-13T23:11:07.592Z] [DEBUG] Loaded command: userinfo
[2026-08-13T23:11:07.593Z] [DEBUG] Loaded command: vmute
[2026-08-13T23:11:07.593Z] [DEBUG] Loaded command: volume
[2026-08-13T23:11:07.593Z] [DEBUG] Loaded command: warn
[2026-08-13T23:11:07.594Z] [DEBUG] Loaded command: warnings
[2026-08-13T23:11:07.594Z] [DEBUG] Loaded command: welcome
[2026-08-13T23:11:07.595Z] [DEBUG] Loaded command: whitelist
[2026-08-13T23:11:07.595Z] [DEBUG] Loaded command: work
[2026-08-13T23:11:07.595Z] [DEBUG] Loaded command: wouldyourather
[2026-08-13T23:11:07.596Z] [INFO] Running startup diagnostics...
[2026-08-13T23:11:07.596Z] [DEBUG] [PASS] Environment Variables
[2026-08-13T23:11:07.596Z] [DEBUG] [PASS] Commands Directory
[2026-08-13T23:11:07.596Z] [DEBUG] [PASS] Database Connection
[2026-08-13T23:11:07.681Z] [INFO] Music extractors loaded
[2026-08-13T23:11:07.682Z] [DEBUG] Loaded Client Event: guildMemberUpdate
[2026-08-13T23:11:07.682Z] [DEBUG] Loaded Client Event: guildUpdate
[2026-08-13T23:11:07.682Z] [DEBUG] Loaded Client Event: guildBanAdd
[2026-08-13T23:11:07.682Z] [DEBUG] Loaded Client Event: guildBanRemove
[2026-08-13T23:11:07.682Z] [DEBUG] Loaded Client Event: channelCreate
[2026-08-13T23:11:07.682Z] [DEBUG] Loaded Client Event: channelDelete
[2026-08-13T23:11:07.682Z] [DEBUG] Loaded Client Event: emojiCreate
[2026-08-13T23:11:07.682Z] [DEBUG] Loaded Client Event: emojiDelete
[2026-08-13T23:11:07.683Z] [DEBUG] Loaded Client Event: emojiUpdate
[2026-08-13T23:11:07.683Z] [DEBUG] Loaded Client Event: stickerCreate
[2026-08-13T23:11:07.683Z] [DEBUG] Loaded Client Event: stickerDelete
[2026-08-13T23:11:07.684Z] [DEBUG] Loaded Client Event: interactionCreate
[2026-08-13T23:11:07.684Z] [DEBUG] Loaded Client Event: guildMemberAdd
[2026-08-13T23:11:07.684Z] [DEBUG] Loaded Client Event: guildMemberRemove
[2026-08-13T23:11:07.684Z] [DEBUG] Loaded Client Event: inviteCreate
[2026-08-13T23:11:07.684Z] [DEBUG] Loaded Client Event: inviteDelete
[2026-08-13T23:11:07.685Z] [DEBUG] Loaded Client Event: messageCreate
[2026-08-13T23:11:07.685Z] [DEBUG] Loaded Client Event: messageDelete
[2026-08-13T23:11:07.685Z] [DEBUG] Loaded Client Event: messageUpdate
[2026-08-13T23:11:07.686Z] [DEBUG] Loaded Client Event: messageReactionAdd
[2026-08-13T23:11:07.686Z] [DEBUG] Loaded Client Event: messageReactionRemove
[2026-08-13T23:11:07.686Z] [DEBUG] Loaded Client Event: clientReady
[2026-08-13T23:11:07.686Z] [DEBUG] Loaded Client Event: roleCreate
[2026-08-13T23:11:07.686Z] [DEBUG] Loaded Client Event: roleDelete
[2026-08-13T23:11:07.686Z] [DEBUG] Loaded Client Event: roleUpdate
[2026-08-13T23:11:07.686Z] [DEBUG] Loaded Client Event: threadCreate
[2026-08-13T23:11:07.686Z] [DEBUG] Loaded Client Event: threadDelete
[2026-08-13T23:11:07.687Z] [DEBUG] Loaded Client Event: voiceStateUpdate
[2026-08-13T23:11:07.687Z] [DEBUG] Loaded Player Event: audioTrackAdd
[2026-08-13T23:11:07.687Z] [DEBUG] Loaded Player Event: audioTracksAdd
[2026-08-13T23:11:07.688Z] [DEBUG] Loaded Player Event: disconnect
[2026-08-13T23:11:07.688Z] [DEBUG] Loaded Player Event: emptyChannel
[2026-08-13T23:11:07.688Z] [DEBUG] Loaded Player Event: emptyQueue
[2026-08-13T23:11:07.688Z] [DEBUG] Loaded Player Event: error
[2026-08-13T23:11:07.689Z] [DEBUG] Loaded Player Event: playerError
[2026-08-13T23:11:07.689Z] [DEBUG] Loaded Player Event: playerSkip
[2026-08-13T23:11:07.689Z] [DEBUG] Loaded Player Event: playerStart
[2026-08-13T23:11:07.689Z] [DEBUG] Scheduler job "timed-bans" started (interval: 60000ms)
[2026-08-13T23:11:07.689Z] [DEBUG] Scheduler job "giveaways" started (interval: 10000ms)
[2026-08-13T23:11:07.689Z] [DEBUG] Scheduler job "birthdays" started (interval: 3600000ms)
[2026-08-13T23:11:07.689Z] [DEBUG] Scheduler job "birthday-roles" started (interval: 3600000ms)
[2026-08-13T23:11:07.690Z] [DEBUG] Scheduler job "reminders" started (interval: 15000ms)
[2026-08-13T23:11:07.690Z] [DEBUG] Scheduler job "map-cleanup" started (interval: 3600000ms)
[2026-08-13T23:11:07.690Z] [DEBUG] Scheduler job "verification-kick" started (interval: 60000ms)
[2026-08-13T23:11:07.690Z] [DEBUG] Scheduler job "public-url" started (interval: 15000ms)
[2026-08-13T23:11:07.762Z] [INFO] ✨ Dashboard active at http://0.0.0.0:3000
[2026-08-13T23:11:08.725Z] [INFO] Bot logged in as 𝑬𝑩#8552
[2026-08-13T23:11:08.933Z] [DEBUG] Cached 3 invites for guild: 𝑬𝑩 𝑺𝒕𝒐𝒓𝒆
[2026-08-13T23:11:09.145Z] [DEBUG] Cached 2 invites for guild: 𝑬𝑩
[2026-08-13T23:13:32.940Z] [INFO] Dashboard public URL changed: https://rental-stands-eng-electric.trycloudflare.com
[2026-08-13T23:15:39.807Z] [DEBUG] Loaded command: afk
[2026-08-13T23:15:39.808Z] [DEBUG] Loaded command: announce
[2026-08-13T23:15:39.810Z] [DEBUG] Loaded command: automod
[2026-08-13T23:15:39.811Z] [DEBUG] Loaded command: autoplay
[2026-08-13T23:15:39.811Z] [DEBUG] Loaded command: avatar
[2026-08-13T23:15:39.812Z] [DEBUG] Loaded command: badges
[2026-08-13T23:15:39.812Z] [DEBUG] Loaded command: ban
[2026-08-13T23:15:39.813Z] [DEBUG] Loaded command: banner
[2026-08-13T23:15:39.815Z] [DEBUG] Loaded command: birthday
[2026-08-13T23:15:39.817Z] [DEBUG] Loaded command: birthdaysettings
[2026-08-13T23:15:39.818Z] [DEBUG] Loaded command: channelinfo
[2026-08-13T23:15:39.819Z] [DEBUG] Loaded command: clear
[2026-08-13T23:15:39.820Z] [DEBUG] Loaded command: coinflip
[2026-08-13T23:15:39.820Z] [DEBUG] Loaded command: confess
[2026-08-13T23:15:39.821Z] [DEBUG] Loaded command: credits
[2026-08-13T23:15:39.822Z] [DEBUG] Loaded command: daily
[2026-08-13T23:15:39.848Z] [DEBUG] Loaded command: define
[2026-08-13T23:15:39.848Z] [DEBUG] Loaded command: editsnipe
[2026-08-13T23:15:39.849Z] [DEBUG] Loaded command: filters
[2026-08-13T23:15:39.849Z] [DEBUG] Loaded command: firstmessage
[2026-08-13T23:15:39.851Z] [DEBUG] Loaded command: fun
[2026-08-13T23:15:39.853Z] [DEBUG] Loaded command: games
[2026-08-13T23:15:39.855Z] [DEBUG] Loaded command: giveaway
[2026-08-13T23:15:39.857Z] [DEBUG] Loaded command: givexp
[2026-08-13T23:15:39.857Z] [DEBUG] Loaded command: help
[2026-08-13T23:15:39.857Z] [DEBUG] Loaded command: info
[2026-08-13T23:15:39.858Z] [DEBUG] Loaded command: invites
[2026-08-13T23:15:39.858Z] [DEBUG] Loaded command: jumbo
[2026-08-13T23:15:39.858Z] [DEBUG] Loaded command: kick
[2026-08-13T23:15:39.859Z] [DEBUG] Loaded command: leaderboard
[2026-08-13T23:15:39.859Z] [DEBUG] Loaded command: leave
[2026-08-13T23:15:39.860Z] [DEBUG] Loaded command: levelsettings
[2026-08-13T23:15:39.860Z] [DEBUG] Loaded command: lock
[2026-08-13T23:15:39.861Z] [DEBUG] Loaded command: lockdown
[2026-08-13T23:15:39.862Z] [DEBUG] Loaded command: logging
[2026-08-13T23:15:39.862Z] [DEBUG] Loaded command: loop
[2026-08-13T23:15:39.863Z] [DEBUG] Loaded command: lyrics
[2026-08-13T23:15:39.863Z] [DEBUG] Loaded command: math
[2026-08-13T23:15:39.864Z] [DEBUG] Loaded command: membercount
[2026-08-13T23:15:39.864Z] [DEBUG] Loaded command: move
[2026-08-13T23:15:39.865Z] [DEBUG] Loaded command: note
[2026-08-13T23:15:39.866Z] [DEBUG] Loaded command: nowplaying
[2026-08-13T23:15:39.866Z] [DEBUG] Loaded command: pause
[2026-08-13T23:15:39.866Z] [DEBUG] Loaded command: pay
[2026-08-13T23:15:39.866Z] [DEBUG] Loaded command: ping
[2026-08-13T23:15:39.867Z] [DEBUG] Loaded command: play
[2026-08-13T23:15:39.867Z] [DEBUG] Loaded command: points
[2026-08-13T23:15:39.868Z] [DEBUG] Loaded command: poll
[2026-08-13T23:15:39.868Z] [DEBUG] Loaded command: qr
[2026-08-13T23:15:39.868Z] [DEBUG] Loaded command: queue
[2026-08-13T23:15:39.886Z] [DEBUG] Loaded command: rank
[2026-08-13T23:15:39.887Z] [DEBUG] Loaded command: reactionrole
[2026-08-13T23:15:39.888Z] [DEBUG] Loaded command: remind
[2026-08-13T23:15:39.888Z] [DEBUG] Loaded command: reminders
[2026-08-13T23:15:39.889Z] [DEBUG] Loaded command: remove
[2026-08-13T23:15:39.889Z] [DEBUG] Loaded command: removewarn
[2026-08-13T23:15:39.889Z] [DEBUG] Loaded command: rep
[2026-08-13T23:15:39.890Z] [DEBUG] Loaded command: replay
[2026-08-13T23:15:39.890Z] [DEBUG] Loaded command: resetxp
[2026-08-13T23:15:39.890Z] [DEBUG] Loaded command: resume
[2026-08-13T23:15:39.891Z] [DEBUG] Loaded command: role
[2026-08-13T23:15:39.891Z] [DEBUG] Loaded command: roleinfo
[2026-08-13T23:15:39.891Z] [DEBUG] Loaded command: roll
[2026-08-13T23:15:39.892Z] [DEBUG] Loaded command: say
[2026-08-13T23:15:39.892Z] [DEBUG] Loaded command: seek
[2026-08-13T23:15:39.892Z] [DEBUG] Loaded command: serverinfo
[2026-08-13T23:15:39.893Z] [DEBUG] Loaded command: serverstats
[2026-08-13T23:15:39.893Z] [DEBUG] Loaded command: setlevel
[2026-08-13T23:15:39.893Z] [DEBUG] Loaded command: setnick
[2026-08-13T23:15:39.894Z] [DEBUG] Loaded command: setupverification
[2026-08-13T23:15:39.894Z] [DEBUG] Loaded command: ship
[2026-08-13T23:15:39.894Z] [DEBUG] Loaded command: shuffle
[2026-08-13T23:15:39.895Z] [DEBUG] Loaded command: skip
[2026-08-13T23:15:39.895Z] [DEBUG] Loaded command: slots
[2026-08-13T23:15:39.895Z] [DEBUG] Loaded command: slowmode
[2026-08-13T23:15:39.896Z] [DEBUG] Loaded command: snipe
[2026-08-13T23:15:39.896Z] [DEBUG] Loaded command: softban
[2026-08-13T23:15:39.896Z] [DEBUG] Loaded command: stats
[2026-08-13T23:15:39.897Z] [DEBUG] Loaded command: steal
[2026-08-13T23:15:39.897Z] [DEBUG] Loaded command: stop
[2026-08-13T23:15:39.897Z] [DEBUG] Loaded command: streak
[2026-08-13T23:15:39.899Z] [DEBUG] Loaded command: suggest
[2026-08-13T23:15:39.900Z] [DEBUG] Loaded command: tag
[2026-08-13T23:15:39.901Z] [DEBUG] Loaded command: ticket
[2026-08-13T23:15:39.902Z] [DEBUG] Loaded command: timeout
[2026-08-13T23:15:39.904Z] [DEBUG] Loaded command: tools
[2026-08-13T23:15:39.905Z] [DEBUG] Loaded command: truthordare
[2026-08-13T23:15:39.905Z] [DEBUG] Loaded command: unban
[2026-08-13T23:15:39.905Z] [DEBUG] Loaded command: unlock
[2026-08-13T23:15:39.906Z] [DEBUG] Loaded command: untimeout
[2026-08-13T23:15:39.906Z] [DEBUG] Loaded command: unvmute
[2026-08-13T23:15:39.906Z] [DEBUG] Loaded command: userinfo
[2026-08-13T23:15:39.907Z] [DEBUG] Loaded command: vmute
[2026-08-13T23:15:39.907Z] [DEBUG] Loaded command: volume
[2026-08-13T23:15:39.908Z] [DEBUG] Loaded command: warn
[2026-08-13T23:15:39.908Z] [DEBUG] Loaded command: warnings
[2026-08-13T23:15:39.909Z] [DEBUG] Loaded command: welcome
[2026-08-13T23:15:39.910Z] [DEBUG] Loaded command: whitelist
[2026-08-13T23:15:39.910Z] [DEBUG] Loaded command: work
[2026-08-13T23:15:39.910Z] [DEBUG] Loaded command: wouldyourather
[2026-08-13T23:15:39.911Z] [INFO] Running startup diagnostics...
[2026-08-13T23:15:39.911Z] [DEBUG] [PASS] Environment Variables
[2026-08-13T23:15:39.911Z] [DEBUG] [PASS] Commands Directory
[2026-08-13T23:15:39.911Z] [DEBUG] [PASS] Database Connection
[2026-08-13T23:15:40.002Z] [INFO] Music extractors loaded
[2026-08-13T23:15:40.003Z] [DEBUG] Loaded Client Event: guildMemberUpdate
[2026-08-13T23:15:40.003Z] [DEBUG] Loaded Client Event: guildUpdate
[2026-08-13T23:15:40.004Z] [DEBUG] Loaded Client Event: guildBanAdd
[2026-08-13T23:15:40.004Z] [DEBUG] Loaded Client Event: guildBanRemove
[2026-08-13T23:15:40.004Z] [DEBUG] Loaded Client Event: channelCreate
[2026-08-13T23:15:40.004Z] [DEBUG] Loaded Client Event: channelDelete
[2026-08-13T23:15:40.004Z] [DEBUG] Loaded Client Event: emojiCreate
[2026-08-13T23:15:40.004Z] [DEBUG] Loaded Client Event: emojiDelete
[2026-08-13T23:15:40.004Z] [DEBUG] Loaded Client Event: emojiUpdate
[2026-08-13T23:15:40.004Z] [DEBUG] Loaded Client Event: stickerCreate
[2026-08-13T23:15:40.004Z] [DEBUG] Loaded Client Event: stickerDelete
[2026-08-13T23:15:40.005Z] [DEBUG] Loaded Client Event: interactionCreate
[2026-08-13T23:15:40.006Z] [DEBUG] Loaded Client Event: guildMemberAdd
[2026-08-13T23:15:40.006Z] [DEBUG] Loaded Client Event: guildMemberRemove
[2026-08-13T23:15:40.006Z] [DEBUG] Loaded Client Event: inviteCreate
[2026-08-13T23:15:40.006Z] [DEBUG] Loaded Client Event: inviteDelete
[2026-08-13T23:15:40.007Z] [DEBUG] Loaded Client Event: messageCreate
[2026-08-13T23:15:40.007Z] [DEBUG] Loaded Client Event: messageDelete
[2026-08-13T23:15:40.007Z] [DEBUG] Loaded Client Event: messageUpdate
[2026-08-13T23:15:40.007Z] [DEBUG] Loaded Client Event: messageReactionAdd
[2026-08-13T23:15:40.007Z] [DEBUG] Loaded Client Event: messageReactionRemove
[2026-08-13T23:15:40.008Z] [DEBUG] Loaded Client Event: clientReady
[2026-08-13T23:15:40.008Z] [DEBUG] Loaded Client Event: roleCreate
[2026-08-13T23:15:40.008Z] [DEBUG] Loaded Client Event: roleDelete
[2026-08-13T23:15:40.008Z] [DEBUG] Loaded Client Event: roleUpdate
[2026-08-13T23:15:40.008Z] [DEBUG] Loaded Client Event: threadCreate
[2026-08-13T23:15:40.008Z] [DEBUG] Loaded Client Event: threadDelete
[2026-08-13T23:15:40.009Z] [DEBUG] Loaded Client Event: voiceStateUpdate
[2026-08-13T23:15:40.009Z] [DEBUG] Loaded Player Event: audioTrackAdd
[2026-08-13T23:15:40.010Z] [DEBUG] Loaded Player Event: audioTracksAdd
[2026-08-13T23:15:40.010Z] [DEBUG] Loaded Player Event: disconnect
[2026-08-13T23:15:40.010Z] [DEBUG] Loaded Player Event: emptyChannel
[2026-08-13T23:15:40.011Z] [DEBUG] Loaded Player Event: emptyQueue
[2026-08-13T23:15:40.011Z] [DEBUG] Loaded Player Event: error
[2026-08-13T23:15:40.011Z] [DEBUG] Loaded Player Event: playerError
[2026-08-13T23:15:40.011Z] [DEBUG] Loaded Player Event: playerSkip
[2026-08-13T23:15:40.011Z] [DEBUG] Loaded Player Event: playerStart
[2026-08-13T23:15:40.012Z] [DEBUG] Scheduler job "timed-bans" started (interval: 60000ms)
[2026-08-13T23:15:40.012Z] [DEBUG] Scheduler job "giveaways" started (interval: 10000ms)
[2026-08-13T23:15:40.012Z] [DEBUG] Scheduler job "birthdays" started (interval: 3600000ms)
[2026-08-13T23:15:40.012Z] [DEBUG] Scheduler job "birthday-roles" started (interval: 3600000ms)
[2026-08-13T23:15:40.012Z] [DEBUG] Scheduler job "reminders" started (interval: 15000ms)
[2026-08-13T23:15:40.012Z] [DEBUG] Scheduler job "map-cleanup" started (interval: 3600000ms)
[2026-08-13T23:15:40.012Z] [DEBUG] Scheduler job "verification-kick" started (interval: 60000ms)
[2026-08-13T23:15:40.012Z] [DEBUG] Scheduler job "polls-close" started (interval: 30000ms)
[2026-08-13T23:15:40.012Z] [DEBUG] Scheduler job "public-url" started (interval: 15000ms)
[2026-08-13T23:15:40.085Z] [INFO] ✨ Dashboard active at http://0.0.0.0:3000
[2026-08-13T23:15:40.793Z] [INFO] Bot logged in as 𝑬𝑩#8552
[2026-08-13T23:15:40.988Z] [DEBUG] Cached 3 invites for guild: 𝑬𝑩 𝑺𝒕𝒐𝒓𝒆
[2026-08-13T23:15:41.256Z] [DEBUG] Cached 2 invites for guild: 𝑬𝑩
[2026-08-13T23:18:05.270Z] [INFO] Dashboard public URL changed: https://inf-jul-formal-patients.trycloudflare.com
[2026-08-13T23:19:33.560Z] [DEBUG] Loaded command: afk
[2026-08-13T23:19:33.561Z] [DEBUG] Loaded command: announce
[2026-08-13T23:19:33.562Z] [DEBUG] Loaded command: automod
[2026-08-13T23:19:33.563Z] [DEBUG] Loaded command: autoplay
[2026-08-13T23:19:33.563Z] [DEBUG] Loaded command: avatar
[2026-08-13T23:19:33.564Z] [DEBUG] Loaded command: badges
[2026-08-13T23:19:33.565Z] [DEBUG] Loaded command: ban
[2026-08-13T23:19:33.566Z] [DEBUG] Loaded command: banner
[2026-08-13T23:19:33.567Z] [DEBUG] Loaded command: birthday
[2026-08-13T23:19:33.568Z] [DEBUG] Loaded command: birthdaysettings
[2026-08-13T23:19:33.568Z] [DEBUG] Loaded command: channelinfo
[2026-08-13T23:19:33.568Z] [DEBUG] Loaded command: clear
[2026-08-13T23:19:33.569Z] [DEBUG] Loaded command: coinflip
[2026-08-13T23:19:33.569Z] [DEBUG] Loaded command: confess
[2026-08-13T23:19:33.570Z] [DEBUG] Loaded command: credits
[2026-08-13T23:19:33.570Z] [DEBUG] Loaded command: daily
[2026-08-13T23:19:33.596Z] [DEBUG] Loaded command: define
[2026-08-13T23:19:33.597Z] [DEBUG] Loaded command: editsnipe
[2026-08-13T23:19:33.598Z] [DEBUG] Loaded command: filters
[2026-08-13T23:19:33.599Z] [DEBUG] Loaded command: firstmessage
[2026-08-13T23:19:33.600Z] [DEBUG] Loaded command: fun
[2026-08-13T23:19:33.603Z] [DEBUG] Loaded command: games
[2026-08-13T23:19:33.605Z] [DEBUG] Loaded command: giveaway
[2026-08-13T23:19:33.605Z] [DEBUG] Loaded command: givexp
[2026-08-13T23:19:33.606Z] [DEBUG] Loaded command: help
[2026-08-13T23:19:33.606Z] [DEBUG] Loaded command: info
[2026-08-13T23:19:33.606Z] [DEBUG] Loaded command: invites
[2026-08-13T23:19:33.607Z] [DEBUG] Loaded command: jumbo
[2026-08-13T23:19:33.607Z] [DEBUG] Loaded command: kick
[2026-08-13T23:19:33.607Z] [DEBUG] Loaded command: leaderboard
[2026-08-13T23:19:33.608Z] [DEBUG] Loaded command: leave
[2026-08-13T23:19:33.609Z] [DEBUG] Loaded command: levelsettings
[2026-08-13T23:19:33.609Z] [DEBUG] Loaded command: lock
[2026-08-13T23:19:33.610Z] [DEBUG] Loaded command: lockdown
[2026-08-13T23:19:33.611Z] [DEBUG] Loaded command: logging
[2026-08-13T23:19:33.611Z] [DEBUG] Loaded command: loop
[2026-08-13T23:19:33.612Z] [DEBUG] Loaded command: lyrics
[2026-08-13T23:19:33.612Z] [DEBUG] Loaded command: math
[2026-08-13T23:19:33.612Z] [DEBUG] Loaded command: membercount
[2026-08-13T23:19:33.613Z] [DEBUG] Loaded command: move
[2026-08-13T23:19:33.613Z] [DEBUG] Loaded command: note
[2026-08-13T23:19:33.614Z] [DEBUG] Loaded command: nowplaying
[2026-08-13T23:19:33.614Z] [DEBUG] Loaded command: pause
[2026-08-13T23:19:33.615Z] [DEBUG] Loaded command: pay
[2026-08-13T23:19:33.615Z] [DEBUG] Loaded command: ping
[2026-08-13T23:19:33.615Z] [DEBUG] Loaded command: play
[2026-08-13T23:19:33.616Z] [DEBUG] Loaded command: points
[2026-08-13T23:19:33.617Z] [DEBUG] Loaded command: poll
[2026-08-13T23:19:33.617Z] [DEBUG] Loaded command: qr
[2026-08-13T23:19:33.617Z] [DEBUG] Loaded command: queue
[2026-08-13T23:19:33.635Z] [DEBUG] Loaded command: rank
[2026-08-13T23:19:33.636Z] [DEBUG] Loaded command: reactionrole
[2026-08-13T23:19:33.637Z] [DEBUG] Loaded command: remind
[2026-08-13T23:19:33.637Z] [DEBUG] Loaded command: reminders
[2026-08-13T23:19:33.638Z] [DEBUG] Loaded command: remove
[2026-08-13T23:19:33.638Z] [DEBUG] Loaded command: removewarn
[2026-08-13T23:19:33.639Z] [DEBUG] Loaded command: rep
[2026-08-13T23:19:33.639Z] [DEBUG] Loaded command: replay
[2026-08-13T23:19:33.639Z] [DEBUG] Loaded command: resetxp
[2026-08-13T23:19:33.640Z] [DEBUG] Loaded command: resume
[2026-08-13T23:19:33.640Z] [DEBUG] Loaded command: role
[2026-08-13T23:19:33.640Z] [DEBUG] Loaded command: roleinfo
[2026-08-13T23:19:33.641Z] [DEBUG] Loaded command: roll
[2026-08-13T23:19:33.641Z] [DEBUG] Loaded command: say
[2026-08-13T23:19:33.641Z] [DEBUG] Loaded command: seek
[2026-08-13T23:19:33.642Z] [DEBUG] Loaded command: serverinfo
[2026-08-13T23:19:33.642Z] [DEBUG] Loaded command: serverstats
[2026-08-13T23:19:33.642Z] [DEBUG] Loaded command: setlevel
[2026-08-13T23:19:33.643Z] [DEBUG] Loaded command: setnick
[2026-08-13T23:19:33.643Z] [DEBUG] Loaded command: setupverification
[2026-08-13T23:19:33.643Z] [DEBUG] Loaded command: ship
[2026-08-13T23:19:33.644Z] [DEBUG] Loaded command: shuffle
[2026-08-13T23:19:33.644Z] [DEBUG] Loaded command: skip
[2026-08-13T23:19:33.644Z] [DEBUG] Loaded command: slots
[2026-08-13T23:19:33.645Z] [DEBUG] Loaded command: slowmode
[2026-08-13T23:19:33.645Z] [DEBUG] Loaded command: snipe
[2026-08-13T23:19:33.645Z] [DEBUG] Loaded command: softban
[2026-08-13T23:19:33.645Z] [DEBUG] Loaded command: stats
[2026-08-13T23:19:33.646Z] [DEBUG] Loaded command: steal
[2026-08-13T23:19:33.646Z] [DEBUG] Loaded command: stop
[2026-08-13T23:19:33.646Z] [DEBUG] Loaded command: streak
[2026-08-13T23:19:33.648Z] [DEBUG] Loaded command: suggest
[2026-08-13T23:19:33.649Z] [DEBUG] Loaded command: tag
[2026-08-13T23:19:33.650Z] [DEBUG] Loaded command: ticket
[2026-08-13T23:19:33.651Z] [DEBUG] Loaded command: timeout
[2026-08-13T23:19:33.653Z] [DEBUG] Loaded command: tools
[2026-08-13T23:19:33.653Z] [DEBUG] Loaded command: truthordare
[2026-08-13T23:19:33.654Z] [DEBUG] Loaded command: unban
[2026-08-13T23:19:33.654Z] [DEBUG] Loaded command: unlock
[2026-08-13T23:19:33.655Z] [DEBUG] Loaded command: untimeout
[2026-08-13T23:19:33.655Z] [DEBUG] Loaded command: unvmute
[2026-08-13T23:19:33.655Z] [DEBUG] Loaded command: userinfo
[2026-08-13T23:19:33.656Z] [DEBUG] Loaded command: vmute
[2026-08-13T23:19:33.656Z] [DEBUG] Loaded command: volume
[2026-08-13T23:19:33.656Z] [DEBUG] Loaded command: warn
[2026-08-13T23:19:33.657Z] [DEBUG] Loaded command: warnings
[2026-08-13T23:19:33.657Z] [DEBUG] Loaded command: welcome
[2026-08-13T23:19:33.658Z] [DEBUG] Loaded command: whitelist
[2026-08-13T23:19:33.658Z] [DEBUG] Loaded command: work
[2026-08-13T23:19:33.659Z] [DEBUG] Loaded command: wouldyourather
[2026-08-13T23:19:33.659Z] [INFO] Running startup diagnostics...
[2026-08-13T23:19:33.659Z] [DEBUG] [PASS] Environment Variables
[2026-08-13T23:19:33.659Z] [DEBUG] [PASS] Commands Directory
[2026-08-13T23:19:33.659Z] [DEBUG] [PASS] Database Connection
[2026-08-13T23:19:33.746Z] [INFO] Music extractors loaded
[2026-08-13T23:19:33.748Z] [DEBUG] Loaded Client Event: guildMemberUpdate
[2026-08-13T23:19:33.748Z] [DEBUG] Loaded Client Event: guildUpdate
[2026-08-13T23:19:33.748Z] [DEBUG] Loaded Client Event: guildBanAdd
[2026-08-13T23:19:33.748Z] [DEBUG] Loaded Client Event: guildBanRemove
[2026-08-13T23:19:33.749Z] [DEBUG] Loaded Client Event: channelCreate
[2026-08-13T23:19:33.749Z] [DEBUG] Loaded Client Event: channelDelete
[2026-08-13T23:19:33.749Z] [DEBUG] Loaded Client Event: emojiCreate
[2026-08-13T23:19:33.749Z] [DEBUG] Loaded Client Event: emojiDelete
[2026-08-13T23:19:33.749Z] [DEBUG] Loaded Client Event: emojiUpdate
[2026-08-13T23:19:33.749Z] [DEBUG] Loaded Client Event: stickerCreate
[2026-08-13T23:19:33.749Z] [DEBUG] Loaded Client Event: stickerDelete
[2026-08-13T23:19:33.750Z] [DEBUG] Loaded Client Event: interactionCreate
[2026-08-13T23:19:33.751Z] [DEBUG] Loaded Client Event: guildMemberAdd
[2026-08-13T23:19:33.751Z] [DEBUG] Loaded Client Event: guildMemberRemove
[2026-08-13T23:19:33.751Z] [DEBUG] Loaded Client Event: inviteCreate
[2026-08-13T23:19:33.751Z] [DEBUG] Loaded Client Event: inviteDelete
[2026-08-13T23:19:33.752Z] [DEBUG] Loaded Client Event: messageCreate
[2026-08-13T23:19:33.752Z] [DEBUG] Loaded Client Event: messageDelete
[2026-08-13T23:19:33.752Z] [DEBUG] Loaded Client Event: messageUpdate
[2026-08-13T23:19:33.752Z] [DEBUG] Loaded Client Event: messageReactionAdd
[2026-08-13T23:19:33.752Z] [DEBUG] Loaded Client Event: messageReactionRemove
[2026-08-13T23:19:33.753Z] [DEBUG] Loaded Client Event: clientReady
[2026-08-13T23:19:33.753Z] [DEBUG] Loaded Client Event: roleCreate
[2026-08-13T23:19:33.753Z] [DEBUG] Loaded Client Event: roleDelete
[2026-08-13T23:19:33.753Z] [DEBUG] Loaded Client Event: roleUpdate
[2026-08-13T23:19:33.753Z] [DEBUG] Loaded Client Event: threadCreate
[2026-08-13T23:19:33.753Z] [DEBUG] Loaded Client Event: threadDelete
[2026-08-13T23:19:33.753Z] [DEBUG] Loaded Client Event: voiceStateUpdate
[2026-08-13T23:19:33.754Z] [DEBUG] Loaded Player Event: audioTrackAdd
[2026-08-13T23:19:33.754Z] [DEBUG] Loaded Player Event: audioTracksAdd
[2026-08-13T23:19:33.754Z] [DEBUG] Loaded Player Event: disconnect
[2026-08-13T23:19:33.754Z] [DEBUG] Loaded Player Event: emptyChannel
[2026-08-13T23:19:33.755Z] [DEBUG] Loaded Player Event: emptyQueue
[2026-08-13T23:19:33.755Z] [DEBUG] Loaded Player Event: error
[2026-08-13T23:19:33.755Z] [DEBUG] Loaded Player Event: playerError
[2026-08-13T23:19:33.755Z] [DEBUG] Loaded Player Event: playerSkip
[2026-08-13T23:19:33.756Z] [DEBUG] Loaded Player Event: playerStart
[2026-08-13T23:19:33.756Z] [DEBUG] Scheduler job "timed-bans" started (interval: 60000ms)
[2026-08-13T23:19:33.756Z] [DEBUG] Scheduler job "giveaways" started (interval: 10000ms)
[2026-08-13T23:19:33.756Z] [DEBUG] Scheduler job "birthdays" started (interval: 3600000ms)
[2026-08-13T23:19:33.756Z] [DEBUG] Scheduler job "birthday-roles" started (interval: 3600000ms)
[2026-08-13T23:19:33.756Z] [DEBUG] Scheduler job "reminders" started (interval: 15000ms)
[2026-08-13T23:19:33.756Z] [DEBUG] Scheduler job "map-cleanup" started (interval: 3600000ms)
[2026-08-13T23:19:33.756Z] [DEBUG] Scheduler job "verification-kick" started (interval: 60000ms)
[2026-08-13T23:19:33.756Z] [DEBUG] Scheduler job "polls-close" started (interval: 30000ms)
[2026-08-13T23:19:33.756Z] [DEBUG] Scheduler job "public-url" started (interval: 15000ms)
[2026-08-13T23:19:33.827Z] [INFO] ✨ Dashboard active at http://0.0.0.0:3000
[2026-08-13T23:19:34.638Z] [INFO] Bot logged in as 𝑬𝑩#8552
[2026-08-13T23:19:34.832Z] [DEBUG] Cached 3 invites for guild: 𝑬𝑩 𝑺𝒕𝒐𝒓𝒆
[2026-08-13T23:19:35.031Z] [DEBUG] Cached 2 invites for guild: 𝑬𝑩
[2026-08-13T23:23:40.553Z] [DEBUG] Loaded command: afk
[2026-08-13T23:23:40.555Z] [DEBUG] Loaded command: announce
[2026-08-13T23:23:40.556Z] [DEBUG] Loaded command: automod
[2026-08-13T23:23:40.557Z] [DEBUG] Loaded command: autoplay
[2026-08-13T23:23:40.557Z] [DEBUG] Loaded command: avatar
[2026-08-13T23:23:40.558Z] [DEBUG] Loaded command: badges
[2026-08-13T23:23:40.558Z] [DEBUG] Loaded command: ban
[2026-08-13T23:23:40.559Z] [DEBUG] Loaded command: banner
[2026-08-13T23:23:40.560Z] [DEBUG] Loaded command: birthday
[2026-08-13T23:23:40.561Z] [DEBUG] Loaded command: birthdaysettings
[2026-08-13T23:23:40.561Z] [DEBUG] Loaded command: channelinfo
[2026-08-13T23:23:40.562Z] [DEBUG] Loaded command: clear
[2026-08-13T23:23:40.562Z] [DEBUG] Loaded command: coinflip
[2026-08-13T23:23:40.563Z] [DEBUG] Loaded command: confess
[2026-08-13T23:23:40.563Z] [DEBUG] Loaded command: credits
[2026-08-13T23:23:40.563Z] [DEBUG] Loaded command: daily
[2026-08-13T23:23:40.588Z] [DEBUG] Loaded command: define
[2026-08-13T23:23:40.588Z] [DEBUG] Loaded command: editsnipe
[2026-08-13T23:23:40.589Z] [DEBUG] Loaded command: filters
[2026-08-13T23:23:40.589Z] [DEBUG] Loaded command: firstmessage
[2026-08-13T23:23:40.591Z] [DEBUG] Loaded command: fun
[2026-08-13T23:23:40.594Z] [DEBUG] Loaded command: games
[2026-08-13T23:23:40.595Z] [DEBUG] Loaded command: giveaway
[2026-08-13T23:23:40.595Z] [DEBUG] Loaded command: givexp
[2026-08-13T23:23:40.596Z] [DEBUG] Loaded command: help
[2026-08-13T23:23:40.596Z] [DEBUG] Loaded command: info
[2026-08-13T23:23:40.596Z] [DEBUG] Loaded command: invites
[2026-08-13T23:23:40.597Z] [DEBUG] Loaded command: jumbo
[2026-08-13T23:23:40.597Z] [DEBUG] Loaded command: kick
[2026-08-13T23:23:40.598Z] [DEBUG] Loaded command: leaderboard
[2026-08-13T23:23:40.598Z] [DEBUG] Loaded command: leave
[2026-08-13T23:23:40.599Z] [DEBUG] Loaded command: levelsettings
[2026-08-13T23:23:40.599Z] [DEBUG] Loaded command: lock
[2026-08-13T23:23:40.600Z] [DEBUG] Loaded command: lockdown
[2026-08-13T23:23:40.601Z] [DEBUG] Loaded command: logging
[2026-08-13T23:23:40.601Z] [DEBUG] Loaded command: loop
[2026-08-13T23:23:40.602Z] [DEBUG] Loaded command: lyrics
[2026-08-13T23:23:40.602Z] [DEBUG] Loaded command: math
[2026-08-13T23:23:40.602Z] [DEBUG] Loaded command: membercount
[2026-08-13T23:23:40.603Z] [DEBUG] Loaded command: move
[2026-08-13T23:23:40.604Z] [DEBUG] Loaded command: note
[2026-08-13T23:23:40.604Z] [DEBUG] Loaded command: nowplaying
[2026-08-13T23:23:40.604Z] [DEBUG] Loaded command: pause
[2026-08-13T23:23:40.605Z] [DEBUG] Loaded command: pay
[2026-08-13T23:23:40.605Z] [DEBUG] Loaded command: ping
[2026-08-13T23:23:40.605Z] [DEBUG] Loaded command: play
[2026-08-13T23:23:40.606Z] [DEBUG] Loaded command: points
[2026-08-13T23:23:40.606Z] [DEBUG] Loaded command: poll
[2026-08-13T23:23:40.607Z] [DEBUG] Loaded command: qr
[2026-08-13T23:23:40.607Z] [DEBUG] Loaded command: queue
[2026-08-13T23:23:40.624Z] [DEBUG] Loaded command: rank
[2026-08-13T23:23:40.625Z] [DEBUG] Loaded command: reactionrole
[2026-08-13T23:23:40.625Z] [DEBUG] Loaded command: remind
[2026-08-13T23:23:40.626Z] [DEBUG] Loaded command: reminders
[2026-08-13T23:23:40.626Z] [DEBUG] Loaded command: remove
[2026-08-13T23:23:40.626Z] [DEBUG] Loaded command: removewarn
[2026-08-13T23:23:40.627Z] [DEBUG] Loaded command: rep
[2026-08-13T23:23:40.627Z] [DEBUG] Loaded command: replay
[2026-08-13T23:23:40.627Z] [DEBUG] Loaded command: resetxp
[2026-08-13T23:23:40.628Z] [DEBUG] Loaded command: resume
[2026-08-13T23:23:40.628Z] [DEBUG] Loaded command: role
[2026-08-13T23:23:40.628Z] [DEBUG] Loaded command: roleinfo
[2026-08-13T23:23:40.629Z] [DEBUG] Loaded command: roll
[2026-08-13T23:23:40.629Z] [DEBUG] Loaded command: say
[2026-08-13T23:23:40.629Z] [DEBUG] Loaded command: seek
[2026-08-13T23:23:40.630Z] [DEBUG] Loaded command: serverinfo
[2026-08-13T23:23:40.630Z] [DEBUG] Loaded command: serverstats
[2026-08-13T23:23:40.630Z] [DEBUG] Loaded command: setlevel
[2026-08-13T23:23:40.631Z] [DEBUG] Loaded command: setnick
[2026-08-13T23:23:40.631Z] [DEBUG] Loaded command: setupverification
[2026-08-13T23:23:40.632Z] [DEBUG] Loaded command: ship
[2026-08-13T23:23:40.632Z] [DEBUG] Loaded command: shuffle
[2026-08-13T23:23:40.632Z] [DEBUG] Loaded command: skip
[2026-08-13T23:23:40.632Z] [DEBUG] Loaded command: slots
[2026-08-13T23:23:40.633Z] [DEBUG] Loaded command: slowmode
[2026-08-13T23:23:40.633Z] [DEBUG] Loaded command: snipe
[2026-08-13T23:23:40.633Z] [DEBUG] Loaded command: softban
[2026-08-13T23:23:40.634Z] [DEBUG] Loaded command: stats
[2026-08-13T23:23:40.634Z] [DEBUG] Loaded command: steal
[2026-08-13T23:23:40.634Z] [DEBUG] Loaded command: stop
[2026-08-13T23:23:40.635Z] [DEBUG] Loaded command: streak
[2026-08-13T23:23:40.636Z] [DEBUG] Loaded command: suggest
[2026-08-13T23:23:40.637Z] [DEBUG] Loaded command: tag
[2026-08-13T23:23:40.637Z] [DEBUG] Loaded command: ticket
[2026-08-13T23:23:40.638Z] [DEBUG] Loaded command: timeout
[2026-08-13T23:23:40.640Z] [DEBUG] Loaded command: tools
[2026-08-13T23:23:40.640Z] [DEBUG] Loaded command: truthordare
[2026-08-13T23:23:40.641Z] [DEBUG] Loaded command: unban
[2026-08-13T23:23:40.641Z] [DEBUG] Loaded command: unlock
[2026-08-13T23:23:40.641Z] [DEBUG] Loaded command: untimeout
[2026-08-13T23:23:40.642Z] [DEBUG] Loaded command: unvmute
[2026-08-13T23:23:40.642Z] [DEBUG] Loaded command: userinfo
[2026-08-13T23:23:40.642Z] [DEBUG] Loaded command: vmute
[2026-08-13T23:23:40.643Z] [DEBUG] Loaded command: volume
[2026-08-13T23:23:40.643Z] [DEBUG] Loaded command: warn
[2026-08-13T23:23:40.644Z] [DEBUG] Loaded command: warnings
[2026-08-13T23:23:40.644Z] [DEBUG] Loaded command: welcome
[2026-08-13T23:23:40.645Z] [DEBUG] Loaded command: whitelist
[2026-08-13T23:23:40.645Z] [DEBUG] Loaded command: work
[2026-08-13T23:23:40.645Z] [DEBUG] Loaded command: wouldyourather
[2026-08-13T23:23:40.645Z] [INFO] Running startup diagnostics...
[2026-08-13T23:23:40.646Z] [DEBUG] [PASS] Environment Variables
[2026-08-13T23:23:40.646Z] [DEBUG] [PASS] Commands Directory
[2026-08-13T23:23:40.646Z] [DEBUG] [PASS] Database Connection
[2026-08-13T23:23:40.739Z] [INFO] Music extractors loaded
[2026-08-13T23:23:40.740Z] [DEBUG] Loaded Client Event: guildMemberUpdate
[2026-08-13T23:23:40.740Z] [DEBUG] Loaded Client Event: guildUpdate
[2026-08-13T23:23:40.740Z] [DEBUG] Loaded Client Event: guildBanAdd
[2026-08-13T23:23:40.740Z] [DEBUG] Loaded Client Event: guildBanRemove
[2026-08-13T23:23:40.741Z] [DEBUG] Loaded Client Event: channelCreate
[2026-08-13T23:23:40.741Z] [DEBUG] Loaded Client Event: channelDelete
[2026-08-13T23:23:40.741Z] [DEBUG] Loaded Client Event: emojiCreate
[2026-08-13T23:23:40.741Z] [DEBUG] Loaded Client Event: emojiDelete
[2026-08-13T23:23:40.741Z] [DEBUG] Loaded Client Event: emojiUpdate
[2026-08-13T23:23:40.741Z] [DEBUG] Loaded Client Event: stickerCreate
[2026-08-13T23:23:40.741Z] [DEBUG] Loaded Client Event: stickerDelete
[2026-08-13T23:23:40.742Z] [DEBUG] Loaded Client Event: interactionCreate
[2026-08-13T23:23:40.743Z] [DEBUG] Loaded Client Event: guildMemberAdd
[2026-08-13T23:23:40.743Z] [DEBUG] Loaded Client Event: guildMemberRemove
[2026-08-13T23:23:40.743Z] [DEBUG] Loaded Client Event: inviteCreate
[2026-08-13T23:23:40.743Z] [DEBUG] Loaded Client Event: inviteDelete
[2026-08-13T23:23:40.743Z] [DEBUG] Loaded Client Event: messageCreate
[2026-08-13T23:23:40.744Z] [DEBUG] Loaded Client Event: messageDelete
[2026-08-13T23:23:40.744Z] [DEBUG] Loaded Client Event: messageUpdate
[2026-08-13T23:23:40.744Z] [DEBUG] Loaded Client Event: messageReactionAdd
[2026-08-13T23:23:40.744Z] [DEBUG] Loaded Client Event: messageReactionRemove
[2026-08-13T23:23:40.744Z] [DEBUG] Loaded Client Event: clientReady
[2026-08-13T23:23:40.745Z] [DEBUG] Loaded Client Event: roleCreate
[2026-08-13T23:23:40.745Z] [DEBUG] Loaded Client Event: roleDelete
[2026-08-13T23:23:40.745Z] [DEBUG] Loaded Client Event: roleUpdate
[2026-08-13T23:23:40.745Z] [DEBUG] Loaded Client Event: threadCreate
[2026-08-13T23:23:40.745Z] [DEBUG] Loaded Client Event: threadDelete
[2026-08-13T23:23:40.745Z] [DEBUG] Loaded Client Event: voiceStateUpdate
[2026-08-13T23:23:40.746Z] [DEBUG] Loaded Player Event: audioTrackAdd
[2026-08-13T23:23:40.746Z] [DEBUG] Loaded Player Event: audioTracksAdd
[2026-08-13T23:23:40.746Z] [DEBUG] Loaded Player Event: disconnect
[2026-08-13T23:23:40.746Z] [DEBUG] Loaded Player Event: emptyChannel
[2026-08-13T23:23:40.747Z] [DEBUG] Loaded Player Event: emptyQueue
[2026-08-13T23:23:40.747Z] [DEBUG] Loaded Player Event: error
[2026-08-13T23:23:40.747Z] [DEBUG] Loaded Player Event: playerError
[2026-08-13T23:23:40.747Z] [DEBUG] Loaded Player Event: playerSkip
[2026-08-13T23:23:40.748Z] [DEBUG] Loaded Player Event: playerStart
[2026-08-13T23:23:40.748Z] [DEBUG] Scheduler job "timed-bans" started (interval: 60000ms)
[2026-08-13T23:23:40.748Z] [DEBUG] Scheduler job "giveaways" started (interval: 10000ms)
[2026-08-13T23:23:40.748Z] [DEBUG] Scheduler job "birthdays" started (interval: 3600000ms)
[2026-08-13T23:23:40.748Z] [DEBUG] Scheduler job "birthday-roles" started (interval: 3600000ms)
[2026-08-13T23:23:40.748Z] [DEBUG] Scheduler job "reminders" started (interval: 15000ms)
[2026-08-13T23:23:40.748Z] [DEBUG] Scheduler job "map-cleanup" started (interval: 3600000ms)
[2026-08-13T23:23:40.748Z] [DEBUG] Scheduler job "verification-kick" started (interval: 60000ms)
[2026-08-13T23:23:40.748Z] [DEBUG] Scheduler job "polls-close" started (interval: 30000ms)
[2026-08-13T23:23:40.748Z] [DEBUG] Scheduler job "public-url" started (interval: 15000ms)
[2026-08-13T23:23:40.817Z] [INFO] ✨ Dashboard active at http://0.0.0.0:3000
[2026-08-13T23:23:41.710Z] [INFO] Bot logged in as 𝑬𝑩#8552
[2026-08-13T23:23:41.862Z] [DEBUG] Cached 3 invites for guild: 𝑬𝑩 𝑺𝒕𝒐𝒓𝒆
[2026-08-13T23:23:42.110Z] [DEBUG] Cached 2 invites for guild: 𝑬𝑩
[2026-08-13T23:24:02.792Z] [DEBUG] Loaded command: afk
[2026-08-13T23:24:02.794Z] [DEBUG] Loaded command: announce
[2026-08-13T23:24:02.796Z] [DEBUG] Loaded command: automod
[2026-08-13T23:24:02.796Z] [DEBUG] Loaded command: autoplay
[2026-08-13T23:24:02.796Z] [DEBUG] Loaded command: avatar
[2026-08-13T23:24:02.797Z] [DEBUG] Loaded command: badges
[2026-08-13T23:24:02.798Z] [DEBUG] Loaded command: ban
[2026-08-13T23:24:02.798Z] [DEBUG] Loaded command: banner
[2026-08-13T23:24:02.799Z] [DEBUG] Loaded command: birthday
[2026-08-13T23:24:02.800Z] [DEBUG] Loaded command: birthdaysettings
[2026-08-13T23:24:02.800Z] [DEBUG] Loaded command: channelinfo
[2026-08-13T23:24:02.801Z] [DEBUG] Loaded command: clear
[2026-08-13T23:24:02.801Z] [DEBUG] Loaded command: coinflip
[2026-08-13T23:24:02.802Z] [DEBUG] Loaded command: confess
[2026-08-13T23:24:02.802Z] [DEBUG] Loaded command: credits
[2026-08-13T23:24:02.803Z] [DEBUG] Loaded command: daily
[2026-08-13T23:24:02.827Z] [DEBUG] Loaded command: define
[2026-08-13T23:24:02.828Z] [DEBUG] Loaded command: editsnipe
[2026-08-13T23:24:02.829Z] [DEBUG] Loaded command: filters
[2026-08-13T23:24:02.829Z] [DEBUG] Loaded command: firstmessage
[2026-08-13T23:24:02.830Z] [DEBUG] Loaded command: fun
[2026-08-13T23:24:02.833Z] [DEBUG] Loaded command: games
[2026-08-13T23:24:02.834Z] [DEBUG] Loaded command: giveaway
[2026-08-13T23:24:02.835Z] [DEBUG] Loaded command: givexp
[2026-08-13T23:24:02.835Z] [DEBUG] Loaded command: help
[2026-08-13T23:24:02.835Z] [DEBUG] Loaded command: info
[2026-08-13T23:24:02.836Z] [DEBUG] Loaded command: invites
[2026-08-13T23:24:02.836Z] [DEBUG] Loaded command: jumbo
[2026-08-13T23:24:02.836Z] [DEBUG] Loaded command: kick
[2026-08-13T23:24:02.837Z] [DEBUG] Loaded command: leaderboard
[2026-08-13T23:24:02.837Z] [DEBUG] Loaded command: leave
[2026-08-13T23:24:02.838Z] [DEBUG] Loaded command: levelsettings
[2026-08-13T23:24:02.839Z] [DEBUG] Loaded command: lock
[2026-08-13T23:24:02.839Z] [DEBUG] Loaded command: lockdown
[2026-08-13T23:24:02.840Z] [DEBUG] Loaded command: logging
[2026-08-13T23:24:02.841Z] [DEBUG] Loaded command: loop
[2026-08-13T23:24:02.841Z] [DEBUG] Loaded command: lyrics
[2026-08-13T23:24:02.841Z] [DEBUG] Loaded command: math
[2026-08-13T23:24:02.842Z] [DEBUG] Loaded command: membercount
[2026-08-13T23:24:02.842Z] [DEBUG] Loaded command: move
[2026-08-13T23:24:02.843Z] [DEBUG] Loaded command: note
[2026-08-13T23:24:02.843Z] [DEBUG] Loaded command: nowplaying
[2026-08-13T23:24:02.843Z] [DEBUG] Loaded command: pause
[2026-08-13T23:24:02.844Z] [DEBUG] Loaded command: pay
[2026-08-13T23:24:02.844Z] [DEBUG] Loaded command: ping
[2026-08-13T23:24:02.844Z] [DEBUG] Loaded command: play
[2026-08-13T23:24:02.845Z] [DEBUG] Loaded command: points
[2026-08-13T23:24:02.845Z] [DEBUG] Loaded command: poll
[2026-08-13T23:24:02.846Z] [DEBUG] Loaded command: qr
[2026-08-13T23:24:02.846Z] [DEBUG] Loaded command: queue
[2026-08-13T23:24:02.863Z] [DEBUG] Loaded command: rank
[2026-08-13T23:24:02.864Z] [DEBUG] Loaded command: reactionrole
[2026-08-13T23:24:02.864Z] [DEBUG] Loaded command: remind
[2026-08-13T23:24:02.864Z] [DEBUG] Loaded command: reminders
[2026-08-13T23:24:02.865Z] [DEBUG] Loaded command: remove
[2026-08-13T23:24:02.865Z] [DEBUG] Loaded command: removewarn
[2026-08-13T23:24:02.866Z] [DEBUG] Loaded command: rep
[2026-08-13T23:24:02.866Z] [DEBUG] Loaded command: replay
[2026-08-13T23:24:02.866Z] [DEBUG] Loaded command: resetxp
[2026-08-13T23:24:02.867Z] [DEBUG] Loaded command: resume
[2026-08-13T23:24:02.867Z] [DEBUG] Loaded command: role
[2026-08-13T23:24:02.867Z] [DEBUG] Loaded command: roleinfo
[2026-08-13T23:24:02.867Z] [DEBUG] Loaded command: roll
[2026-08-13T23:24:02.868Z] [DEBUG] Loaded command: say
[2026-08-13T23:24:02.868Z] [DEBUG] Loaded command: seek
[2026-08-13T23:24:02.869Z] [DEBUG] Loaded command: serverinfo
[2026-08-13T23:24:02.869Z] [DEBUG] Loaded command: serverstats
[2026-08-13T23:24:02.869Z] [DEBUG] Loaded command: setlevel
[2026-08-13T23:24:02.870Z] [DEBUG] Loaded command: setnick
[2026-08-13T23:24:02.870Z] [DEBUG] Loaded command: setupverification
[2026-08-13T23:24:02.870Z] [DEBUG] Loaded command: ship
[2026-08-13T23:24:02.871Z] [DEBUG] Loaded command: shuffle
[2026-08-13T23:24:02.871Z] [DEBUG] Loaded command: skip
[2026-08-13T23:24:02.871Z] [DEBUG] Loaded command: slots
[2026-08-13T23:24:02.872Z] [DEBUG] Loaded command: slowmode
[2026-08-13T23:24:02.872Z] [DEBUG] Loaded command: snipe
[2026-08-13T23:24:02.872Z] [DEBUG] Loaded command: softban
[2026-08-13T23:24:02.873Z] [DEBUG] Loaded command: stats
[2026-08-13T23:24:02.873Z] [DEBUG] Loaded command: steal
[2026-08-13T23:24:02.873Z] [DEBUG] Loaded command: stop
[2026-08-13T23:24:02.873Z] [DEBUG] Loaded command: streak
[2026-08-13T23:24:02.874Z] [DEBUG] Loaded command: suggest
[2026-08-13T23:24:02.875Z] [DEBUG] Loaded command: tag
[2026-08-13T23:24:02.876Z] [DEBUG] Loaded command: ticket
[2026-08-13T23:24:02.877Z] [DEBUG] Loaded command: timeout
[2026-08-13T23:24:02.879Z] [DEBUG] Loaded command: tools
[2026-08-13T23:24:02.879Z] [DEBUG] Loaded command: truthordare
[2026-08-13T23:24:02.879Z] [DEBUG] Loaded command: unban
[2026-08-13T23:24:02.880Z] [DEBUG] Loaded command: unlock
[2026-08-13T23:24:02.880Z] [DEBUG] Loaded command: untimeout
[2026-08-13T23:24:02.880Z] [DEBUG] Loaded command: unvmute
[2026-08-13T23:24:02.881Z] [DEBUG] Loaded command: userinfo
[2026-08-13T23:24:02.881Z] [DEBUG] Loaded command: vmute
[2026-08-13T23:24:02.881Z] [DEBUG] Loaded command: volume
[2026-08-13T23:24:02.882Z] [DEBUG] Loaded command: warn
[2026-08-13T23:24:02.882Z] [DEBUG] Loaded command: warnings
[2026-08-13T23:24:02.883Z] [DEBUG] Loaded command: welcome
[2026-08-13T23:24:02.883Z] [DEBUG] Loaded command: whitelist
[2026-08-13T23:24:02.884Z] [DEBUG] Loaded command: work
[2026-08-13T23:24:02.884Z] [DEBUG] Loaded command: wouldyourather
[2026-08-13T23:24:02.884Z] [INFO] Running startup diagnostics...
[2026-08-13T23:24:02.884Z] [DEBUG] [PASS] Environment Variables
[2026-08-13T23:24:02.884Z] [DEBUG] [PASS] Commands Directory
[2026-08-13T23:24:02.884Z] [DEBUG] [PASS] Database Connection
[2026-08-13T23:24:02.971Z] [INFO] Music extractors loaded
[2026-08-13T23:24:02.972Z] [DEBUG] Loaded Client Event: guildMemberUpdate
[2026-08-13T23:24:02.973Z] [DEBUG] Loaded Client Event: guildUpdate
[2026-08-13T23:24:02.973Z] [DEBUG] Loaded Client Event: guildBanAdd
[2026-08-13T23:24:02.973Z] [DEBUG] Loaded Client Event: guildBanRemove
[2026-08-13T23:24:02.973Z] [DEBUG] Loaded Client Event: channelCreate
[2026-08-13T23:24:02.973Z] [DEBUG] Loaded Client Event: channelDelete
[2026-08-13T23:24:02.973Z] [DEBUG] Loaded Client Event: emojiCreate
[2026-08-13T23:24:02.973Z] [DEBUG] Loaded Client Event: emojiDelete
[2026-08-13T23:24:02.974Z] [DEBUG] Loaded Client Event: emojiUpdate
[2026-08-13T23:24:02.974Z] [DEBUG] Loaded Client Event: stickerCreate
[2026-08-13T23:24:02.974Z] [DEBUG] Loaded Client Event: stickerDelete
[2026-08-13T23:24:02.975Z] [DEBUG] Loaded Client Event: interactionCreate
[2026-08-13T23:24:02.975Z] [DEBUG] Loaded Client Event: guildMemberAdd
[2026-08-13T23:24:02.975Z] [DEBUG] Loaded Client Event: guildMemberRemove
[2026-08-13T23:24:02.975Z] [DEBUG] Loaded Client Event: inviteCreate
[2026-08-13T23:24:02.975Z] [DEBUG] Loaded Client Event: inviteDelete
[2026-08-13T23:24:02.976Z] [DEBUG] Loaded Client Event: messageCreate
[2026-08-13T23:24:02.976Z] [DEBUG] Loaded Client Event: messageDelete
[2026-08-13T23:24:02.976Z] [DEBUG] Loaded Client Event: messageUpdate
[2026-08-13T23:24:02.977Z] [DEBUG] Loaded Client Event: messageReactionAdd
[2026-08-13T23:24:02.977Z] [DEBUG] Loaded Client Event: messageReactionRemove
[2026-08-13T23:24:02.977Z] [DEBUG] Loaded Client Event: clientReady
[2026-08-13T23:24:02.977Z] [DEBUG] Loaded Client Event: roleCreate
[2026-08-13T23:24:02.977Z] [DEBUG] Loaded Client Event: roleDelete
[2026-08-13T23:24:02.977Z] [DEBUG] Loaded Client Event: roleUpdate
[2026-08-13T23:24:02.977Z] [DEBUG] Loaded Client Event: threadCreate
[2026-08-13T23:24:02.977Z] [DEBUG] Loaded Client Event: threadDelete
[2026-08-13T23:24:02.978Z] [DEBUG] Loaded Client Event: voiceStateUpdate
[2026-08-13T23:24:02.978Z] [DEBUG] Loaded Player Event: audioTrackAdd
[2026-08-13T23:24:02.978Z] [DEBUG] Loaded Player Event: audioTracksAdd
[2026-08-13T23:24:02.979Z] [DEBUG] Loaded Player Event: disconnect
[2026-08-13T23:24:02.979Z] [DEBUG] Loaded Player Event: emptyChannel
[2026-08-13T23:24:02.979Z] [DEBUG] Loaded Player Event: emptyQueue
[2026-08-13T23:24:02.979Z] [DEBUG] Loaded Player Event: error
[2026-08-13T23:24:02.979Z] [DEBUG] Loaded Player Event: playerError
[2026-08-13T23:24:02.980Z] [DEBUG] Loaded Player Event: playerSkip
[2026-08-13T23:24:02.980Z] [DEBUG] Loaded Player Event: playerStart
[2026-08-13T23:24:02.980Z] [DEBUG] Scheduler job "timed-bans" started (interval: 60000ms)
[2026-08-13T23:24:02.981Z] [DEBUG] Scheduler job "giveaways" started (interval: 10000ms)
[2026-08-13T23:24:02.981Z] [DEBUG] Scheduler job "birthdays" started (interval: 3600000ms)
[2026-08-13T23:24:02.981Z] [DEBUG] Scheduler job "birthday-roles" started (interval: 3600000ms)
[2026-08-13T23:24:02.981Z] [DEBUG] Scheduler job "reminders" started (interval: 15000ms)
[2026-08-13T23:24:02.981Z] [DEBUG] Scheduler job "map-cleanup" started (interval: 3600000ms)
[2026-08-13T23:24:02.981Z] [DEBUG] Scheduler job "verification-kick" started (interval: 60000ms)
[2026-08-13T23:24:02.981Z] [DEBUG] Scheduler job "polls-close" started (interval: 30000ms)
[2026-08-13T23:24:02.981Z] [DEBUG] Scheduler job "public-url" started (interval: 15000ms)
[2026-08-13T23:24:03.056Z] [INFO] ✨ Dashboard active at http://0.0.0.0:3000
[2026-08-13T23:24:03.935Z] [INFO] Bot logged in as 𝑬𝑩#8552
[2026-08-13T23:24:04.167Z] [DEBUG] Cached 3 invites for guild: 𝑬𝑩 𝑺𝒕𝒐𝒓𝒆
[2026-08-13T23:24:04.361Z] [DEBUG] Cached 2 invites for guild: 𝑬𝑩
[2026-08-14T19:13:36.880Z] [WARN] SESSION_SECRET is not set — using a random secret for this process only
[2026-08-14T19:13:37.069Z] [INFO] Dashboard auth: ENFORCED — Discord OAuth required for all API access
[2026-08-14T19:13:37.070Z] [WARN] CLIENT_ID / DISCORD_CLIENT_SECRET not set — OAuth login cannot succeed, so nobody will be able to sign in
[2026-08-14T19:13:37.072Z] [INFO] ✨ Dashboard active at http://0.0.0.0:3000
[2026-08-14T19:14:09.824Z] [WARN] SESSION_SECRET is not set — using a random secret for this process only
[2026-08-14T19:14:09.978Z] [INFO] Dashboard auth: ENFORCED — Discord OAuth required for all API access
[2026-08-14T19:14:09.979Z] [WARN] CLIENT_ID / DISCORD_CLIENT_SECRET not set — OAuth login cannot succeed, so nobody will be able to sign in
[2026-08-14T19:14:09.981Z] [INFO] ✨ Dashboard active at http://0.0.0.0:3000
[2026-08-14T19:14:33.912Z] [WARN] SESSION_SECRET is not set — using a random secret for this process only
[2026-08-14T19:14:34.061Z] [INFO] Dashboard auth: ENFORCED — Discord OAuth required for all API access
[2026-08-14T19:14:34.061Z] [WARN] CLIENT_ID / DISCORD_CLIENT_SECRET not set — OAuth login cannot succeed, so nobody will be able to sign in
[2026-08-14T19:14:34.064Z] [INFO] ✨ Dashboard active at http://0.0.0.0:3000
[2026-08-14T19:15:32.727Z] [WARN] SESSION_SECRET is not set — using a random secret for this process only
[2026-08-14T19:15:32.881Z] [INFO] Dashboard auth: ENFORCED — Discord OAuth required for all API access
[2026-08-14T19:15:32.882Z] [WARN] CLIENT_ID / DISCORD_CLIENT_SECRET not set — OAuth login cannot succeed, so nobody will be able to sign in
[2026-08-14T19:15:32.884Z] [INFO] ✨ Dashboard active at http://0.0.0.0:3000
[2026-08-14T19:15:54.565Z] [WARN] SESSION_SECRET is not set — using a random secret for this process only
[2026-08-14T19:15:54.716Z] [INFO] Dashboard auth: ENFORCED — Discord OAuth required for all API access
[2026-08-14T19:15:54.716Z] [WARN] CLIENT_ID / DISCORD_CLIENT_SECRET not set — OAuth login cannot succeed, so nobody will be able to sign in
[2026-08-14T19:15:54.718Z] [INFO] ✨ Dashboard active at http://0.0.0.0:3000
[2026-08-14T19:16:04.778Z] [WARN] SESSION_SECRET is not set — using a random secret for this process only
[2026-08-14T19:16:04.928Z] [INFO] Dashboard auth: ENFORCED — Discord OAuth required for all API access
[2026-08-14T19:16:04.928Z] [WARN] CLIENT_ID / DISCORD_CLIENT_SECRET not set — OAuth login cannot succeed, so nobody will be able to sign in
[2026-08-14T19:16:04.930Z] [INFO] ✨ Dashboard active at http://0.0.0.0:3000
[2026-08-14T19:16:15.593Z] [WARN] SESSION_SECRET is not set — using a random secret for this process only
[2026-08-14T19:16:15.744Z] [WARN] ╔══════════════════════════════════════════════════════════════╗
[2026-08-14T19:16:15.744Z] [WARN] ║ DASHBOARD_AUTH=false — UNAUTHENTICATED LOCAL ACCESS ENABLED  ║
[2026-08-14T19:16:15.744Z] [WARN] ║ Permitted from 127.0.0.1 only. Remove before tunnelling.     ║
[2026-08-14T19:16:15.744Z] [WARN] ╚══════════════════════════════════════════════════════════════╝
[2026-08-14T19:16:15.746Z] [INFO] ✨ Dashboard active at http://0.0.0.0:3000
[2026-08-14T19:16:26.320Z] [WARN] DASHBOARD_AUTH=false — anonymous LOCAL access enabled. Never use this on a public/tunnelled host.
[2026-08-14T19:16:26.333Z] [WARN] DASHBOARD_AUTH=false but a NON-LOCAL request was blocked — anonymous access is loopback-only
[2026-08-14T19:18:00.171Z] [WARN] SESSION_SECRET is not set — using a random secret for this process only
[2026-08-14T19:18:00.308Z] [INFO] Dashboard auth: ENFORCED — Discord OAuth required for all API access
[2026-08-14T19:18:00.309Z] [WARN] CLIENT_ID / DISCORD_CLIENT_SECRET not set — OAuth login cannot succeed, so nobody will be able to sign in
[2026-08-14T19:18:00.311Z] [INFO] ✨ Dashboard active at http://0.0.0.0:3111
[2026-08-14T19:18:51.366Z] [WARN] SESSION_SECRET is not set — using a random secret for this process only
[2026-08-14T19:18:51.501Z] [INFO] Dashboard auth: ENFORCED — Discord OAuth required for all API access
[2026-08-14T19:18:51.502Z] [WARN] CLIENT_ID / DISCORD_CLIENT_SECRET not set — OAuth login cannot succeed, so nobody will be able to sign in
[2026-08-14T19:18:51.504Z] [INFO] ✨ Dashboard active at http://0.0.0.0:3111
[2026-08-14T19:20:01.252Z] [WARN] SESSION_SECRET is not set — using a random secret for this process only
[2026-08-14T19:20:01.388Z] [INFO] Dashboard auth: ENFORCED — Discord OAuth required for all API access
[2026-08-14T19:20:01.388Z] [WARN] CLIENT_ID / DISCORD_CLIENT_SECRET not set — OAuth login cannot succeed, so nobody will be able to sign in
[2026-08-14T19:20:01.390Z] [INFO] ✨ Dashboard active at http://0.0.0.0:3111
[2026-08-14T19:23:32.871Z] [WARN] SESSION_SECRET is not set — using a random secret for this process only
[2026-08-14T19:23:33.033Z] [INFO] Dashboard auth: ENFORCED — Discord OAuth required for all API access
[2026-08-14T19:23:33.033Z] [WARN] CLIENT_ID / DISCORD_CLIENT_SECRET not set — OAuth login cannot succeed, so nobody will be able to sign in
[2026-08-14T19:23:33.036Z] [INFO] ✨ Dashboard active at http://0.0.0.0:3111
[2026-08-14T19:25:01.632Z] [WARN] SESSION_SECRET is not set — using a random secret for this process only
[2026-08-14T19:25:01.766Z] [INFO] Dashboard auth: ENFORCED — Discord OAuth required for all API access
[2026-08-14T19:25:01.767Z] [WARN] CLIENT_ID / DISCORD_CLIENT_SECRET not set — OAuth login cannot succeed, so nobody will be able to sign in
[2026-08-14T19:25:01.769Z] [INFO] ✨ Dashboard active at http://0.0.0.0:3111
[2026-08-14T19:29:06.659Z] [WARN] SESSION_SECRET is not set — using a random secret for this process only
[2026-08-14T19:29:06.803Z] [INFO] Dashboard auth: ENFORCED — Discord OAuth required for all API access
[2026-08-14T19:29:06.804Z] [WARN] CLIENT_ID / DISCORD_CLIENT_SECRET not set — OAuth login cannot succeed, so nobody will be able to sign in
[2026-08-14T19:29:06.807Z] [INFO] ✨ Dashboard active at http://0.0.0.0:3122
[2026-08-14T19:29:14.306Z] [WARN] SESSION_SECRET is not set — using a random secret for this process only
[2026-08-14T19:29:14.452Z] [INFO] Dashboard auth: ENFORCED — Discord OAuth required for all API access
[2026-08-14T19:29:14.453Z] [WARN] CLIENT_ID / DISCORD_CLIENT_SECRET not set — OAuth login cannot succeed, so nobody will be able to sign in
[2026-08-14T19:29:14.455Z] [INFO] ✨ Dashboard active at http://0.0.0.0:3122
[2026-08-14T19:29:22.536Z] [WARN] SESSION_SECRET is not set — using a random secret for this process only
[2026-08-14T19:29:22.692Z] [INFO] Dashboard auth: ENFORCED — Discord OAuth required for all API access
[2026-08-14T19:29:22.692Z] [WARN] CLIENT_ID / DISCORD_CLIENT_SECRET not set — OAuth login cannot succeed, so nobody will be able to sign in
[2026-08-14T19:29:22.695Z] [INFO] ✨ Dashboard active at http://0.0.0.0:3122
[2026-08-14T19:29:24.596Z] [WARN] SESSION_SECRET is not set — using a random secret for this process only
[2026-08-14T19:29:24.745Z] [INFO] Dashboard auth: ENFORCED — Discord OAuth required for all API access
[2026-08-14T19:29:24.746Z] [WARN] CLIENT_ID / DISCORD_CLIENT_SECRET not set — OAuth login cannot succeed, so nobody will be able to sign in
[2026-08-14T19:29:24.748Z] [INFO] ✨ Dashboard active at http://0.0.0.0:3111
[2026-08-14T19:30:06.407Z] [WARN] SESSION_SECRET is not set — using a random secret for this process only
[2026-08-14T19:30:06.549Z] [INFO] Dashboard auth: ENFORCED — Discord OAuth required for all API access
[2026-08-14T19:30:06.549Z] [WARN] CLIENT_ID / DISCORD_CLIENT_SECRET not set — OAuth login cannot succeed, so nobody will be able to sign in
[2026-08-14T19:30:06.552Z] [INFO] ✨ Dashboard active at http://0.0.0.0:3133
[2026-08-14T19:30:36.044Z] [WARN] SESSION_SECRET is not set — using a random secret for this process only
[2026-08-14T19:30:36.200Z] [INFO] Dashboard auth: ENFORCED — Discord OAuth required for all API access
[2026-08-14T19:30:36.201Z] [WARN] CLIENT_ID / DISCORD_CLIENT_SECRET not set — OAuth login cannot succeed, so nobody will be able to sign in
[2026-08-14T19:30:36.204Z] [INFO] ✨ Dashboard active at http://0.0.0.0:3144
[2026-08-14T19:30:54.835Z] [WARN] SESSION_SECRET is not set — using a random secret for this process only
[2026-08-14T19:30:54.975Z] [INFO] Dashboard auth: ENFORCED — Discord OAuth required for all API access
[2026-08-14T19:30:54.976Z] [WARN] CLIENT_ID / DISCORD_CLIENT_SECRET not set — OAuth login cannot succeed, so nobody will be able to sign in
[2026-08-14T19:30:54.978Z] [INFO] ✨ Dashboard active at http://0.0.0.0:3111
[2026-08-14T19:30:56.932Z] [WARN] SESSION_SECRET is not set — using a random secret for this process only
[2026-08-14T19:30:57.088Z] [INFO] Dashboard auth: ENFORCED — Discord OAuth required for all API access
[2026-08-14T19:30:57.088Z] [WARN] CLIENT_ID / DISCORD_CLIENT_SECRET not set — OAuth login cannot succeed, so nobody will be able to sign in
[2026-08-14T19:30:57.091Z] [INFO] ✨ Dashboard active at http://0.0.0.0:3122
[2026-08-14T19:31:08.047Z] [WARN] SESSION_SECRET is not set — using a random secret for this process only
[2026-08-14T19:31:08.188Z] [INFO] Dashboard auth: ENFORCED — Discord OAuth required for all API access
[2026-08-14T19:31:08.188Z] [WARN] CLIENT_ID / DISCORD_CLIENT_SECRET not set — OAuth login cannot succeed, so nobody will be able to sign in
[2026-08-14T19:31:08.191Z] [INFO] ✨ Dashboard active at http://0.0.0.0:3111
[2026-08-14T19:31:10.069Z] [WARN] SESSION_SECRET is not set — using a random secret for this process only
[2026-08-14T19:31:10.204Z] [INFO] Dashboard auth: ENFORCED — Discord OAuth required for all API access
[2026-08-14T19:31:10.205Z] [WARN] CLIENT_ID / DISCORD_CLIENT_SECRET not set — OAuth login cannot succeed, so nobody will be able to sign in
[2026-08-14T19:31:10.207Z] [INFO] ✨ Dashboard active at http://0.0.0.0:3122
[2026-08-14T19:32:02.889Z] [WARN] SESSION_SECRET is not set — using a random secret for this process only
[2026-08-14T19:32:03.036Z] [INFO] Dashboard auth: ENFORCED — Discord OAuth required for all API access
[2026-08-14T19:32:03.036Z] [WARN] CLIENT_ID / DISCORD_CLIENT_SECRET not set — OAuth login cannot succeed, so nobody will be able to sign in
[2026-08-14T19:32:03.039Z] [INFO] ✨ Dashboard active at http://0.0.0.0:3111
[2026-08-14T19:32:04.971Z] [WARN] SESSION_SECRET is not set — using a random secret for this process only
[2026-08-14T19:32:05.116Z] [INFO] Dashboard auth: ENFORCED — Discord OAuth required for all API access
[2026-08-14T19:32:05.117Z] [WARN] CLIENT_ID / DISCORD_CLIENT_SECRET not set — OAuth login cannot succeed, so nobody will be able to sign in
[2026-08-14T19:32:05.119Z] [INFO] ✨ Dashboard active at http://0.0.0.0:3122
[2026-08-14T19:32:07.643Z] [WARN] SESSION_SECRET is not set — using a random secret for this process only
[2026-08-14T19:32:07.792Z] [INFO] Dashboard auth: ENFORCED — Discord OAuth required for all API access
[2026-08-14T19:32:07.793Z] [WARN] CLIENT_ID / DISCORD_CLIENT_SECRET not set — OAuth login cannot succeed, so nobody will be able to sign in
[2026-08-14T19:32:07.795Z] [INFO] ✨ Dashboard active at http://0.0.0.0:3111
[2026-08-14T19:32:09.662Z] [WARN] SESSION_SECRET is not set — using a random secret for this process only
[2026-08-14T19:32:09.807Z] [INFO] Dashboard auth: ENFORCED — Discord OAuth required for all API access
[2026-08-14T19:32:09.808Z] [WARN] CLIENT_ID / DISCORD_CLIENT_SECRET not set — OAuth login cannot succeed, so nobody will be able to sign in
[2026-08-14T19:32:09.810Z] [INFO] ✨ Dashboard active at http://0.0.0.0:3122
[2026-08-14T19:34:50.585Z] [WARN] SESSION_SECRET is not set — using a random secret for this process only
[2026-08-14T19:34:50.728Z] [INFO] Dashboard auth: ENFORCED — Discord OAuth required for all API access
[2026-08-14T19:34:50.729Z] [WARN] CLIENT_ID / DISCORD_CLIENT_SECRET not set — OAuth login cannot succeed, so nobody will be able to sign in
[2026-08-14T19:34:50.731Z] [INFO] ✨ Dashboard active at http://0.0.0.0:3111
[2026-08-14T19:34:52.616Z] [WARN] SESSION_SECRET is not set — using a random secret for this process only
[2026-08-14T19:34:52.766Z] [INFO] Dashboard auth: ENFORCED — Discord OAuth required for all API access
[2026-08-14T19:34:52.766Z] [WARN] CLIENT_ID / DISCORD_CLIENT_SECRET not set — OAuth login cannot succeed, so nobody will be able to sign in
[2026-08-14T19:34:52.769Z] [INFO] ✨ Dashboard active at http://0.0.0.0:3122
[2026-08-14T19:34:55.288Z] [WARN] SESSION_SECRET is not set — using a random secret for this process only
[2026-08-14T19:34:55.442Z] [INFO] Dashboard auth: ENFORCED — Discord OAuth required for all API access
[2026-08-14T19:34:55.442Z] [WARN] CLIENT_ID / DISCORD_CLIENT_SECRET not set — OAuth login cannot succeed, so nobody will be able to sign in
[2026-08-14T19:34:55.444Z] [INFO] ✨ Dashboard active at http://0.0.0.0:3111
[2026-08-14T19:34:57.339Z] [WARN] SESSION_SECRET is not set — using a random secret for this process only
[2026-08-14T19:34:57.490Z] [INFO] Dashboard auth: ENFORCED — Discord OAuth required for all API access
[2026-08-14T19:34:57.490Z] [WARN] CLIENT_ID / DISCORD_CLIENT_SECRET not set — OAuth login cannot succeed, so nobody will be able to sign in
[2026-08-14T19:34:57.493Z] [INFO] ✨ Dashboard active at http://0.0.0.0:3122
[2026-08-14T19:35:41.103Z] [WARN] SESSION_SECRET is not set — using a random secret for this process only
[2026-08-14T19:35:41.219Z] [INFO] Dashboard auth: ENFORCED — Discord OAuth required for all API access
[2026-08-14T19:35:41.219Z] [WARN] CLIENT_ID / DISCORD_CLIENT_SECRET not set — OAuth login cannot succeed, so nobody will be able to sign in
[2026-08-14T19:35:41.224Z] [INFO] ✨ Dashboard active at http://0.0.0.0:3155
[2026-08-14T19:36:06.708Z] [WARN] SESSION_SECRET is not set — using a random secret for this process only
[2026-08-14T19:36:06.855Z] [INFO] Dashboard auth: ENFORCED — Discord OAuth required for all API access
[2026-08-14T19:36:06.856Z] [WARN] CLIENT_ID / DISCORD_CLIENT_SECRET not set — OAuth login cannot succeed, so nobody will be able to sign in
[2026-08-14T19:36:06.858Z] [INFO] ✨ Dashboard active at http://0.0.0.0:3111
[2026-08-14T19:36:08.747Z] [WARN] SESSION_SECRET is not set — using a random secret for this process only
[2026-08-14T19:36:08.892Z] [INFO] Dashboard auth: ENFORCED — Discord OAuth required for all API access
[2026-08-14T19:36:08.892Z] [WARN] CLIENT_ID / DISCORD_CLIENT_SECRET not set — OAuth login cannot succeed, so nobody will be able to sign in
[2026-08-14T19:36:08.895Z] [INFO] ✨ Dashboard active at http://0.0.0.0:3122
[2026-08-14T19:36:47.138Z] [WARN] SESSION_SECRET is not set — using a random secret for this process only
[2026-08-14T19:36:47.275Z] [INFO] Dashboard auth: ENFORCED — Discord OAuth required for all API access
[2026-08-14T19:36:47.275Z] [WARN] CLIENT_ID / DISCORD_CLIENT_SECRET not set — OAuth login cannot succeed, so nobody will be able to sign in
[2026-08-14T19:36:47.280Z] [INFO] ✨ Dashboard active at http://0.0.0.0:3122
[2026-08-14T19:36:59.318Z] [WARN] SESSION_SECRET is not set — using a random secret for this process only
[2026-08-14T19:36:59.445Z] [INFO] Dashboard auth: ENFORCED — Discord OAuth required for all API access
[2026-08-14T19:36:59.445Z] [WARN] CLIENT_ID / DISCORD_CLIENT_SECRET not set — OAuth login cannot succeed, so nobody will be able to sign in
[2026-08-14T19:36:59.450Z] [INFO] ✨ Dashboard active at http://0.0.0.0:3122
[2026-08-14T19:37:10.478Z] [WARN] SESSION_SECRET is not set — using a random secret for this process only
[2026-08-14T19:37:10.621Z] [INFO] Dashboard auth: ENFORCED — Discord OAuth required for all API access
[2026-08-14T19:37:10.621Z] [WARN] CLIENT_ID / DISCORD_CLIENT_SECRET not set — OAuth login cannot succeed, so nobody will be able to sign in
[2026-08-14T19:37:10.624Z] [INFO] ✨ Dashboard active at http://0.0.0.0:3111
[2026-08-14T19:37:12.534Z] [WARN] SESSION_SECRET is not set — using a random secret for this process only
[2026-08-14T19:37:12.646Z] [INFO] Dashboard auth: ENFORCED — Discord OAuth required for all API access
[2026-08-14T19:37:12.646Z] [WARN] CLIENT_ID / DISCORD_CLIENT_SECRET not set — OAuth login cannot succeed, so nobody will be able to sign in
[2026-08-14T19:37:12.651Z] [INFO] ✨ Dashboard active at http://0.0.0.0:3122
[2026-08-14T19:37:15.175Z] [WARN] SESSION_SECRET is not set — using a random secret for this process only
[2026-08-14T19:37:15.327Z] [INFO] Dashboard auth: ENFORCED — Discord OAuth required for all API access
[2026-08-14T19:37:15.327Z] [WARN] CLIENT_ID / DISCORD_CLIENT_SECRET not set — OAuth login cannot succeed, so nobody will be able to sign in
[2026-08-14T19:37:15.330Z] [INFO] ✨ Dashboard active at http://0.0.0.0:3111
[2026-08-14T19:37:17.283Z] [WARN] SESSION_SECRET is not set — using a random secret for this process only
[2026-08-14T19:37:17.413Z] [INFO] Dashboard auth: ENFORCED — Discord OAuth required for all API access
[2026-08-14T19:37:17.414Z] [WARN] CLIENT_ID / DISCORD_CLIENT_SECRET not set — OAuth login cannot succeed, so nobody will be able to sign in
[2026-08-14T19:37:17.418Z] [INFO] ✨ Dashboard active at http://0.0.0.0:3122
[2026-08-14T19:37:53.494Z] [WARN] SESSION_SECRET is not set — using a random secret for this process only
[2026-08-14T19:37:53.639Z] [INFO] Dashboard auth: ENFORCED — Discord OAuth required for all API access
[2026-08-14T19:37:53.640Z] [WARN] CLIENT_ID / DISCORD_CLIENT_SECRET not set — OAuth login cannot succeed, so nobody will be able to sign in
[2026-08-14T19:37:53.643Z] [INFO] ✨ Dashboard active at http://0.0.0.0:3111
[2026-08-14T19:37:55.565Z] [WARN] SESSION_SECRET is not set — using a random secret for this process only
[2026-08-14T19:37:55.688Z] [INFO] Dashboard auth: ENFORCED — Discord OAuth required for all API access
[2026-08-14T19:37:55.689Z] [WARN] CLIENT_ID / DISCORD_CLIENT_SECRET not set — OAuth login cannot succeed, so nobody will be able to sign in
[2026-08-14T19:37:55.696Z] [INFO] ✨ Dashboard active at http://0.0.0.0:3122
[2026-08-14T19:37:58.225Z] [WARN] SESSION_SECRET is not set — using a random secret for this process only
[2026-08-14T19:37:58.366Z] [INFO] Dashboard auth: ENFORCED — Discord OAuth required for all API access
[2026-08-14T19:37:58.366Z] [WARN] CLIENT_ID / DISCORD_CLIENT_SECRET not set — OAuth login cannot succeed, so nobody will be able to sign in
[2026-08-14T19:37:58.368Z] [INFO] ✨ Dashboard active at http://0.0.0.0:3111
[2026-08-14T19:38:00.268Z] [WARN] SESSION_SECRET is not set — using a random secret for this process only
[2026-08-14T19:38:00.394Z] [INFO] Dashboard auth: ENFORCED — Discord OAuth required for all API access
[2026-08-14T19:38:00.394Z] [WARN] CLIENT_ID / DISCORD_CLIENT_SECRET not set — OAuth login cannot succeed, so nobody will be able to sign in
[2026-08-14T19:38:00.399Z] [INFO] ✨ Dashboard active at http://0.0.0.0:3122
[2026-08-14T19:59:38.987Z] [WARN] SESSION_SECRET is not set — using a random secret for this process only
[2026-08-14T19:59:39.123Z] [INFO] Dashboard auth: ENFORCED — Discord OAuth required for all API access
[2026-08-14T19:59:39.123Z] [WARN] CLIENT_ID / DISCORD_CLIENT_SECRET not set — OAuth login cannot succeed, so nobody will be able to sign in
[2026-08-14T19:59:39.128Z] [INFO] ✨ Dashboard active at http://0.0.0.0:3177
[2026-08-14T20:00:42.100Z] [WARN] SESSION_SECRET is not set — using a random secret for this process only
[2026-08-14T20:00:42.220Z] [INFO] Dashboard auth: ENFORCED — Discord OAuth required for all API access
[2026-08-14T20:00:42.220Z] [WARN] CLIENT_ID / DISCORD_CLIENT_SECRET not set — OAuth login cannot succeed, so nobody will be able to sign in
[2026-08-14T20:00:42.225Z] [INFO] ✨ Dashboard active at http://0.0.0.0:3177
[2026-08-14T20:01:17.764Z] [WARN] SESSION_SECRET is not set — using a random secret for this process only
[2026-08-14T20:01:17.888Z] [INFO] Dashboard auth: ENFORCED — Discord OAuth required for all API access
[2026-08-14T20:01:17.888Z] [WARN] CLIENT_ID / DISCORD_CLIENT_SECRET not set — OAuth login cannot succeed, so nobody will be able to sign in
[2026-08-14T20:01:17.893Z] [INFO] ✨ Dashboard active at http://0.0.0.0:3177
[2026-08-14T20:02:31.490Z] [WARN] SESSION_SECRET is not set — using a random secret for this process only
[2026-08-14T20:02:31.600Z] [INFO] Dashboard auth: ENFORCED — Discord OAuth required for all API access
[2026-08-14T20:02:31.601Z] [WARN] CLIENT_ID / DISCORD_CLIENT_SECRET not set — OAuth login cannot succeed, so nobody will be able to sign in
[2026-08-14T20:02:31.605Z] [INFO] ✨ Dashboard active at http://0.0.0.0:3177
[2026-08-14T20:03:31.263Z] [WARN] SESSION_SECRET is not set — using a random secret for this process only
[2026-08-14T20:03:31.384Z] [INFO] Dashboard auth: ENFORCED — Discord OAuth required for all API access
[2026-08-14T20:03:31.384Z] [WARN] CLIENT_ID / DISCORD_CLIENT_SECRET not set — OAuth login cannot succeed, so nobody will be able to sign in
[2026-08-14T20:03:31.389Z] [INFO] ✨ Dashboard active at http://0.0.0.0:3188
[2026-08-14T20:03:42.321Z] [WARN] SESSION_SECRET is not set — using a random secret for this process only
[2026-08-14T20:03:42.466Z] [INFO] Dashboard auth: ENFORCED — Discord OAuth required for all API access
[2026-08-14T20:03:42.467Z] [WARN] CLIENT_ID / DISCORD_CLIENT_SECRET not set — OAuth login cannot succeed, so nobody will be able to sign in
[2026-08-14T20:03:42.472Z] [INFO] ✨ Dashboard active at http://0.0.0.0:3188
[2026-08-14T20:04:01.284Z] [WARN] SESSION_SECRET is not set — using a random secret for this process only
[2026-08-14T20:04:01.408Z] [INFO] Dashboard auth: ENFORCED — Discord OAuth required for all API access
[2026-08-14T20:04:01.408Z] [WARN] CLIENT_ID / DISCORD_CLIENT_SECRET not set — OAuth login cannot succeed, so nobody will be able to sign in
[2026-08-14T20:04:01.413Z] [INFO] ✨ Dashboard active at http://0.0.0.0:3188
[2026-08-14T20:04:09.030Z] [WARN] SESSION_SECRET is not set — using a random secret for this process only
[2026-08-14T20:04:09.149Z] [INFO] Dashboard auth: ENFORCED — Discord OAuth required for all API access
[2026-08-14T20:04:09.149Z] [WARN] CLIENT_ID / DISCORD_CLIENT_SECRET not set — OAuth login cannot succeed, so nobody will be able to sign in
[2026-08-14T20:04:09.157Z] [INFO] ✨ Dashboard active at http://0.0.0.0:3188
[2026-08-14T20:04:21.593Z] [WARN] SESSION_SECRET is not set — using a random secret for this process only
[2026-08-14T20:04:21.730Z] [INFO] Dashboard auth: ENFORCED — Discord OAuth required for all API access
[2026-08-14T20:04:21.730Z] [WARN] CLIENT_ID / DISCORD_CLIENT_SECRET not set — OAuth login cannot succeed, so nobody will be able to sign in
[2026-08-14T20:04:21.737Z] [INFO] ✨ Dashboard active at http://0.0.0.0:3188
[2026-08-14T20:04:23.652Z] [WARN] SESSION_SECRET is not set — using a random secret for this process only
[2026-08-14T20:04:23.779Z] [INFO] Dashboard auth: ENFORCED — Discord OAuth required for all API access
[2026-08-14T20:04:23.779Z] [WARN] CLIENT_ID / DISCORD_CLIENT_SECRET not set — OAuth login cannot succeed, so nobody will be able to sign in
[2026-08-14T20:04:23.784Z] [INFO] ✨ Dashboard active at http://0.0.0.0:3188
[2026-08-14T20:04:25.709Z] [WARN] SESSION_SECRET is not set — using a random secret for this process only
[2026-08-14T20:04:25.835Z] [INFO] Dashboard auth: ENFORCED — Discord OAuth required for all API access
[2026-08-14T20:04:25.835Z] [WARN] CLIENT_ID / DISCORD_CLIENT_SECRET not set — OAuth login cannot succeed, so nobody will be able to sign in
[2026-08-14T20:04:25.840Z] [INFO] ✨ Dashboard active at http://0.0.0.0:3188
[2026-08-14T20:04:34.791Z] [WARN] SESSION_SECRET is not set — using a random secret for this process only
[2026-08-14T20:04:34.936Z] [INFO] Dashboard auth: ENFORCED — Discord OAuth required for all API access
[2026-08-14T20:04:34.936Z] [WARN] CLIENT_ID / DISCORD_CLIENT_SECRET not set — OAuth login cannot succeed, so nobody will be able to sign in
[2026-08-14T20:04:34.939Z] [INFO] ✨ Dashboard active at http://0.0.0.0:3111
[2026-08-14T20:04:36.856Z] [WARN] SESSION_SECRET is not set — using a random secret for this process only
[2026-08-14T20:04:36.986Z] [INFO] Dashboard auth: ENFORCED — Discord OAuth required for all API access
[2026-08-14T20:04:36.986Z] [WARN] CLIENT_ID / DISCORD_CLIENT_SECRET not set — OAuth login cannot succeed, so nobody will be able to sign in
[2026-08-14T20:04:36.991Z] [INFO] ✨ Dashboard active at http://0.0.0.0:3122
[2026-08-14T20:04:38.951Z] [WARN] SESSION_SECRET is not set — using a random secret for this process only
[2026-08-14T20:04:39.080Z] [INFO] Dashboard auth: ENFORCED — Discord OAuth required for all API access
[2026-08-14T20:04:39.081Z] [WARN] CLIENT_ID / DISCORD_CLIENT_SECRET not set — OAuth login cannot succeed, so nobody will be able to sign in
[2026-08-14T20:04:39.085Z] [INFO] ✨ Dashboard active at http://0.0.0.0:3188
[2026-08-14T20:04:41.623Z] [WARN] SESSION_SECRET is not set — using a random secret for this process only
[2026-08-14T20:04:41.774Z] [INFO] Dashboard auth: ENFORCED — Discord OAuth required for all API access
[2026-08-14T20:04:41.774Z] [WARN] CLIENT_ID / DISCORD_CLIENT_SECRET not set — OAuth login cannot succeed, so nobody will be able to sign in
[2026-08-14T20:04:41.776Z] [INFO] ✨ Dashboard active at http://0.0.0.0:3111
[2026-08-14T20:04:43.743Z] [WARN] SESSION_SECRET is not set — using a random secret for this process only
[2026-08-14T20:04:43.866Z] [INFO] Dashboard auth: ENFORCED — Discord OAuth required for all API access
[2026-08-14T20:04:43.866Z] [WARN] CLIENT_ID / DISCORD_CLIENT_SECRET not set — OAuth login cannot succeed, so nobody will be able to sign in
[2026-08-14T20:04:43.872Z] [INFO] ✨ Dashboard active at http://0.0.0.0:3122
[2026-08-14T20:04:45.807Z] [WARN] SESSION_SECRET is not set — using a random secret for this process only
[2026-08-14T20:04:45.936Z] [INFO] Dashboard auth: ENFORCED — Discord OAuth required for all API access
[2026-08-14T20:04:45.937Z] [WARN] CLIENT_ID / DISCORD_CLIENT_SECRET not set — OAuth login cannot succeed, so nobody will be able to sign in
[2026-08-14T20:04:45.942Z] [INFO] ✨ Dashboard active at http://0.0.0.0:3188
[2026-08-14T20:06:04.792Z] [INFO] Dashboard auth: ENFORCED — Discord OAuth required for all API access
[2026-08-14T20:06:04.796Z] [INFO] ✨ Dashboard active at http://0.0.0.0:3199
[2026-08-14T20:06:20.270Z] [INFO] Dashboard auth: ENFORCED — Discord OAuth required for all API access
[2026-08-14T20:06:20.274Z] [INFO] ✨ Dashboard active at http://0.0.0.0:3199
[2026-08-14T20:06:34.481Z] [WARN] SESSION_SECRET is not set — using a random secret for this process only
[2026-08-14T20:06:34.638Z] [INFO] Dashboard auth: ENFORCED — Discord OAuth required for all API access
[2026-08-14T20:06:34.639Z] [WARN] CLIENT_ID / DISCORD_CLIENT_SECRET not set — OAuth login cannot succeed, so nobody will be able to sign in
[2026-08-14T20:06:34.641Z] [INFO] ✨ Dashboard active at http://0.0.0.0:3111
[2026-08-14T20:06:36.581Z] [WARN] SESSION_SECRET is not set — using a random secret for this process only
[2026-08-14T20:06:36.717Z] [INFO] Dashboard auth: ENFORCED — Discord OAuth required for all API access
[2026-08-14T20:06:36.718Z] [WARN] CLIENT_ID / DISCORD_CLIENT_SECRET not set — OAuth login cannot succeed, so nobody will be able to sign in
[2026-08-14T20:06:36.724Z] [INFO] ✨ Dashboard active at http://0.0.0.0:3122
[2026-08-14T20:06:38.672Z] [WARN] SESSION_SECRET is not set — using a random secret for this process only
[2026-08-14T20:06:38.804Z] [INFO] Dashboard auth: ENFORCED — Discord OAuth required for all API access
[2026-08-14T20:06:38.804Z] [WARN] CLIENT_ID / DISCORD_CLIENT_SECRET not set — OAuth login cannot succeed, so nobody will be able to sign in
[2026-08-14T20:06:38.809Z] [INFO] ✨ Dashboard active at http://0.0.0.0:3188
[2026-08-14T20:06:40.847Z] [INFO] Dashboard auth: ENFORCED — Discord OAuth required for all API access
[2026-08-14T20:06:40.851Z] [INFO] ✨ Dashboard active at http://0.0.0.0:3199
[2026-08-14T20:06:43.440Z] [WARN] SESSION_SECRET is not set — using a random secret for this process only
[2026-08-14T20:06:43.588Z] [INFO] Dashboard auth: ENFORCED — Discord OAuth required for all API access
[2026-08-14T20:06:43.589Z] [WARN] CLIENT_ID / DISCORD_CLIENT_SECRET not set — OAuth login cannot succeed, so nobody will be able to sign in
[2026-08-14T20:06:43.591Z] [INFO] ✨ Dashboard active at http://0.0.0.0:3111
[2026-08-14T20:06:45.545Z] [WARN] SESSION_SECRET is not set — using a random secret for this process only
[2026-08-14T20:06:45.698Z] [INFO] Dashboard auth: ENFORCED — Discord OAuth required for all API access
[2026-08-14T20:06:45.699Z] [WARN] CLIENT_ID / DISCORD_CLIENT_SECRET not set — OAuth login cannot succeed, so nobody will be able to sign in
[2026-08-14T20:06:45.709Z] [INFO] ✨ Dashboard active at http://0.0.0.0:3122
[2026-08-14T20:06:47.622Z] [WARN] SESSION_SECRET is not set — using a random secret for this process only
[2026-08-14T20:06:47.754Z] [INFO] Dashboard auth: ENFORCED — Discord OAuth required for all API access
[2026-08-14T20:06:47.755Z] [WARN] CLIENT_ID / DISCORD_CLIENT_SECRET not set — OAuth login cannot succeed, so nobody will be able to sign in
[2026-08-14T20:06:47.759Z] [INFO] ✨ Dashboard active at http://0.0.0.0:3188
[2026-08-14T20:06:49.820Z] [INFO] Dashboard auth: ENFORCED — Discord OAuth required for all API access
[2026-08-14T20:06:49.823Z] [INFO] ✨ Dashboard active at http://0.0.0.0:3199
[2026-08-14T20:08:35.550Z] [ERROR] SESSION_SECRET must be set when NODE_ENV=production — refusing to start
[2026-08-14T20:10:39.805Z] [ERROR] SESSION_SECRET must be set when NODE_ENV=production — refusing to start
[2026-08-14T20:11:16.019Z] [WARN] SESSION_SECRET is not set — using a random secret for this process only (sessions reset on restart)
[2026-08-14T20:11:16.163Z] [INFO] Dashboard auth: ENFORCED — Discord OAuth required for all API access
[2026-08-14T20:11:16.163Z] [WARN] CLIENT_ID / DISCORD_CLIENT_SECRET not set — OAuth login cannot succeed, so nobody will be able to sign in
[2026-08-14T20:11:16.166Z] [INFO] ✨ Dashboard active at http://0.0.0.0:3111
[2026-08-14T20:11:18.061Z] [WARN] SESSION_SECRET is not set — using a random secret for this process only (sessions reset on restart)
[2026-08-14T20:11:18.181Z] [INFO] Dashboard auth: ENFORCED — Discord OAuth required for all API access
[2026-08-14T20:11:18.181Z] [WARN] CLIENT_ID / DISCORD_CLIENT_SECRET not set — OAuth login cannot succeed, so nobody will be able to sign in
[2026-08-14T20:11:18.186Z] [INFO] ✨ Dashboard active at http://0.0.0.0:3122
[2026-08-14T20:11:20.085Z] [WARN] SESSION_SECRET is not set — using a random secret for this process only (sessions reset on restart)
[2026-08-14T20:11:20.205Z] [INFO] Dashboard auth: ENFORCED — Discord OAuth required for all API access
[2026-08-14T20:11:20.205Z] [WARN] CLIENT_ID / DISCORD_CLIENT_SECRET not set — OAuth login cannot succeed, so nobody will be able to sign in
[2026-08-14T20:11:20.213Z] [INFO] ✨ Dashboard active at http://0.0.0.0:3188
[2026-08-14T20:11:22.084Z] [WARN] SESSION_SECRET is not set — using a random secret for this process only (sessions reset on restart)
[2026-08-14T20:11:22.227Z] [INFO] Dashboard auth: ENFORCED — Discord OAuth required for all API access
[2026-08-14T20:11:22.230Z] [INFO] ✨ Dashboard active at http://0.0.0.0:3199
[2026-08-14T20:11:24.722Z] [WARN] SESSION_SECRET is not set — using a random secret for this process only (sessions reset on restart)
[2026-08-14T20:11:24.862Z] [INFO] Dashboard auth: ENFORCED — Discord OAuth required for all API access
[2026-08-14T20:11:24.863Z] [WARN] CLIENT_ID / DISCORD_CLIENT_SECRET not set — OAuth login cannot succeed, so nobody will be able to sign in
[2026-08-14T20:11:24.865Z] [INFO] ✨ Dashboard active at http://0.0.0.0:3111
[2026-08-14T20:11:26.799Z] [WARN] SESSION_SECRET is not set — using a random secret for this process only (sessions reset on restart)
[2026-08-14T20:11:26.922Z] [INFO] Dashboard auth: ENFORCED — Discord OAuth required for all API access
[2026-08-14T20:11:26.922Z] [WARN] CLIENT_ID / DISCORD_CLIENT_SECRET not set — OAuth login cannot succeed, so nobody will be able to sign in
[2026-08-14T20:11:26.928Z] [INFO] ✨ Dashboard active at http://0.0.0.0:3122
[2026-08-14T20:11:28.847Z] [WARN] SESSION_SECRET is not set — using a random secret for this process only (sessions reset on restart)
[2026-08-14T20:11:28.990Z] [INFO] Dashboard auth: ENFORCED — Discord OAuth required for all API access
[2026-08-14T20:11:28.990Z] [WARN] CLIENT_ID / DISCORD_CLIENT_SECRET not set — OAuth login cannot succeed, so nobody will be able to sign in
[2026-08-14T20:11:28.995Z] [INFO] ✨ Dashboard active at http://0.0.0.0:3188
[2026-08-14T20:11:30.983Z] [WARN] SESSION_SECRET is not set — using a random secret for this process only (sessions reset on restart)
[2026-08-14T20:11:31.139Z] [INFO] Dashboard auth: ENFORCED — Discord OAuth required for all API access
[2026-08-14T20:11:31.143Z] [INFO] ✨ Dashboard active at http://0.0.0.0:3199
[2026-08-14T20:13:01.003Z] [WARN] SESSION_SECRET is not set — using a random secret for this process only (sessions reset on restart)
[2026-08-14T20:13:01.162Z] [INFO] Dashboard auth: ENFORCED — Discord OAuth required for all API access
[2026-08-14T20:13:01.163Z] [WARN] CLIENT_ID / DISCORD_CLIENT_SECRET not set — OAuth login cannot succeed, so nobody will be able to sign in
[2026-08-14T20:13:01.166Z] [INFO] ✨ Dashboard active at http://0.0.0.0:3111
[2026-08-14T20:13:03.210Z] [WARN] SESSION_SECRET is not set — using a random secret for this process only (sessions reset on restart)
[2026-08-14T20:13:03.361Z] [INFO] Dashboard auth: ENFORCED — Discord OAuth required for all API access
[2026-08-14T20:13:03.362Z] [WARN] CLIENT_ID / DISCORD_CLIENT_SECRET not set — OAuth login cannot succeed, so nobody will be able to sign in
[2026-08-14T20:13:03.370Z] [INFO] ✨ Dashboard active at http://0.0.0.0:3122
[2026-08-14T20:13:05.301Z] [WARN] SESSION_SECRET is not set — using a random secret for this process only (sessions reset on restart)
[2026-08-14T20:13:05.432Z] [INFO] Dashboard auth: ENFORCED — Discord OAuth required for all API access
[2026-08-14T20:13:05.432Z] [WARN] CLIENT_ID / DISCORD_CLIENT_SECRET not set — OAuth login cannot succeed, so nobody will be able to sign in
[2026-08-14T20:13:05.437Z] [INFO] ✨ Dashboard active at http://0.0.0.0:3188
[2026-08-14T20:13:07.378Z] [WARN] SESSION_SECRET is not set — using a random secret for this process only (sessions reset on restart)
[2026-08-14T20:13:07.548Z] [INFO] Dashboard auth: ENFORCED — Discord OAuth required for all API access
[2026-08-14T20:13:07.550Z] [INFO] ✨ Dashboard active at http://0.0.0.0:3199
[2026-08-14T20:13:09.737Z] [WARN] SESSION_SECRET is not set — using a random secret for this process only (sessions reset on restart)
[2026-08-14T20:13:09.891Z] [INFO] Dashboard auth: ENFORCED — Discord OAuth required for all API access
[2026-08-14T20:13:09.891Z] [WARN] CLIENT_ID / DISCORD_CLIENT_SECRET not set — OAuth login cannot succeed, so nobody will be able to sign in
[2026-08-14T20:13:09.893Z] [INFO] ✨ Dashboard active at http://0.0.0.0:3111
[2026-08-14T20:13:11.859Z] [WARN] SESSION_SECRET is not set — using a random secret for this process only (sessions reset on restart)
[2026-08-14T20:13:11.991Z] [INFO] Dashboard auth: ENFORCED — Discord OAuth required for all API access
[2026-08-14T20:13:11.991Z] [WARN] CLIENT_ID / DISCORD_CLIENT_SECRET not set — OAuth login cannot succeed, so nobody will be able to sign in
[2026-08-14T20:13:11.996Z] [INFO] ✨ Dashboard active at http://0.0.0.0:3122
[2026-08-14T20:13:13.979Z] [WARN] SESSION_SECRET is not set — using a random secret for this process only (sessions reset on restart)
[2026-08-14T20:13:14.116Z] [INFO] Dashboard auth: ENFORCED — Discord OAuth required for all API access
[2026-08-14T20:13:14.117Z] [WARN] CLIENT_ID / DISCORD_CLIENT_SECRET not set — OAuth login cannot succeed, so nobody will be able to sign in
[2026-08-14T20:13:14.121Z] [INFO] ✨ Dashboard active at http://0.0.0.0:3188
[2026-08-14T20:13:16.050Z] [WARN] SESSION_SECRET is not set — using a random secret for this process only (sessions reset on restart)
[2026-08-14T20:13:16.199Z] [INFO] Dashboard auth: ENFORCED — Discord OAuth required for all API access
[2026-08-14T20:13:16.207Z] [INFO] ✨ Dashboard active at http://0.0.0.0:3199
[2026-08-14T20:17:23.173Z] [WARN] SESSION_SECRET is not set — using a random secret for this process only (sessions reset on restart)
[2026-08-14T20:17:23.349Z] [INFO] Dashboard auth: ENFORCED — Discord OAuth required for all API access
[2026-08-14T20:17:23.349Z] [WARN] CLIENT_ID / DISCORD_CLIENT_SECRET not set — OAuth login cannot succeed, so nobody will be able to sign in
[2026-08-14T20:17:23.354Z] [INFO] ✨ Dashboard active at http://0.0.0.0:3202
[2026-08-14T20:17:37.238Z] [WARN] SESSION_SECRET is not set — using a random secret for this process only (sessions reset on restart)
[2026-08-14T20:17:37.383Z] [INFO] Dashboard auth: ENFORCED — Discord OAuth required for all API access
[2026-08-14T20:17:37.383Z] [WARN] CLIENT_ID / DISCORD_CLIENT_SECRET not set — OAuth login cannot succeed, so nobody will be able to sign in
[2026-08-14T20:17:37.388Z] [INFO] ✨ Dashboard active at http://0.0.0.0:3202
[2026-08-14T20:17:45.741Z] [WARN] SESSION_SECRET is not set — using a random secret for this process only (sessions reset on restart)
[2026-08-14T20:17:45.869Z] [INFO] Dashboard auth: ENFORCED — Discord OAuth required for all API access
[2026-08-14T20:17:45.869Z] [WARN] CLIENT_ID / DISCORD_CLIENT_SECRET not set — OAuth login cannot succeed, so nobody will be able to sign in
[2026-08-14T20:17:45.874Z] [INFO] ✨ Dashboard active at http://0.0.0.0:3202
[2026-08-14T20:17:54.733Z] [WARN] SESSION_SECRET is not set — using a random secret for this process only (sessions reset on restart)
[2026-08-14T20:17:54.880Z] [INFO] Dashboard auth: ENFORCED — Discord OAuth required for all API access
[2026-08-14T20:17:54.880Z] [WARN] CLIENT_ID / DISCORD_CLIENT_SECRET not set — OAuth login cannot succeed, so nobody will be able to sign in
[2026-08-14T20:17:54.883Z] [INFO] ✨ Dashboard active at http://0.0.0.0:3111
[2026-08-14T20:17:56.802Z] [WARN] SESSION_SECRET is not set — using a random secret for this process only (sessions reset on restart)
[2026-08-14T20:17:56.929Z] [INFO] Dashboard auth: ENFORCED — Discord OAuth required for all API access
[2026-08-14T20:17:56.930Z] [WARN] CLIENT_ID / DISCORD_CLIENT_SECRET not set — OAuth login cannot succeed, so nobody will be able to sign in
[2026-08-14T20:17:56.935Z] [INFO] ✨ Dashboard active at http://0.0.0.0:3122
[2026-08-14T20:17:58.875Z] [WARN] SESSION_SECRET is not set — using a random secret for this process only (sessions reset on restart)
[2026-08-14T20:17:58.997Z] [INFO] Dashboard auth: ENFORCED — Discord OAuth required for all API access
[2026-08-14T20:17:58.997Z] [WARN] CLIENT_ID / DISCORD_CLIENT_SECRET not set — OAuth login cannot succeed, so nobody will be able to sign in
[2026-08-14T20:17:59.002Z] [INFO] ✨ Dashboard active at http://0.0.0.0:3188
[2026-08-14T20:18:00.911Z] [WARN] SESSION_SECRET is not set — using a random secret for this process only (sessions reset on restart)
[2026-08-14T20:18:01.070Z] [INFO] Dashboard auth: ENFORCED — Discord OAuth required for all API access
[2026-08-14T20:18:01.073Z] [INFO] ✨ Dashboard active at http://0.0.0.0:3199
[2026-08-14T20:18:02.962Z] [WARN] SESSION_SECRET is not set — using a random secret for this process only (sessions reset on restart)
[2026-08-14T20:18:03.080Z] [INFO] Dashboard auth: ENFORCED — Discord OAuth required for all API access
[2026-08-14T20:18:03.080Z] [WARN] CLIENT_ID / DISCORD_CLIENT_SECRET not set — OAuth login cannot succeed, so nobody will be able to sign in
[2026-08-14T20:18:03.085Z] [INFO] ✨ Dashboard active at http://0.0.0.0:3202
[2026-08-14T20:18:05.701Z] [WARN] SESSION_SECRET is not set — using a random secret for this process only (sessions reset on restart)
[2026-08-14T20:18:05.852Z] [INFO] Dashboard auth: ENFORCED — Discord OAuth required for all API access
[2026-08-14T20:18:05.853Z] [WARN] CLIENT_ID / DISCORD_CLIENT_SECRET not set — OAuth login cannot succeed, so nobody will be able to sign in
[2026-08-14T20:18:05.855Z] [INFO] ✨ Dashboard active at http://0.0.0.0:3111
[2026-08-14T20:18:07.782Z] [WARN] SESSION_SECRET is not set — using a random secret for this process only (sessions reset on restart)
[2026-08-14T20:18:07.928Z] [INFO] Dashboard auth: ENFORCED — Discord OAuth required for all API access
[2026-08-14T20:18:07.928Z] [WARN] CLIENT_ID / DISCORD_CLIENT_SECRET not set — OAuth login cannot succeed, so nobody will be able to sign in
[2026-08-14T20:18:07.933Z] [INFO] ✨ Dashboard active at http://0.0.0.0:3122
[2026-08-14T20:18:09.874Z] [WARN] SESSION_SECRET is not set — using a random secret for this process only (sessions reset on restart)
[2026-08-14T20:18:09.997Z] [INFO] Dashboard auth: ENFORCED — Discord OAuth required for all API access
[2026-08-14T20:18:09.997Z] [WARN] CLIENT_ID / DISCORD_CLIENT_SECRET not set — OAuth login cannot succeed, so nobody will be able to sign in
[2026-08-14T20:18:10.002Z] [INFO] ✨ Dashboard active at http://0.0.0.0:3188
[2026-08-14T20:18:11.887Z] [WARN] SESSION_SECRET is not set — using a random secret for this process only (sessions reset on restart)
[2026-08-14T20:18:12.024Z] [INFO] Dashboard auth: ENFORCED — Discord OAuth required for all API access
[2026-08-14T20:18:12.027Z] [INFO] ✨ Dashboard active at http://0.0.0.0:3199
[2026-08-14T20:18:13.887Z] [WARN] SESSION_SECRET is not set — using a random secret for this process only (sessions reset on restart)
[2026-08-14T20:18:14.003Z] [INFO] Dashboard auth: ENFORCED — Discord OAuth required for all API access
[2026-08-14T20:18:14.003Z] [WARN] CLIENT_ID / DISCORD_CLIENT_SECRET not set — OAuth login cannot succeed, so nobody will be able to sign in
[2026-08-14T20:18:14.008Z] [INFO] ✨ Dashboard active at http://0.0.0.0:3202
[2026-08-14T20:20:37.321Z] [WARN] SESSION_SECRET is not set — using a random secret for this process only (sessions reset on restart)
[2026-08-14T20:20:37.470Z] [INFO] Dashboard auth: ENFORCED — Discord OAuth required for all API access
[2026-08-14T20:20:37.471Z] [WARN] CLIENT_ID / DISCORD_CLIENT_SECRET not set — OAuth login cannot succeed, so nobody will be able to sign in
[2026-08-14T20:20:37.474Z] [INFO] ✨ Dashboard active at http://0.0.0.0:3111
[2026-08-14T20:20:39.396Z] [WARN] SESSION_SECRET is not set — using a random secret for this process only (sessions reset on restart)
[2026-08-14T20:20:39.519Z] [INFO] Dashboard auth: ENFORCED — Discord OAuth required for all API access
[2026-08-14T20:20:39.520Z] [WARN] CLIENT_ID / DISCORD_CLIENT_SECRET not set — OAuth login cannot succeed, so nobody will be able to sign in
[2026-08-14T20:20:39.528Z] [INFO] ✨ Dashboard active at http://0.0.0.0:3122
[2026-08-14T20:20:41.544Z] [WARN] SESSION_SECRET is not set — using a random secret for this process only (sessions reset on restart)
[2026-08-14T20:20:41.673Z] [INFO] Dashboard auth: ENFORCED — Discord OAuth required for all API access
[2026-08-14T20:20:41.673Z] [WARN] CLIENT_ID / DISCORD_CLIENT_SECRET not set — OAuth login cannot succeed, so nobody will be able to sign in
[2026-08-14T20:20:41.678Z] [INFO] ✨ Dashboard active at http://0.0.0.0:3188
[2026-08-14T20:20:43.577Z] [WARN] SESSION_SECRET is not set — using a random secret for this process only (sessions reset on restart)
[2026-08-14T20:20:43.726Z] [INFO] Dashboard auth: ENFORCED — Discord OAuth required for all API access
[2026-08-14T20:20:43.729Z] [INFO] ✨ Dashboard active at http://0.0.0.0:3199
[2026-08-14T20:20:45.671Z] [WARN] SESSION_SECRET is not set — using a random secret for this process only (sessions reset on restart)
[2026-08-14T20:20:45.794Z] [INFO] Dashboard auth: ENFORCED — Discord OAuth required for all API access
[2026-08-14T20:20:45.795Z] [WARN] CLIENT_ID / DISCORD_CLIENT_SECRET not set — OAuth login cannot succeed, so nobody will be able to sign in
[2026-08-14T20:20:45.799Z] [INFO] ✨ Dashboard active at http://0.0.0.0:3202
[2026-08-14T20:20:48.631Z] [WARN] SESSION_SECRET is not set — using a random secret for this process only (sessions reset on restart)
[2026-08-14T20:20:48.797Z] [INFO] Dashboard auth: ENFORCED — Discord OAuth required for all API access
[2026-08-14T20:20:48.797Z] [WARN] CLIENT_ID / DISCORD_CLIENT_SECRET not set — OAuth login cannot succeed, so nobody will be able to sign in
[2026-08-14T20:20:48.800Z] [INFO] ✨ Dashboard active at http://0.0.0.0:3111
[2026-08-14T20:20:50.720Z] [WARN] SESSION_SECRET is not set — using a random secret for this process only (sessions reset on restart)
[2026-08-14T20:20:50.851Z] [INFO] Dashboard auth: ENFORCED — Discord OAuth required for all API access
[2026-08-14T20:20:50.851Z] [WARN] CLIENT_ID / DISCORD_CLIENT_SECRET not set — OAuth login cannot succeed, so nobody will be able to sign in
[2026-08-14T20:20:50.856Z] [INFO] ✨ Dashboard active at http://0.0.0.0:3122
[2026-08-14T20:20:52.786Z] [WARN] SESSION_SECRET is not set — using a random secret for this process only (sessions reset on restart)
[2026-08-14T20:20:52.911Z] [INFO] Dashboard auth: ENFORCED — Discord OAuth required for all API access
[2026-08-14T20:20:52.911Z] [WARN] CLIENT_ID / DISCORD_CLIENT_SECRET not set — OAuth login cannot succeed, so nobody will be able to sign in
[2026-08-14T20:20:52.916Z] [INFO] ✨ Dashboard active at http://0.0.0.0:3188
[2026-08-14T20:20:54.828Z] [WARN] SESSION_SECRET is not set — using a random secret for this process only (sessions reset on restart)
[2026-08-14T20:20:54.979Z] [INFO] Dashboard auth: ENFORCED — Discord OAuth required for all API access
[2026-08-14T20:20:54.982Z] [INFO] ✨ Dashboard active at http://0.0.0.0:3199
[2026-08-14T20:20:56.978Z] [WARN] SESSION_SECRET is not set — using a random secret for this process only (sessions reset on restart)
[2026-08-14T20:20:57.109Z] [INFO] Dashboard auth: ENFORCED — Discord OAuth required for all API access
[2026-08-14T20:20:57.110Z] [WARN] CLIENT_ID / DISCORD_CLIENT_SECRET not set — OAuth login cannot succeed, so nobody will be able to sign in
[2026-08-14T20:20:57.115Z] [INFO] ✨ Dashboard active at http://0.0.0.0:3202
[2026-08-14T20:21:44.057Z] [WARN] SESSION_SECRET is not set — using a random secret for this process only (sessions reset on restart)
[2026-08-14T20:21:44.223Z] [WARN] ╔══════════════════════════════════════════════════════════════╗
[2026-08-14T20:21:44.223Z] [WARN] ║ DASHBOARD_AUTH=false — UNAUTHENTICATED LOCAL ACCESS ENABLED  ║
[2026-08-14T20:21:44.223Z] [WARN] ║ Permitted from 127.0.0.1 only. Remove before tunnelling.     ║
[2026-08-14T20:21:44.223Z] [WARN] ╚══════════════════════════════════════════════════════════════╝
[2026-08-14T20:21:44.227Z] [INFO] ✨ Dashboard active at http://0.0.0.0:3221
[2026-08-14T20:21:53.593Z] [WARN] DASHBOARD_AUTH=false — anonymous LOCAL access enabled. Never use this on a public/tunnelled host.
[2026-08-14T20:21:53.605Z] [WARN] DASHBOARD_AUTH=false but a NON-LOCAL request was blocked — anonymous access is loopback-only
[2026-08-14T20:22:35.389Z] [COMMAND] Command /ping by evil ⏎ [2026-01-01T00:00:00.000Z] [ERROR] Owner banned by evil in MyGuild
[2026-08-14T20:22:45.737Z] [WARN] SESSION_SECRET is not set — using a random secret for this process only (sessions reset on restart)
[2026-08-14T20:22:45.881Z] [INFO] Dashboard auth: ENFORCED — Discord OAuth required for all API access
[2026-08-14T20:22:45.881Z] [WARN] CLIENT_ID / DISCORD_CLIENT_SECRET not set — OAuth login cannot succeed, so nobody will be able to sign in
[2026-08-14T20:22:45.884Z] [INFO] ✨ Dashboard active at http://0.0.0.0:3111
[2026-08-14T20:22:47.789Z] [WARN] SESSION_SECRET is not set — using a random secret for this process only (sessions reset on restart)
[2026-08-14T20:22:47.910Z] [INFO] Dashboard auth: ENFORCED — Discord OAuth required for all API access
[2026-08-14T20:22:47.911Z] [WARN] CLIENT_ID / DISCORD_CLIENT_SECRET not set — OAuth login cannot succeed, so nobody will be able to sign in
[2026-08-14T20:22:47.919Z] [INFO] ✨ Dashboard active at http://0.0.0.0:3122
[2026-08-14T20:22:49.844Z] [WARN] SESSION_SECRET is not set — using a random secret for this process only (sessions reset on restart)
[2026-08-14T20:22:49.975Z] [INFO] Dashboard auth: ENFORCED — Discord OAuth required for all API access
[2026-08-14T20:22:49.975Z] [WARN] CLIENT_ID / DISCORD_CLIENT_SECRET not set — OAuth login cannot succeed, so nobody will be able to sign in
[2026-08-14T20:22:49.980Z] [INFO] ✨ Dashboard active at http://0.0.0.0:3188
[2026-08-14T20:22:51.878Z] [WARN] SESSION_SECRET is not set — using a random secret for this process only (sessions reset on restart)
[2026-08-14T20:22:52.021Z] [INFO] Dashboard auth: ENFORCED — Discord OAuth required for all API access
[2026-08-14T20:22:52.024Z] [INFO] ✨ Dashboard active at http://0.0.0.0:3199
[2026-08-14T20:22:53.916Z] [WARN] SESSION_SECRET is not set — using a random secret for this process only (sessions reset on restart)
[2026-08-14T20:22:54.031Z] [INFO] Dashboard auth: ENFORCED — Discord OAuth required for all API access
[2026-08-14T20:22:54.031Z] [WARN] CLIENT_ID / DISCORD_CLIENT_SECRET not set — OAuth login cannot succeed, so nobody will be able to sign in
[2026-08-14T20:22:54.036Z] [INFO] ✨ Dashboard active at http://0.0.0.0:3202
[2026-08-14T20:22:56.800Z] [WARN] SESSION_SECRET is not set — using a random secret for this process only (sessions reset on restart)
[2026-08-14T20:22:56.958Z] [INFO] Dashboard auth: ENFORCED — Discord OAuth required for all API access
[2026-08-14T20:22:56.958Z] [WARN] CLIENT_ID / DISCORD_CLIENT_SECRET not set — OAuth login cannot succeed, so nobody will be able to sign in
[2026-08-14T20:22:56.960Z] [INFO] ✨ Dashboard active at http://0.0.0.0:3111
[2026-08-14T20:22:58.855Z] [WARN] SESSION_SECRET is not set — using a random secret for this process only (sessions reset on restart)
[2026-08-14T20:22:58.973Z] [INFO] Dashboard auth: ENFORCED — Discord OAuth required for all API access
[2026-08-14T20:22:58.973Z] [WARN] CLIENT_ID / DISCORD_CLIENT_SECRET not set — OAuth login cannot succeed, so nobody will be able to sign in
[2026-08-14T20:22:58.977Z] [INFO] ✨ Dashboard active at http://0.0.0.0:3122
[2026-08-14T20:23:00.885Z] [WARN] SESSION_SECRET is not set — using a random secret for this process only (sessions reset on restart)
[2026-08-14T20:23:01.017Z] [INFO] Dashboard auth: ENFORCED — Discord OAuth required for all API access
[2026-08-14T20:23:01.018Z] [WARN] CLIENT_ID / DISCORD_CLIENT_SECRET not set — OAuth login cannot succeed, so nobody will be able to sign in
[2026-08-14T20:23:01.022Z] [INFO] ✨ Dashboard active at http://0.0.0.0:3188
[2026-08-14T20:23:02.906Z] [WARN] SESSION_SECRET is not set — using a random secret for this process only (sessions reset on restart)
[2026-08-14T20:23:03.046Z] [INFO] Dashboard auth: ENFORCED — Discord OAuth required for all API access
[2026-08-14T20:23:03.049Z] [INFO] ✨ Dashboard active at http://0.0.0.0:3199
[2026-08-14T20:23:04.961Z] [WARN] SESSION_SECRET is not set — using a random secret for this process only (sessions reset on restart)
[2026-08-14T20:23:05.083Z] [INFO] Dashboard auth: ENFORCED — Discord OAuth required for all API access
[2026-08-14T20:23:05.083Z] [WARN] CLIENT_ID / DISCORD_CLIENT_SECRET not set — OAuth login cannot succeed, so nobody will be able to sign in
[2026-08-14T20:23:05.088Z] [INFO] ✨ Dashboard active at http://0.0.0.0:3202
[2026-08-14T20:23:55.105Z] [WARN] SESSION_SECRET is not set — using a random secret for this process only (sessions reset on restart)
[2026-08-14T20:23:55.256Z] [INFO] Dashboard auth: ENFORCED — Discord OAuth required for all API access
[2026-08-14T20:23:55.257Z] [WARN] CLIENT_ID / DISCORD_CLIENT_SECRET not set — OAuth login cannot succeed, so nobody will be able to sign in
[2026-08-14T20:23:55.259Z] [INFO] ✨ Dashboard active at http://0.0.0.0:3111
[2026-08-14T20:23:57.196Z] [WARN] SESSION_SECRET is not set — using a random secret for this process only (sessions reset on restart)
[2026-08-14T20:23:57.349Z] [INFO] Dashboard auth: ENFORCED — Discord OAuth required for all API access
[2026-08-14T20:23:57.350Z] [WARN] CLIENT_ID / DISCORD_CLIENT_SECRET not set — OAuth login cannot succeed, so nobody will be able to sign in
[2026-08-14T20:23:57.354Z] [INFO] ✨ Dashboard active at http://0.0.0.0:3122
[2026-08-14T20:23:59.296Z] [WARN] SESSION_SECRET is not set — using a random secret for this process only (sessions reset on restart)
[2026-08-14T20:23:59.421Z] [INFO] Dashboard auth: ENFORCED — Discord OAuth required for all API access
[2026-08-14T20:23:59.421Z] [WARN] CLIENT_ID / DISCORD_CLIENT_SECRET not set — OAuth login cannot succeed, so nobody will be able to sign in
[2026-08-14T20:23:59.425Z] [INFO] ✨ Dashboard active at http://0.0.0.0:3188
[2026-08-14T20:24:01.337Z] [WARN] SESSION_SECRET is not set — using a random secret for this process only (sessions reset on restart)
[2026-08-14T20:24:01.489Z] [INFO] Dashboard auth: ENFORCED — Discord OAuth required for all API access
[2026-08-14T20:24:01.491Z] [INFO] ✨ Dashboard active at http://0.0.0.0:3199
[2026-08-14T20:24:03.391Z] [WARN] SESSION_SECRET is not set — using a random secret for this process only (sessions reset on restart)
[2026-08-14T20:24:03.526Z] [INFO] Dashboard auth: ENFORCED — Discord OAuth required for all API access
[2026-08-14T20:24:03.526Z] [WARN] CLIENT_ID / DISCORD_CLIENT_SECRET not set — OAuth login cannot succeed, so nobody will be able to sign in
[2026-08-14T20:24:03.531Z] [INFO] ✨ Dashboard active at http://0.0.0.0:3202
[2026-08-14T20:24:05.793Z] [WARN] SESSION_SECRET is not set — using a random secret for this process only (sessions reset on restart)
[2026-08-14T20:24:05.949Z] [INFO] Dashboard auth: ENFORCED — Discord OAuth required for all API access
[2026-08-14T20:24:05.949Z] [WARN] CLIENT_ID / DISCORD_CLIENT_SECRET not set — OAuth login cannot succeed, so nobody will be able to sign in
[2026-08-14T20:24:05.951Z] [INFO] ✨ Dashboard active at http://0.0.0.0:3111
[2026-08-14T20:24:07.869Z] [WARN] SESSION_SECRET is not set — using a random secret for this process only (sessions reset on restart)
[2026-08-14T20:24:08.002Z] [INFO] Dashboard auth: ENFORCED — Discord OAuth required for all API access
[2026-08-14T20:24:08.002Z] [WARN] CLIENT_ID / DISCORD_CLIENT_SECRET not set — OAuth login cannot succeed, so nobody will be able to sign in
[2026-08-14T20:24:08.007Z] [INFO] ✨ Dashboard active at http://0.0.0.0:3122
[2026-08-14T20:24:09.962Z] [WARN] SESSION_SECRET is not set — using a random secret for this process only (sessions reset on restart)
[2026-08-14T20:24:10.089Z] [INFO] Dashboard auth: ENFORCED — Discord OAuth required for all API access
[2026-08-14T20:24:10.089Z] [WARN] CLIENT_ID / DISCORD_CLIENT_SECRET not set — OAuth login cannot succeed, so nobody will be able to sign in
[2026-08-14T20:24:10.095Z] [INFO] ✨ Dashboard active at http://0.0.0.0:3188
[2026-08-14T20:24:12.031Z] [WARN] SESSION_SECRET is not set — using a random secret for this process only (sessions reset on restart)
[2026-08-14T20:24:12.187Z] [INFO] Dashboard auth: ENFORCED — Discord OAuth required for all API access
[2026-08-14T20:24:12.189Z] [INFO] ✨ Dashboard active at http://0.0.0.0:3199
[2026-08-14T20:24:14.141Z] [WARN] SESSION_SECRET is not set — using a random secret for this process only (sessions reset on restart)
[2026-08-14T20:24:14.279Z] [INFO] Dashboard auth: ENFORCED — Discord OAuth required for all API access
[2026-08-14T20:24:14.280Z] [WARN] CLIENT_ID / DISCORD_CLIENT_SECRET not set — OAuth login cannot succeed, so nobody will be able to sign in
[2026-08-14T20:24:14.285Z] [INFO] ✨ Dashboard active at http://0.0.0.0:3202
[2026-08-14T20:28:47.163Z] [WARN] SESSION_SECRET is not set — using a random secret for this process only (sessions reset on restart)
[2026-08-14T20:28:47.310Z] [INFO] Dashboard auth: ENFORCED — Discord OAuth required for all API access
[2026-08-14T20:28:47.311Z] [WARN] CLIENT_ID / DISCORD_CLIENT_SECRET not set — OAuth login cannot succeed, so nobody will be able to sign in
[2026-08-14T20:28:47.314Z] [INFO] ✨ Dashboard active at http://0.0.0.0:3111
[2026-08-14T20:28:49.557Z] [WARN] SESSION_SECRET is not set — using a random secret for this process only (sessions reset on restart)
[2026-08-14T20:28:49.681Z] [INFO] Dashboard auth: ENFORCED — Discord OAuth required for all API access
[2026-08-14T20:28:49.683Z] [WARN] CLIENT_ID / DISCORD_CLIENT_SECRET not set — OAuth login cannot succeed, so nobody will be able to sign in
[2026-08-14T20:28:49.688Z] [INFO] ✨ Dashboard active at http://0.0.0.0:3122
[2026-08-14T20:28:51.586Z] [WARN] SESSION_SECRET is not set — using a random secret for this process only (sessions reset on restart)
[2026-08-14T20:28:51.697Z] [INFO] Dashboard auth: ENFORCED — Discord OAuth required for all API access
[2026-08-14T20:28:51.698Z] [WARN] CLIENT_ID / DISCORD_CLIENT_SECRET not set — OAuth login cannot succeed, so nobody will be able to sign in
[2026-08-14T20:28:51.702Z] [INFO] ✨ Dashboard active at http://0.0.0.0:3188
[2026-08-14T20:28:53.611Z] [WARN] SESSION_SECRET is not set — using a random secret for this process only (sessions reset on restart)
[2026-08-14T20:28:53.752Z] [INFO] Dashboard auth: ENFORCED — Discord OAuth required for all API access
[2026-08-14T20:28:53.755Z] [INFO] ✨ Dashboard active at http://0.0.0.0:3199
[2026-08-14T20:28:55.664Z] [WARN] SESSION_SECRET is not set — using a random secret for this process only (sessions reset on restart)
[2026-08-14T20:28:55.786Z] [INFO] Dashboard auth: ENFORCED — Discord OAuth required for all API access
[2026-08-14T20:28:55.788Z] [WARN] CLIENT_ID / DISCORD_CLIENT_SECRET not set — OAuth login cannot succeed, so nobody will be able to sign in
[2026-08-14T20:28:55.792Z] [INFO] ✨ Dashboard active at http://0.0.0.0:3202
[2026-08-14T20:30:50.428Z] [WARN] SESSION_SECRET is not set — using a random secret for this process only (sessions reset on restart)
[2026-08-14T20:30:50.565Z] [INFO] Dashboard auth: ENFORCED — Discord OAuth required for all API access
[2026-08-14T20:30:50.565Z] [WARN] CLIENT_ID / DISCORD_CLIENT_SECRET not set — OAuth login cannot succeed, so nobody will be able to sign in
[2026-08-14T20:30:50.567Z] [INFO] ✨ Dashboard active at http://0.0.0.0:3111
[2026-08-14T20:30:52.501Z] [WARN] SESSION_SECRET is not set — using a random secret for this process only (sessions reset on restart)
[2026-08-14T20:30:52.643Z] [INFO] Dashboard auth: ENFORCED — Discord OAuth required for all API access
[2026-08-14T20:30:52.643Z] [WARN] CLIENT_ID / DISCORD_CLIENT_SECRET not set — OAuth login cannot succeed, so nobody will be able to sign in
[2026-08-14T20:30:52.647Z] [INFO] ✨ Dashboard active at http://0.0.0.0:3122
[2026-08-14T20:30:54.564Z] [WARN] SESSION_SECRET is not set — using a random secret for this process only (sessions reset on restart)
[2026-08-14T20:30:54.688Z] [INFO] Dashboard auth: ENFORCED — Discord OAuth required for all API access
[2026-08-14T20:30:54.688Z] [WARN] CLIENT_ID / DISCORD_CLIENT_SECRET not set — OAuth login cannot succeed, so nobody will be able to sign in
[2026-08-14T20:30:54.693Z] [INFO] ✨ Dashboard active at http://0.0.0.0:3188
[2026-08-14T20:30:56.582Z] [WARN] SESSION_SECRET is not set — using a random secret for this process only (sessions reset on restart)
[2026-08-14T20:30:56.733Z] [INFO] Dashboard auth: ENFORCED — Discord OAuth required for all API access
[2026-08-14T20:30:56.735Z] [INFO] ✨ Dashboard active at http://0.0.0.0:3199
[2026-08-14T20:30:58.631Z] [WARN] SESSION_SECRET is not set — using a random secret for this process only (sessions reset on restart)
[2026-08-14T20:30:58.756Z] [INFO] Dashboard auth: ENFORCED — Discord OAuth required for all API access
[2026-08-14T20:30:58.756Z] [WARN] CLIENT_ID / DISCORD_CLIENT_SECRET not set — OAuth login cannot succeed, so nobody will be able to sign in
[2026-08-14T20:30:58.761Z] [INFO] ✨ Dashboard active at http://0.0.0.0:3202
[2026-08-14T20:39:05.444Z] [WARN] SESSION_SECRET is not set — using a random secret for this process only (sessions reset on restart)
[2026-08-14T20:39:05.589Z] [INFO] Dashboard auth: ENFORCED — Discord OAuth required for all API access
[2026-08-14T20:39:05.589Z] [WARN] CLIENT_ID / DISCORD_CLIENT_SECRET not set — OAuth login cannot succeed, so nobody will be able to sign in
[2026-08-14T20:39:05.592Z] [INFO] ✨ Dashboard active at http://0.0.0.0:3111
[2026-08-14T20:39:07.572Z] [WARN] SESSION_SECRET is not set — using a random secret for this process only (sessions reset on restart)
[2026-08-14T20:39:07.721Z] [INFO] Dashboard auth: ENFORCED — Discord OAuth required for all API access
[2026-08-14T20:39:07.721Z] [WARN] CLIENT_ID / DISCORD_CLIENT_SECRET not set — OAuth login cannot succeed, so nobody will be able to sign in
[2026-08-14T20:39:07.726Z] [INFO] ✨ Dashboard active at http://0.0.0.0:3122
[2026-08-14T20:39:09.672Z] [WARN] SESSION_SECRET is not set — using a random secret for this process only (sessions reset on restart)
[2026-08-14T20:39:09.809Z] [INFO] Dashboard auth: ENFORCED — Discord OAuth required for all API access
[2026-08-14T20:39:09.809Z] [WARN] CLIENT_ID / DISCORD_CLIENT_SECRET not set — OAuth login cannot succeed, so nobody will be able to sign in
[2026-08-14T20:39:09.814Z] [INFO] ✨ Dashboard active at http://0.0.0.0:3188
[2026-08-14T20:39:11.709Z] [WARN] SESSION_SECRET is not set — using a random secret for this process only (sessions reset on restart)
[2026-08-14T20:39:11.850Z] [INFO] Dashboard auth: ENFORCED — Discord OAuth required for all API access
[2026-08-14T20:39:11.853Z] [INFO] ✨ Dashboard active at http://0.0.0.0:3199
[2026-08-14T20:39:13.728Z] [WARN] SESSION_SECRET is not set — using a random secret for this process only (sessions reset on restart)
[2026-08-14T20:39:13.846Z] [INFO] Dashboard auth: ENFORCED — Discord OAuth required for all API access
[2026-08-14T20:39:13.846Z] [WARN] CLIENT_ID / DISCORD_CLIENT_SECRET not set — OAuth login cannot succeed, so nobody will be able to sign in
[2026-08-14T20:39:13.851Z] [INFO] ✨ Dashboard active at http://0.0.0.0:3202
[2026-08-14T20:44:11.702Z] [WARN] SESSION_SECRET is not set — using a random secret for this process only (sessions reset on restart)
[2026-08-14T20:44:11.857Z] [INFO] Dashboard auth: ENFORCED — Discord OAuth required for all API access
[2026-08-14T20:44:11.857Z] [WARN] CLIENT_ID / DISCORD_CLIENT_SECRET not set — OAuth login cannot succeed, so nobody will be able to sign in
[2026-08-14T20:44:11.865Z] [INFO] ✨ Dashboard active at http://0.0.0.0:3111
[2026-08-14T20:44:13.761Z] [WARN] SESSION_SECRET is not set — using a random secret for this process only (sessions reset on restart)
[2026-08-14T20:44:13.883Z] [INFO] Dashboard auth: ENFORCED — Discord OAuth required for all API access
[2026-08-14T20:44:13.883Z] [WARN] CLIENT_ID / DISCORD_CLIENT_SECRET not set — OAuth login cannot succeed, so nobody will be able to sign in
[2026-08-14T20:44:13.888Z] [INFO] ✨ Dashboard active at http://0.0.0.0:3122
[2026-08-14T20:44:15.831Z] [WARN] SESSION_SECRET is not set — using a random secret for this process only (sessions reset on restart)
[2026-08-14T20:44:15.954Z] [INFO] Dashboard auth: ENFORCED — Discord OAuth required for all API access
[2026-08-14T20:44:15.954Z] [WARN] CLIENT_ID / DISCORD_CLIENT_SECRET not set — OAuth login cannot succeed, so nobody will be able to sign in
[2026-08-14T20:44:15.959Z] [INFO] ✨ Dashboard active at http://0.0.0.0:3188
[2026-08-14T20:44:17.886Z] [WARN] SESSION_SECRET is not set — using a random secret for this process only (sessions reset on restart)
[2026-08-14T20:44:18.029Z] [INFO] Dashboard auth: ENFORCED — Discord OAuth required for all API access
[2026-08-14T20:44:18.032Z] [INFO] ✨ Dashboard active at http://0.0.0.0:3199
[2026-08-14T20:44:19.945Z] [WARN] SESSION_SECRET is not set — using a random secret for this process only (sessions reset on restart)
[2026-08-14T20:44:20.059Z] [INFO] Dashboard auth: ENFORCED — Discord OAuth required for all API access
[2026-08-14T20:44:20.059Z] [WARN] CLIENT_ID / DISCORD_CLIENT_SECRET not set — OAuth login cannot succeed, so nobody will be able to sign in
[2026-08-14T20:44:20.064Z] [INFO] ✨ Dashboard active at http://0.0.0.0:3202
[2026-08-14T20:44:23.604Z] [WARN] SESSION_SECRET is not set — using a random secret for this process only (sessions reset on restart)
[2026-08-14T20:44:23.751Z] [INFO] Dashboard auth: ENFORCED — Discord OAuth required for all API access
[2026-08-14T20:44:23.751Z] [WARN] CLIENT_ID / DISCORD_CLIENT_SECRET not set — OAuth login cannot succeed, so nobody will be able to sign in
[2026-08-14T20:44:23.754Z] [INFO] ✨ Dashboard active at http://0.0.0.0:3111
[2026-08-14T20:44:25.656Z] [WARN] SESSION_SECRET is not set — using a random secret for this process only (sessions reset on restart)
[2026-08-14T20:44:25.782Z] [INFO] Dashboard auth: ENFORCED — Discord OAuth required for all API access
[2026-08-14T20:44:25.782Z] [WARN] CLIENT_ID / DISCORD_CLIENT_SECRET not set — OAuth login cannot succeed, so nobody will be able to sign in
[2026-08-14T20:44:25.787Z] [INFO] ✨ Dashboard active at http://0.0.0.0:3122
[2026-08-14T20:44:27.704Z] [WARN] SESSION_SECRET is not set — using a random secret for this process only (sessions reset on restart)
[2026-08-14T20:44:27.826Z] [INFO] Dashboard auth: ENFORCED — Discord OAuth required for all API access
[2026-08-14T20:44:27.826Z] [WARN] CLIENT_ID / DISCORD_CLIENT_SECRET not set — OAuth login cannot succeed, so nobody will be able to sign in
[2026-08-14T20:44:27.831Z] [INFO] ✨ Dashboard active at http://0.0.0.0:3188
[2026-08-14T20:44:29.702Z] [WARN] SESSION_SECRET is not set — using a random secret for this process only (sessions reset on restart)
[2026-08-14T20:44:29.840Z] [INFO] Dashboard auth: ENFORCED — Discord OAuth required for all API access
[2026-08-14T20:44:29.842Z] [INFO] ✨ Dashboard active at http://0.0.0.0:3199
[2026-08-14T20:44:31.767Z] [WARN] SESSION_SECRET is not set — using a random secret for this process only (sessions reset on restart)
[2026-08-14T20:44:31.888Z] [INFO] Dashboard auth: ENFORCED — Discord OAuth required for all API access
[2026-08-14T20:44:31.888Z] [WARN] CLIENT_ID / DISCORD_CLIENT_SECRET not set — OAuth login cannot succeed, so nobody will be able to sign in
[2026-08-14T20:44:31.893Z] [INFO] ✨ Dashboard active at http://0.0.0.0:3202
[2026-08-14T20:50:51.200Z] [WARN] SESSION_SECRET is not set — using a random secret for this process only (sessions reset on restart)
[2026-08-14T20:50:51.334Z] [INFO] Dashboard auth: ENFORCED — Discord OAuth required for all API access
[2026-08-14T20:50:51.334Z] [WARN] CLIENT_ID / DISCORD_CLIENT_SECRET not set — OAuth login cannot succeed, so nobody will be able to sign in
[2026-08-14T20:50:51.337Z] [INFO] ✨ Dashboard active at http://0.0.0.0:3244
[2026-08-14T20:50:52.853Z] [ERROR] API error | {"requestId":"f5ad0f43d9c8","status":500,"method":"GET","path":"/__boom","userId":null,"error":"ENOENT: open '/srv/secret.json'","stack":"Error: ENOENT: open '/srv/secret.json' ⏎     at /home/user/Discord-v1/scripts/test-errors.js:129:42 ⏎     at Layer.handleRequest (/home/user/Discord-v1/node_modules/router/lib/layer.js:152:17) ⏎     at next (/home/user/Discord-v1/node_modules/router/lib/route.js:157:13) ⏎     at Route.dispatch (/home/user/Discord-v1/node_modules/router/lib/route.js:117:3) ⏎     at handle (/home/user/Discord-v1/node_modules/router/index.js:435:11) ⏎     at Layer.handleRequest (/home/user/Discord-v1/node_modules/router/lib/layer.js:152:17) ⏎     at /home/user/Discord-v1/node_modules/router/index.js:295:15 ⏎     at processParams (/home/user/Discord-v1/node_modules/router/index.js:582:12) ⏎     at next (/home/user/Discord-v1/node_modules/router/index.js:291:5) ⏎     at /home/user/Discord-v1/dashboard/server.js:116:5"}
[2026-08-14T20:50:52.858Z] [ERROR] API error | {"requestId":"6806e8b41784","status":500,"method":"GET","path":"/__boom-async","userId":null,"error":"internal detail leak","stack":"Error: internal detail leak ⏎     at /home/user/Discord-v1/scripts/test-errors.js:130:54 ⏎     at Layer.handleRequest (/home/user/Discord-v1/node_modules/router/lib/layer.js:152:17) ⏎     at next (/home/user/Discord-v1/node_modules/router/lib/route.js:157:13) ⏎     at Route.dispatch (/home/user/Discord-v1/node_modules/router/lib/route.js:117:3) ⏎     at handle (/home/user/Discord-v1/node_modules/router/index.js:435:11) ⏎     at Layer.handleRequest (/home/user/Discord-v1/node_modules/router/lib/layer.js:152:17) ⏎     at /home/user/Discord-v1/node_modules/router/index.js:295:15 ⏎     at processParams (/home/user/Discord-v1/node_modules/router/index.js:582:12) ⏎     at next (/home/user/Discord-v1/node_modules/router/index.js:291:5) ⏎     at /home/user/Discord-v1/dashboard/server.js:116:5"}
[2026-08-14T20:50:52.860Z] [WARN] API request rejected | {"requestId":"cf39a5ca75e8","status":418,"method":"GET","path":"/__boom-api","userId":null,"error":"Deliberate teapot"}
[2026-08-14T20:51:01.256Z] [WARN] SESSION_SECRET is not set — using a random secret for this process only (sessions reset on restart)
[2026-08-14T20:51:01.399Z] [INFO] Dashboard auth: ENFORCED — Discord OAuth required for all API access
[2026-08-14T20:51:01.399Z] [WARN] CLIENT_ID / DISCORD_CLIENT_SECRET not set — OAuth login cannot succeed, so nobody will be able to sign in
[2026-08-14T20:51:01.402Z] [INFO] ✨ Dashboard active at http://0.0.0.0:3111
[2026-08-14T20:51:03.290Z] [WARN] SESSION_SECRET is not set — using a random secret for this process only (sessions reset on restart)
[2026-08-14T20:51:03.412Z] [INFO] Dashboard auth: ENFORCED — Discord OAuth required for all API access
[2026-08-14T20:51:03.412Z] [WARN] CLIENT_ID / DISCORD_CLIENT_SECRET not set — OAuth login cannot succeed, so nobody will be able to sign in
[2026-08-14T20:51:03.417Z] [INFO] ✨ Dashboard active at http://0.0.0.0:3122
[2026-08-14T20:51:05.327Z] [WARN] SESSION_SECRET is not set — using a random secret for this process only (sessions reset on restart)
[2026-08-14T20:51:05.450Z] [INFO] Dashboard auth: ENFORCED — Discord OAuth required for all API access
[2026-08-14T20:51:05.450Z] [WARN] CLIENT_ID / DISCORD_CLIENT_SECRET not set — OAuth login cannot succeed, so nobody will be able to sign in
[2026-08-14T20:51:05.454Z] [INFO] ✨ Dashboard active at http://0.0.0.0:3188
[2026-08-14T20:51:07.328Z] [WARN] SESSION_SECRET is not set — using a random secret for this process only (sessions reset on restart)
[2026-08-14T20:51:07.463Z] [INFO] Dashboard auth: ENFORCED — Discord OAuth required for all API access
[2026-08-14T20:51:07.470Z] [INFO] ✨ Dashboard active at http://0.0.0.0:3199
[2026-08-14T20:51:09.345Z] [WARN] SESSION_SECRET is not set — using a random secret for this process only (sessions reset on restart)
[2026-08-14T20:51:09.469Z] [INFO] Dashboard auth: ENFORCED — Discord OAuth required for all API access
[2026-08-14T20:51:09.469Z] [WARN] CLIENT_ID / DISCORD_CLIENT_SECRET not set — OAuth login cannot succeed, so nobody will be able to sign in
[2026-08-14T20:51:09.474Z] [INFO] ✨ Dashboard active at http://0.0.0.0:3202
[2026-08-14T20:51:12.276Z] [WARN] SESSION_SECRET is not set — using a random secret for this process only (sessions reset on restart)
[2026-08-14T20:51:12.416Z] [INFO] Dashboard auth: ENFORCED — Discord OAuth required for all API access
[2026-08-14T20:51:12.416Z] [WARN] CLIENT_ID / DISCORD_CLIENT_SECRET not set — OAuth login cannot succeed, so nobody will be able to sign in
[2026-08-14T20:51:12.419Z] [INFO] ✨ Dashboard active at http://0.0.0.0:3244
[2026-08-14T20:51:13.936Z] [ERROR] API error | {"requestId":"d7b5a00afa61","status":500,"method":"GET","path":"/__boom","userId":null,"error":"ENOENT: open '/srv/secret.json'","stack":"Error: ENOENT: open '/srv/secret.json' ⏎     at /home/user/Discord-v1/scripts/test-errors.js:129:42 ⏎     at Layer.handleRequest (/home/user/Discord-v1/node_modules/router/lib/layer.js:152:17) ⏎     at next (/home/user/Discord-v1/node_modules/router/lib/route.js:157:13) ⏎     at Route.dispatch (/home/user/Discord-v1/node_modules/router/lib/route.js:117:3) ⏎     at handle (/home/user/Discord-v1/node_modules/router/index.js:435:11) ⏎     at Layer.handleRequest (/home/user/Discord-v1/node_modules/router/lib/layer.js:152:17) ⏎     at /home/user/Discord-v1/node_modules/router/index.js:295:15 ⏎     at processParams (/home/user/Discord-v1/node_modules/router/index.js:582:12) ⏎     at next (/home/user/Discord-v1/node_modules/router/index.js:291:5) ⏎     at /home/user/Discord-v1/dashboard/server.js:116:5"}
[2026-08-14T20:51:13.941Z] [ERROR] API error | {"requestId":"a967d320e4f4","status":500,"method":"GET","path":"/__boom-async","userId":null,"error":"internal detail leak","stack":"Error: internal detail leak ⏎     at /home/user/Discord-v1/scripts/test-errors.js:130:54 ⏎     at Layer.handleRequest (/home/user/Discord-v1/node_modules/router/lib/layer.js:152:17) ⏎     at next (/home/user/Discord-v1/node_modules/router/lib/route.js:157:13) ⏎     at Route.dispatch (/home/user/Discord-v1/node_modules/router/lib/route.js:117:3) ⏎     at handle (/home/user/Discord-v1/node_modules/router/index.js:435:11) ⏎     at Layer.handleRequest (/home/user/Discord-v1/node_modules/router/lib/layer.js:152:17) ⏎     at /home/user/Discord-v1/node_modules/router/index.js:295:15 ⏎     at processParams (/home/user/Discord-v1/node_modules/router/index.js:582:12) ⏎     at next (/home/user/Discord-v1/node_modules/router/index.js:291:5) ⏎     at /home/user/Discord-v1/dashboard/server.js:116:5"}
[2026-08-14T20:51:13.943Z] [WARN] API request rejected | {"requestId":"0591f96a0ed1","status":418,"method":"GET","path":"/__boom-api","userId":null,"error":"Deliberate teapot"}
[2026-08-14T20:51:14.889Z] [WARN] SESSION_SECRET is not set — using a random secret for this process only (sessions reset on restart)
[2026-08-14T20:51:15.029Z] [INFO] Dashboard auth: ENFORCED — Discord OAuth required for all API access
[2026-08-14T20:51:15.029Z] [WARN] CLIENT_ID / DISCORD_CLIENT_SECRET not set — OAuth login cannot succeed, so nobody will be able to sign in
[2026-08-14T20:51:15.031Z] [INFO] ✨ Dashboard active at http://0.0.0.0:3111
[2026-08-14T20:51:16.920Z] [WARN] SESSION_SECRET is not set — using a random secret for this process only (sessions reset on restart)
[2026-08-14T20:51:17.037Z] [INFO] Dashboard auth: ENFORCED — Discord OAuth required for all API access
[2026-08-14T20:51:17.037Z] [WARN] CLIENT_ID / DISCORD_CLIENT_SECRET not set — OAuth login cannot succeed, so nobody will be able to sign in
[2026-08-14T20:51:17.045Z] [INFO] ✨ Dashboard active at http://0.0.0.0:3122
[2026-08-14T20:51:19.005Z] [WARN] SESSION_SECRET is not set — using a random secret for this process only (sessions reset on restart)
[2026-08-14T20:51:19.130Z] [INFO] Dashboard auth: ENFORCED — Discord OAuth required for all API access
[2026-08-14T20:51:19.130Z] [WARN] CLIENT_ID / DISCORD_CLIENT_SECRET not set — OAuth login cannot succeed, so nobody will be able to sign in
[2026-08-14T20:51:19.135Z] [INFO] ✨ Dashboard active at http://0.0.0.0:3188
[2026-08-14T20:51:21.010Z] [WARN] SESSION_SECRET is not set — using a random secret for this process only (sessions reset on restart)
[2026-08-14T20:51:21.146Z] [INFO] Dashboard auth: ENFORCED — Discord OAuth required for all API access
[2026-08-14T20:51:21.149Z] [INFO] ✨ Dashboard active at http://0.0.0.0:3199
[2026-08-14T20:51:23.020Z] [WARN] SESSION_SECRET is not set — using a random secret for this process only (sessions reset on restart)
[2026-08-14T20:51:23.131Z] [INFO] Dashboard auth: ENFORCED — Discord OAuth required for all API access
[2026-08-14T20:51:23.131Z] [WARN] CLIENT_ID / DISCORD_CLIENT_SECRET not set — OAuth login cannot succeed, so nobody will be able to sign in
[2026-08-14T20:51:23.135Z] [INFO] ✨ Dashboard active at http://0.0.0.0:3202
[2026-08-14T20:51:25.908Z] [WARN] SESSION_SECRET is not set — using a random secret for this process only (sessions reset on restart)
[2026-08-14T20:51:26.049Z] [INFO] Dashboard auth: ENFORCED — Discord OAuth required for all API access
[2026-08-14T20:51:26.049Z] [WARN] CLIENT_ID / DISCORD_CLIENT_SECRET not set — OAuth login cannot succeed, so nobody will be able to sign in
[2026-08-14T20:51:26.051Z] [INFO] ✨ Dashboard active at http://0.0.0.0:3244
[2026-08-14T20:51:27.568Z] [ERROR] API error | {"requestId":"9c2a06332fad","status":500,"method":"GET","path":"/__boom","userId":null,"error":"ENOENT: open '/srv/secret.json'","stack":"Error: ENOENT: open '/srv/secret.json' ⏎     at /home/user/Discord-v1/scripts/test-errors.js:129:42 ⏎     at Layer.handleRequest (/home/user/Discord-v1/node_modules/router/lib/layer.js:152:17) ⏎     at next (/home/user/Discord-v1/node_modules/router/lib/route.js:157:13) ⏎     at Route.dispatch (/home/user/Discord-v1/node_modules/router/lib/route.js:117:3) ⏎     at handle (/home/user/Discord-v1/node_modules/router/index.js:435:11) ⏎     at Layer.handleRequest (/home/user/Discord-v1/node_modules/router/lib/layer.js:152:17) ⏎     at /home/user/Discord-v1/node_modules/router/index.js:295:15 ⏎     at processParams (/home/user/Discord-v1/node_modules/router/index.js:582:12) ⏎     at next (/home/user/Discord-v1/node_modules/router/index.js:291:5) ⏎     at /home/user/Discord-v1/dashboard/server.js:116:5"}
[2026-08-14T20:51:27.573Z] [ERROR] API error | {"requestId":"df22ffc45a4d","status":500,"method":"GET","path":"/__boom-async","userId":null,"error":"internal detail leak","stack":"Error: internal detail leak ⏎     at /home/user/Discord-v1/scripts/test-errors.js:130:54 ⏎     at Layer.handleRequest (/home/user/Discord-v1/node_modules/router/lib/layer.js:152:17) ⏎     at next (/home/user/Discord-v1/node_modules/router/lib/route.js:157:13) ⏎     at Route.dispatch (/home/user/Discord-v1/node_modules/router/lib/route.js:117:3) ⏎     at handle (/home/user/Discord-v1/node_modules/router/index.js:435:11) ⏎     at Layer.handleRequest (/home/user/Discord-v1/node_modules/router/lib/layer.js:152:17) ⏎     at /home/user/Discord-v1/node_modules/router/index.js:295:15 ⏎     at processParams (/home/user/Discord-v1/node_modules/router/index.js:582:12) ⏎     at next (/home/user/Discord-v1/node_modules/router/index.js:291:5) ⏎     at /home/user/Discord-v1/dashboard/server.js:116:5"}
[2026-08-14T20:51:27.575Z] [WARN] API request rejected | {"requestId":"936b4727cf06","status":418,"method":"GET","path":"/__boom-api","userId":null,"error":"Deliberate teapot"}
[2026-08-14T20:52:45.067Z] [WARN] SESSION_SECRET is not set — using a random secret for this process only (sessions reset on restart)
[2026-08-14T20:52:45.202Z] [INFO] Dashboard auth: ENFORCED — Discord OAuth required for all API access
[2026-08-14T20:52:45.202Z] [WARN] CLIENT_ID / DISCORD_CLIENT_SECRET not set — OAuth login cannot succeed, so nobody will be able to sign in
[2026-08-14T20:52:45.205Z] [INFO] ✨ Dashboard active at http://0.0.0.0:3111
[2026-08-14T20:52:47.102Z] [WARN] SESSION_SECRET is not set — using a random secret for this process only (sessions reset on restart)
[2026-08-14T20:52:47.221Z] [INFO] Dashboard auth: ENFORCED — Discord OAuth required for all API access
[2026-08-14T20:52:47.221Z] [WARN] CLIENT_ID / DISCORD_CLIENT_SECRET not set — OAuth login cannot succeed, so nobody will be able to sign in
[2026-08-14T20:52:47.227Z] [INFO] ✨ Dashboard active at http://0.0.0.0:3122
[2026-08-14T20:52:49.142Z] [WARN] SESSION_SECRET is not set — using a random secret for this process only (sessions reset on restart)
[2026-08-14T20:52:49.261Z] [INFO] Dashboard auth: ENFORCED — Discord OAuth required for all API access
[2026-08-14T20:52:49.262Z] [WARN] CLIENT_ID / DISCORD_CLIENT_SECRET not set — OAuth login cannot succeed, so nobody will be able to sign in
[2026-08-14T20:52:49.269Z] [INFO] ✨ Dashboard active at http://0.0.0.0:3188
[2026-08-14T20:52:51.147Z] [WARN] SESSION_SECRET is not set — using a random secret for this process only (sessions reset on restart)
[2026-08-14T20:52:51.290Z] [INFO] Dashboard auth: ENFORCED — Discord OAuth required for all API access
[2026-08-14T20:52:51.293Z] [INFO] ✨ Dashboard active at http://0.0.0.0:3199
[2026-08-14T20:52:53.202Z] [WARN] SESSION_SECRET is not set — using a random secret for this process only (sessions reset on restart)
[2026-08-14T20:52:53.317Z] [INFO] Dashboard auth: ENFORCED — Discord OAuth required for all API access
[2026-08-14T20:52:53.318Z] [WARN] CLIENT_ID / DISCORD_CLIENT_SECRET not set — OAuth login cannot succeed, so nobody will be able to sign in
[2026-08-14T20:52:53.323Z] [INFO] ✨ Dashboard active at http://0.0.0.0:3202
[2026-08-14T20:52:56.163Z] [WARN] SESSION_SECRET is not set — using a random secret for this process only (sessions reset on restart)
[2026-08-14T20:52:56.316Z] [INFO] Dashboard auth: ENFORCED — Discord OAuth required for all API access
[2026-08-14T20:52:56.316Z] [WARN] CLIENT_ID / DISCORD_CLIENT_SECRET not set — OAuth login cannot succeed, so nobody will be able to sign in
[2026-08-14T20:52:56.319Z] [INFO] ✨ Dashboard active at http://0.0.0.0:3244
[2026-08-14T20:52:57.836Z] [ERROR] API error | {"requestId":"1db8e10e53e7","status":500,"method":"GET","path":"/__boom","userId":null,"error":"ENOENT: open '/srv/secret.json'","stack":"Error: ENOENT: open '/srv/secret.json' ⏎     at /home/user/Discord-v1/scripts/test-errors.js:129:42 ⏎     at Layer.handleRequest (/home/user/Discord-v1/node_modules/router/lib/layer.js:152:17) ⏎     at next (/home/user/Discord-v1/node_modules/router/lib/route.js:157:13) ⏎     at Route.dispatch (/home/user/Discord-v1/node_modules/router/lib/route.js:117:3) ⏎     at handle (/home/user/Discord-v1/node_modules/router/index.js:435:11) ⏎     at Layer.handleRequest (/home/user/Discord-v1/node_modules/router/lib/layer.js:152:17) ⏎     at /home/user/Discord-v1/node_modules/router/index.js:295:15 ⏎     at processParams (/home/user/Discord-v1/node_modules/router/index.js:582:12) ⏎     at next (/home/user/Discord-v1/node_modules/router/index.js:291:5) ⏎     at /home/user/Discord-v1/dashboard/server.js:116:5"}
[2026-08-14T20:52:57.841Z] [ERROR] API error | {"requestId":"e371bbefd3c2","status":500,"method":"GET","path":"/__boom-async","userId":null,"error":"internal detail leak","stack":"Error: internal detail leak ⏎     at /home/user/Discord-v1/scripts/test-errors.js:130:54 ⏎     at Layer.handleRequest (/home/user/Discord-v1/node_modules/router/lib/layer.js:152:17) ⏎     at next (/home/user/Discord-v1/node_modules/router/lib/route.js:157:13) ⏎     at Route.dispatch (/home/user/Discord-v1/node_modules/router/lib/route.js:117:3) ⏎     at handle (/home/user/Discord-v1/node_modules/router/index.js:435:11) ⏎     at Layer.handleRequest (/home/user/Discord-v1/node_modules/router/lib/layer.js:152:17) ⏎     at /home/user/Discord-v1/node_modules/router/index.js:295:15 ⏎     at processParams (/home/user/Discord-v1/node_modules/router/index.js:582:12) ⏎     at next (/home/user/Discord-v1/node_modules/router/index.js:291:5) ⏎     at /home/user/Discord-v1/dashboard/server.js:116:5"}
[2026-08-14T20:52:57.843Z] [WARN] API request rejected | {"requestId":"3de2c5e7a75e","status":418,"method":"GET","path":"/__boom-api","userId":null,"error":"Deliberate teapot"}
[2026-08-14T20:57:47.220Z] [WARN] SESSION_SECRET is not set — using a random secret for this process only (sessions reset on restart)
[2026-08-14T20:57:47.357Z] [INFO] Dashboard auth: ENFORCED — Discord OAuth required for all API access
[2026-08-14T20:57:47.358Z] [WARN] CLIENT_ID / DISCORD_CLIENT_SECRET not set — OAuth login cannot succeed, so nobody will be able to sign in
[2026-08-14T20:57:47.360Z] [INFO] ✨ Dashboard active at http://0.0.0.0:3111
[2026-08-14T20:57:49.889Z] [WARN] SESSION_SECRET is not set — using a random secret for this process only (sessions reset on restart)
[2026-08-14T20:57:50.031Z] [INFO] Dashboard auth: ENFORCED — Discord OAuth required for all API access
[2026-08-14T20:57:50.031Z] [WARN] CLIENT_ID / DISCORD_CLIENT_SECRET not set — OAuth login cannot succeed, so nobody will be able to sign in
[2026-08-14T20:57:50.034Z] [INFO] ✨ Dashboard active at http://0.0.0.0:3111
[2026-08-14T20:57:56.563Z] [WARN] SESSION_SECRET is not set — using a random secret for this process only (sessions reset on restart)
[2026-08-14T20:57:56.696Z] [INFO] Dashboard auth: ENFORCED — Discord OAuth required for all API access
[2026-08-14T20:57:56.696Z] [WARN] CLIENT_ID / DISCORD_CLIENT_SECRET not set — OAuth login cannot succeed, so nobody will be able to sign in
[2026-08-14T20:57:56.699Z] [INFO] ✨ Dashboard active at http://0.0.0.0:3111
[2026-08-14T20:58:54.620Z] [WARN] SESSION_SECRET is not set — using a random secret for this process only (sessions reset on restart)
[2026-08-14T20:58:54.767Z] [INFO] Dashboard auth: ENFORCED — Discord OAuth required for all API access
[2026-08-14T20:58:54.768Z] [WARN] CLIENT_ID / DISCORD_CLIENT_SECRET not set — OAuth login cannot succeed, so nobody will be able to sign in
[2026-08-14T20:58:54.770Z] [INFO] ✨ Dashboard active at http://0.0.0.0:3266
[2026-08-14T20:59:48.481Z] [WARN] SESSION_SECRET is not set — using a random secret for this process only (sessions reset on restart)
[2026-08-14T20:59:48.623Z] [INFO] Dashboard auth: ENFORCED — Discord OAuth required for all API access
[2026-08-14T20:59:48.623Z] [WARN] CLIENT_ID / DISCORD_CLIENT_SECRET not set — OAuth login cannot succeed, so nobody will be able to sign in
[2026-08-14T20:59:48.626Z] [INFO] ✨ Dashboard active at http://0.0.0.0:3111
[2026-08-14T20:59:50.523Z] [WARN] SESSION_SECRET is not set — using a random secret for this process only (sessions reset on restart)
[2026-08-14T20:59:50.642Z] [INFO] Dashboard auth: ENFORCED — Discord OAuth required for all API access
[2026-08-14T20:59:50.642Z] [WARN] CLIENT_ID / DISCORD_CLIENT_SECRET not set — OAuth login cannot succeed, so nobody will be able to sign in
[2026-08-14T20:59:50.650Z] [INFO] ✨ Dashboard active at http://0.0.0.0:3122
[2026-08-14T20:59:53.127Z] [WARN] SESSION_SECRET is not set — using a random secret for this process only (sessions reset on restart)
[2026-08-14T20:59:53.267Z] [INFO] Dashboard auth: ENFORCED — Discord OAuth required for all API access
[2026-08-14T20:59:53.267Z] [WARN] CLIENT_ID / DISCORD_CLIENT_SECRET not set — OAuth login cannot succeed, so nobody will be able to sign in
[2026-08-14T20:59:53.269Z] [INFO] ✨ Dashboard active at http://0.0.0.0:3111
[2026-08-14T20:59:55.164Z] [WARN] SESSION_SECRET is not set — using a random secret for this process only (sessions reset on restart)
[2026-08-14T20:59:55.284Z] [INFO] Dashboard auth: ENFORCED — Discord OAuth required for all API access
[2026-08-14T20:59:55.284Z] [WARN] CLIENT_ID / DISCORD_CLIENT_SECRET not set — OAuth login cannot succeed, so nobody will be able to sign in
[2026-08-14T20:59:55.289Z] [INFO] ✨ Dashboard active at http://0.0.0.0:3122
[2026-08-14T20:59:57.749Z] [WARN] SESSION_SECRET is not set — using a random secret for this process only (sessions reset on restart)
[2026-08-14T20:59:57.908Z] [INFO] Dashboard auth: ENFORCED — Discord OAuth required for all API access
[2026-08-14T20:59:57.909Z] [WARN] CLIENT_ID / DISCORD_CLIENT_SECRET not set — OAuth login cannot succeed, so nobody will be able to sign in
[2026-08-14T20:59:57.912Z] [INFO] ✨ Dashboard active at http://0.0.0.0:3111
[2026-08-14T20:59:59.808Z] [WARN] SESSION_SECRET is not set — using a random secret for this process only (sessions reset on restart)
[2026-08-14T20:59:59.919Z] [INFO] Dashboard auth: ENFORCED — Discord OAuth required for all API access
[2026-08-14T20:59:59.920Z] [WARN] CLIENT_ID / DISCORD_CLIENT_SECRET not set — OAuth login cannot succeed, so nobody will be able to sign in
[2026-08-14T20:59:59.924Z] [INFO] ✨ Dashboard active at http://0.0.0.0:3122
[2026-08-14T21:00:23.577Z] [WARN] SESSION_SECRET is not set — using a random secret for this process only (sessions reset on restart)
[2026-08-14T21:00:23.724Z] [INFO] Dashboard auth: ENFORCED — Discord OAuth required for all API access
[2026-08-14T21:00:23.724Z] [WARN] CLIENT_ID / DISCORD_CLIENT_SECRET not set — OAuth login cannot succeed, so nobody will be able to sign in
[2026-08-14T21:00:23.727Z] [INFO] ✨ Dashboard active at http://0.0.0.0:3111
[2026-08-14T21:00:25.635Z] [WARN] SESSION_SECRET is not set — using a random secret for this process only (sessions reset on restart)
[2026-08-14T21:00:25.761Z] [INFO] Dashboard auth: ENFORCED — Discord OAuth required for all API access
[2026-08-14T21:00:25.761Z] [WARN] CLIENT_ID / DISCORD_CLIENT_SECRET not set — OAuth login cannot succeed, so nobody will be able to sign in
[2026-08-14T21:00:25.767Z] [INFO] ✨ Dashboard active at http://0.0.0.0:3122
[2026-08-14T21:00:28.299Z] [WARN] SESSION_SECRET is not set — using a random secret for this process only (sessions reset on restart)
[2026-08-14T21:00:28.458Z] [INFO] Dashboard auth: ENFORCED — Discord OAuth required for all API access
[2026-08-14T21:00:28.458Z] [WARN] CLIENT_ID / DISCORD_CLIENT_SECRET not set — OAuth login cannot succeed, so nobody will be able to sign in
[2026-08-14T21:00:28.462Z] [INFO] ✨ Dashboard active at http://0.0.0.0:3111
[2026-08-14T21:00:30.372Z] [WARN] SESSION_SECRET is not set — using a random secret for this process only (sessions reset on restart)
[2026-08-14T21:00:30.493Z] [INFO] Dashboard auth: ENFORCED — Discord OAuth required for all API access
[2026-08-14T21:00:30.494Z] [WARN] CLIENT_ID / DISCORD_CLIENT_SECRET not set — OAuth login cannot succeed, so nobody will be able to sign in
[2026-08-14T21:00:30.498Z] [INFO] ✨ Dashboard active at http://0.0.0.0:3122
[2026-08-14T21:00:33.039Z] [WARN] SESSION_SECRET is not set — using a random secret for this process only (sessions reset on restart)
[2026-08-14T21:00:33.172Z] [INFO] Dashboard auth: ENFORCED — Discord OAuth required for all API access
[2026-08-14T21:00:33.173Z] [WARN] CLIENT_ID / DISCORD_CLIENT_SECRET not set — OAuth login cannot succeed, so nobody will be able to sign in
[2026-08-14T21:00:33.175Z] [INFO] ✨ Dashboard active at http://0.0.0.0:3111
[2026-08-14T21:00:35.094Z] [WARN] SESSION_SECRET is not set — using a random secret for this process only (sessions reset on restart)
[2026-08-14T21:00:35.216Z] [INFO] Dashboard auth: ENFORCED — Discord OAuth required for all API access
[2026-08-14T21:00:35.216Z] [WARN] CLIENT_ID / DISCORD_CLIENT_SECRET not set — OAuth login cannot succeed, so nobody will be able to sign in
[2026-08-14T21:00:35.221Z] [INFO] ✨ Dashboard active at http://0.0.0.0:3122
[2026-08-14T21:00:54.502Z] [WARN] SESSION_SECRET is not set — using a random secret for this process only (sessions reset on restart)
[2026-08-14T21:00:54.644Z] [INFO] Dashboard auth: ENFORCED — Discord OAuth required for all API access
[2026-08-14T21:00:54.645Z] [WARN] CLIENT_ID / DISCORD_CLIENT_SECRET not set — OAuth login cannot succeed, so nobody will be able to sign in
[2026-08-14T21:00:54.647Z] [INFO] ✨ Dashboard active at http://0.0.0.0:3111
[2026-08-14T21:00:56.543Z] [WARN] SESSION_SECRET is not set — using a random secret for this process only (sessions reset on restart)
[2026-08-14T21:00:56.660Z] [INFO] Dashboard auth: ENFORCED — Discord OAuth required for all API access
[2026-08-14T21:00:56.660Z] [WARN] CLIENT_ID / DISCORD_CLIENT_SECRET not set — OAuth login cannot succeed, so nobody will be able to sign in
[2026-08-14T21:00:56.664Z] [INFO] ✨ Dashboard active at http://0.0.0.0:3122
[2026-08-14T21:00:58.576Z] [WARN] SESSION_SECRET is not set — using a random secret for this process only (sessions reset on restart)
[2026-08-14T21:00:58.697Z] [INFO] Dashboard auth: ENFORCED — Discord OAuth required for all API access
[2026-08-14T21:00:58.697Z] [WARN] CLIENT_ID / DISCORD_CLIENT_SECRET not set — OAuth login cannot succeed, so nobody will be able to sign in
[2026-08-14T21:00:58.701Z] [INFO] ✨ Dashboard active at http://0.0.0.0:3188
[2026-08-14T21:01:01.208Z] [WARN] SESSION_SECRET is not set — using a random secret for this process only (sessions reset on restart)
[2026-08-14T21:01:01.354Z] [INFO] Dashboard auth: ENFORCED — Discord OAuth required for all API access
[2026-08-14T21:01:01.354Z] [WARN] CLIENT_ID / DISCORD_CLIENT_SECRET not set — OAuth login cannot succeed, so nobody will be able to sign in
[2026-08-14T21:01:01.357Z] [INFO] ✨ Dashboard active at http://0.0.0.0:3111
[2026-08-14T21:01:03.253Z] [WARN] SESSION_SECRET is not set — using a random secret for this process only (sessions reset on restart)
[2026-08-14T21:01:03.375Z] [INFO] Dashboard auth: ENFORCED — Discord OAuth required for all API access
[2026-08-14T21:01:03.375Z] [WARN] CLIENT_ID / DISCORD_CLIENT_SECRET not set — OAuth login cannot succeed, so nobody will be able to sign in
[2026-08-14T21:01:03.380Z] [INFO] ✨ Dashboard active at http://0.0.0.0:3122
[2026-08-14T21:01:05.327Z] [WARN] SESSION_SECRET is not set — using a random secret for this process only (sessions reset on restart)
[2026-08-14T21:01:05.447Z] [INFO] Dashboard auth: ENFORCED — Discord OAuth required for all API access
[2026-08-14T21:01:05.448Z] [WARN] CLIENT_ID / DISCORD_CLIENT_SECRET not set — OAuth login cannot succeed, so nobody will be able to sign in
[2026-08-14T21:01:05.453Z] [INFO] ✨ Dashboard active at http://0.0.0.0:3188
[2026-08-14T21:01:07.977Z] [WARN] SESSION_SECRET is not set — using a random secret for this process only (sessions reset on restart)
[2026-08-14T21:01:08.122Z] [INFO] Dashboard auth: ENFORCED — Discord OAuth required for all API access
[2026-08-14T21:01:08.123Z] [WARN] CLIENT_ID / DISCORD_CLIENT_SECRET not set — OAuth login cannot succeed, so nobody will be able to sign in
[2026-08-14T21:01:08.125Z] [INFO] ✨ Dashboard active at http://0.0.0.0:3111
[2026-08-14T21:01:10.039Z] [WARN] SESSION_SECRET is not set — using a random secret for this process only (sessions reset on restart)
[2026-08-14T21:01:10.180Z] [INFO] Dashboard auth: ENFORCED — Discord OAuth required for all API access
[2026-08-14T21:01:10.180Z] [WARN] CLIENT_ID / DISCORD_CLIENT_SECRET not set — OAuth login cannot succeed, so nobody will be able to sign in
[2026-08-14T21:01:10.185Z] [INFO] ✨ Dashboard active at http://0.0.0.0:3122
[2026-08-14T21:01:12.089Z] [WARN] SESSION_SECRET is not set — using a random secret for this process only (sessions reset on restart)
[2026-08-14T21:01:12.207Z] [INFO] Dashboard auth: ENFORCED — Discord OAuth required for all API access
[2026-08-14T21:01:12.207Z] [WARN] CLIENT_ID / DISCORD_CLIENT_SECRET not set — OAuth login cannot succeed, so nobody will be able to sign in
[2026-08-14T21:01:12.212Z] [INFO] ✨ Dashboard active at http://0.0.0.0:3188
[2026-08-14T21:01:45.774Z] [WARN] SESSION_SECRET is not set — using a random secret for this process only (sessions reset on restart)
[2026-08-14T21:01:45.915Z] [INFO] Dashboard auth: ENFORCED — Discord OAuth required for all API access
[2026-08-14T21:01:45.915Z] [WARN] CLIENT_ID / DISCORD_CLIENT_SECRET not set — OAuth login cannot succeed, so nobody will be able to sign in
[2026-08-14T21:01:45.918Z] [INFO] ✨ Dashboard active at http://0.0.0.0:3111
[2026-08-14T21:01:47.829Z] [WARN] SESSION_SECRET is not set — using a random secret for this process only (sessions reset on restart)
[2026-08-14T21:01:47.952Z] [INFO] Dashboard auth: ENFORCED — Discord OAuth required for all API access
[2026-08-14T21:01:47.953Z] [WARN] CLIENT_ID / DISCORD_CLIENT_SECRET not set — OAuth login cannot succeed, so nobody will be able to sign in
[2026-08-14T21:01:47.957Z] [INFO] ✨ Dashboard active at http://0.0.0.0:3122
[2026-08-14T21:01:49.871Z] [WARN] SESSION_SECRET is not set — using a random secret for this process only (sessions reset on restart)
[2026-08-14T21:01:50.002Z] [INFO] Dashboard auth: ENFORCED — Discord OAuth required for all API access
[2026-08-14T21:01:50.003Z] [WARN] CLIENT_ID / DISCORD_CLIENT_SECRET not set — OAuth login cannot succeed, so nobody will be able to sign in
[2026-08-14T21:01:50.013Z] [INFO] ✨ Dashboard active at http://0.0.0.0:3188
[2026-08-14T21:01:51.907Z] [WARN] SESSION_SECRET is not set — using a random secret for this process only (sessions reset on restart)
[2026-08-14T21:01:52.052Z] [INFO] Dashboard auth: ENFORCED — Discord OAuth required for all API access
[2026-08-14T21:01:52.055Z] [INFO] ✨ Dashboard active at http://0.0.0.0:3199
[2026-08-14T21:01:53.966Z] [WARN] SESSION_SECRET is not set — using a random secret for this process only (sessions reset on restart)
[2026-08-14T21:01:54.086Z] [INFO] Dashboard auth: ENFORCED — Discord OAuth required for all API access
[2026-08-14T21:01:54.086Z] [WARN] CLIENT_ID / DISCORD_CLIENT_SECRET not set — OAuth login cannot succeed, so nobody will be able to sign in
[2026-08-14T21:01:54.091Z] [INFO] ✨ Dashboard active at http://0.0.0.0:3202
[2026-08-14T21:01:57.387Z] [WARN] SESSION_SECRET is not set — using a random secret for this process only (sessions reset on restart)
[2026-08-14T21:01:57.545Z] [INFO] Dashboard auth: ENFORCED — Discord OAuth required for all API access
[2026-08-14T21:01:57.545Z] [WARN] CLIENT_ID / DISCORD_CLIENT_SECRET not set — OAuth login cannot succeed, so nobody will be able to sign in
[2026-08-14T21:01:57.548Z] [INFO] ✨ Dashboard active at http://0.0.0.0:3244
[2026-08-14T21:01:59.066Z] [ERROR] API error | {"requestId":"f760036e6d4b","status":500,"method":"GET","path":"/__boom","userId":null,"error":"ENOENT: open '/srv/secret.json'","stack":"Error: ENOENT: open '/srv/secret.json' ⏎     at /home/user/Discord-v1/scripts/test-errors.js:129:42 ⏎     at Layer.handleRequest (/home/user/Discord-v1/node_modules/router/lib/layer.js:152:17) ⏎     at next (/home/user/Discord-v1/node_modules/router/lib/route.js:157:13) ⏎     at Route.dispatch (/home/user/Discord-v1/node_modules/router/lib/route.js:117:3) ⏎     at handle (/home/user/Discord-v1/node_modules/router/index.js:435:11) ⏎     at Layer.handleRequest (/home/user/Discord-v1/node_modules/router/lib/layer.js:152:17) ⏎     at /home/user/Discord-v1/node_modules/router/index.js:295:15 ⏎     at processParams (/home/user/Discord-v1/node_modules/router/index.js:582:12) ⏎     at next (/home/user/Discord-v1/node_modules/router/index.js:291:5) ⏎     at /home/user/Discord-v1/dashboard/server.js:116:5"}
[2026-08-14T21:01:59.071Z] [ERROR] API error | {"requestId":"dde3ae12801f","status":500,"method":"GET","path":"/__boom-async","userId":null,"error":"internal detail leak","stack":"Error: internal detail leak ⏎     at /home/user/Discord-v1/scripts/test-errors.js:130:54 ⏎     at Layer.handleRequest (/home/user/Discord-v1/node_modules/router/lib/layer.js:152:17) ⏎     at next (/home/user/Discord-v1/node_modules/router/lib/route.js:157:13) ⏎     at Route.dispatch (/home/user/Discord-v1/node_modules/router/lib/route.js:117:3) ⏎     at handle (/home/user/Discord-v1/node_modules/router/index.js:435:11) ⏎     at Layer.handleRequest (/home/user/Discord-v1/node_modules/router/lib/layer.js:152:17) ⏎     at /home/user/Discord-v1/node_modules/router/index.js:295:15 ⏎     at processParams (/home/user/Discord-v1/node_modules/router/index.js:582:12) ⏎     at next (/home/user/Discord-v1/node_modules/router/index.js:291:5) ⏎     at /home/user/Discord-v1/dashboard/server.js:116:5"}
[2026-08-14T21:01:59.073Z] [WARN] API request rejected | {"requestId":"c8655d728f50","status":418,"method":"GET","path":"/__boom-api","userId":null,"error":"Deliberate teapot"}
[2026-08-14T21:02:00.171Z] [WARN] SESSION_SECRET is not set — using a random secret for this process only (sessions reset on restart)
[2026-08-14T21:02:00.368Z] [INFO] Dashboard auth: ENFORCED — Discord OAuth required for all API access
[2026-08-14T21:02:00.368Z] [WARN] CLIENT_ID / DISCORD_CLIENT_SECRET not set — OAuth login cannot succeed, so nobody will be able to sign in
[2026-08-14T21:02:00.372Z] [INFO] ✨ Dashboard active at http://0.0.0.0:3111
[2026-08-14T21:02:02.286Z] [WARN] SESSION_SECRET is not set — using a random secret for this process only (sessions reset on restart)
[2026-08-14T21:02:02.409Z] [INFO] Dashboard auth: ENFORCED — Discord OAuth required for all API access
[2026-08-14T21:02:02.409Z] [WARN] CLIENT_ID / DISCORD_CLIENT_SECRET not set — OAuth login cannot succeed, so nobody will be able to sign in
[2026-08-14T21:02:02.417Z] [INFO] ✨ Dashboard active at http://0.0.0.0:3122
[2026-08-14T21:02:04.318Z] [WARN] SESSION_SECRET is not set — using a random secret for this process only (sessions reset on restart)
[2026-08-14T21:02:04.440Z] [INFO] Dashboard auth: ENFORCED — Discord OAuth required for all API access
[2026-08-14T21:02:04.440Z] [WARN] CLIENT_ID / DISCORD_CLIENT_SECRET not set — OAuth login cannot succeed, so nobody will be able to sign in
[2026-08-14T21:02:04.445Z] [INFO] ✨ Dashboard active at http://0.0.0.0:3188
[2026-08-14T21:02:06.336Z] [WARN] SESSION_SECRET is not set — using a random secret for this process only (sessions reset on restart)
[2026-08-14T21:02:06.479Z] [INFO] Dashboard auth: ENFORCED — Discord OAuth required for all API access
[2026-08-14T21:02:06.481Z] [INFO] ✨ Dashboard active at http://0.0.0.0:3199
[2026-08-14T21:02:08.369Z] [WARN] SESSION_SECRET is not set — using a random secret for this process only (sessions reset on restart)
[2026-08-14T21:02:08.495Z] [INFO] Dashboard auth: ENFORCED — Discord OAuth required for all API access
[2026-08-14T21:02:08.495Z] [WARN] CLIENT_ID / DISCORD_CLIENT_SECRET not set — OAuth login cannot succeed, so nobody will be able to sign in
[2026-08-14T21:02:08.500Z] [INFO] ✨ Dashboard active at http://0.0.0.0:3202
[2026-08-14T21:02:11.362Z] [WARN] SESSION_SECRET is not set — using a random secret for this process only (sessions reset on restart)
[2026-08-14T21:02:11.510Z] [INFO] Dashboard auth: ENFORCED — Discord OAuth required for all API access
[2026-08-14T21:02:11.510Z] [WARN] CLIENT_ID / DISCORD_CLIENT_SECRET not set — OAuth login cannot succeed, so nobody will be able to sign in
[2026-08-14T21:02:11.512Z] [INFO] ✨ Dashboard active at http://0.0.0.0:3244
[2026-08-14T21:02:13.037Z] [ERROR] API error | {"requestId":"6eb7638db17a","status":500,"method":"GET","path":"/__boom","userId":null,"error":"ENOENT: open '/srv/secret.json'","stack":"Error: ENOENT: open '/srv/secret.json' ⏎     at /home/user/Discord-v1/scripts/test-errors.js:129:42 ⏎     at Layer.handleRequest (/home/user/Discord-v1/node_modules/router/lib/layer.js:152:17) ⏎     at next (/home/user/Discord-v1/node_modules/router/lib/route.js:157:13) ⏎     at Route.dispatch (/home/user/Discord-v1/node_modules/router/lib/route.js:117:3) ⏎     at handle (/home/user/Discord-v1/node_modules/router/index.js:435:11) ⏎     at Layer.handleRequest (/home/user/Discord-v1/node_modules/router/lib/layer.js:152:17) ⏎     at /home/user/Discord-v1/node_modules/router/index.js:295:15 ⏎     at processParams (/home/user/Discord-v1/node_modules/router/index.js:582:12) ⏎     at next (/home/user/Discord-v1/node_modules/router/index.js:291:5) ⏎     at /home/user/Discord-v1/dashboard/server.js:116:5"}
[2026-08-14T21:02:13.043Z] [ERROR] API error | {"requestId":"802026db868e","status":500,"method":"GET","path":"/__boom-async","userId":null,"error":"internal detail leak","stack":"Error: internal detail leak ⏎     at /home/user/Discord-v1/scripts/test-errors.js:130:54 ⏎     at Layer.handleRequest (/home/user/Discord-v1/node_modules/router/lib/layer.js:152:17) ⏎     at next (/home/user/Discord-v1/node_modules/router/lib/route.js:157:13) ⏎     at Route.dispatch (/home/user/Discord-v1/node_modules/router/lib/route.js:117:3) ⏎     at handle (/home/user/Discord-v1/node_modules/router/index.js:435:11) ⏎     at Layer.handleRequest (/home/user/Discord-v1/node_modules/router/lib/layer.js:152:17) ⏎     at /home/user/Discord-v1/node_modules/router/index.js:295:15 ⏎     at processParams (/home/user/Discord-v1/node_modules/router/index.js:582:12) ⏎     at next (/home/user/Discord-v1/node_modules/router/index.js:291:5) ⏎     at /home/user/Discord-v1/dashboard/server.js:116:5"}
[2026-08-14T21:02:13.046Z] [WARN] API request rejected | {"requestId":"b5d7a0b37f44","status":418,"method":"GET","path":"/__boom-api","userId":null,"error":"Deliberate teapot"}
[2026-08-14T21:02:24.673Z] [WARN] SESSION_SECRET is not set — using a random secret for this process only (sessions reset on restart)
[2026-08-14T21:02:24.830Z] [INFO] Dashboard auth: ENFORCED — Discord OAuth required for all API access
[2026-08-14T21:02:24.831Z] [WARN] CLIENT_ID / DISCORD_CLIENT_SECRET not set — OAuth login cannot succeed, so nobody will be able to sign in
[2026-08-14T21:02:24.833Z] [INFO] ✨ Dashboard active at http://0.0.0.0:3277
[2026-08-14T21:03:29.017Z] [WARN] SESSION_SECRET is not set — using a random secret for this process only (sessions reset on restart)
[2026-08-14T21:03:29.158Z] [INFO] Dashboard auth: ENFORCED — Discord OAuth required for all API access
[2026-08-14T21:03:29.159Z] [WARN] CLIENT_ID / DISCORD_CLIENT_SECRET not set — OAuth login cannot succeed, so nobody will be able to sign in
[2026-08-14T21:03:29.162Z] [INFO] ✨ Dashboard active at http://0.0.0.0:3111
[2026-08-14T21:03:31.074Z] [WARN] SESSION_SECRET is not set — using a random secret for this process only (sessions reset on restart)
[2026-08-14T21:03:31.196Z] [INFO] Dashboard auth: ENFORCED — Discord OAuth required for all API access
[2026-08-14T21:03:31.196Z] [WARN] CLIENT_ID / DISCORD_CLIENT_SECRET not set — OAuth login cannot succeed, so nobody will be able to sign in
[2026-08-14T21:03:31.201Z] [INFO] ✨ Dashboard active at http://0.0.0.0:3122
[2026-08-14T21:03:33.139Z] [WARN] SESSION_SECRET is not set — using a random secret for this process only (sessions reset on restart)
[2026-08-14T21:03:33.259Z] [INFO] Dashboard auth: ENFORCED — Discord OAuth required for all API access
[2026-08-14T21:03:33.259Z] [WARN] CLIENT_ID / DISCORD_CLIENT_SECRET not set — OAuth login cannot succeed, so nobody will be able to sign in
[2026-08-14T21:03:33.263Z] [INFO] ✨ Dashboard active at http://0.0.0.0:3188
[2026-08-14T21:03:35.148Z] [WARN] SESSION_SECRET is not set — using a random secret for this process only (sessions reset on restart)
[2026-08-14T21:03:35.303Z] [INFO] Dashboard auth: ENFORCED — Discord OAuth required for all API access
[2026-08-14T21:03:35.306Z] [INFO] ✨ Dashboard active at http://0.0.0.0:3199
[2026-08-14T21:03:37.197Z] [WARN] SESSION_SECRET is not set — using a random secret for this process only (sessions reset on restart)
[2026-08-14T21:03:37.314Z] [INFO] Dashboard auth: ENFORCED — Discord OAuth required for all API access
[2026-08-14T21:03:37.315Z] [WARN] CLIENT_ID / DISCORD_CLIENT_SECRET not set — OAuth login cannot succeed, so nobody will be able to sign in
[2026-08-14T21:03:37.319Z] [INFO] ✨ Dashboard active at http://0.0.0.0:3202
[2026-08-14T21:03:40.157Z] [WARN] SESSION_SECRET is not set — using a random secret for this process only (sessions reset on restart)
[2026-08-14T21:03:40.301Z] [INFO] Dashboard auth: ENFORCED — Discord OAuth required for all API access
[2026-08-14T21:03:40.301Z] [WARN] CLIENT_ID / DISCORD_CLIENT_SECRET not set — OAuth login cannot succeed, so nobody will be able to sign in
[2026-08-14T21:03:40.303Z] [INFO] ✨ Dashboard active at http://0.0.0.0:3244
[2026-08-14T21:03:41.820Z] [ERROR] API error | {"requestId":"b333246455d8","status":500,"method":"GET","path":"/__boom","userId":null,"error":"ENOENT: open '/srv/secret.json'","stack":"Error: ENOENT: open '/srv/secret.json' ⏎     at /home/user/Discord-v1/scripts/test-errors.js:129:42 ⏎     at Layer.handleRequest (/home/user/Discord-v1/node_modules/router/lib/layer.js:152:17) ⏎     at next (/home/user/Discord-v1/node_modules/router/lib/route.js:157:13) ⏎     at Route.dispatch (/home/user/Discord-v1/node_modules/router/lib/route.js:117:3) ⏎     at handle (/home/user/Discord-v1/node_modules/router/index.js:435:11) ⏎     at Layer.handleRequest (/home/user/Discord-v1/node_modules/router/lib/layer.js:152:17) ⏎     at /home/user/Discord-v1/node_modules/router/index.js:295:15 ⏎     at processParams (/home/user/Discord-v1/node_modules/router/index.js:582:12) ⏎     at next (/home/user/Discord-v1/node_modules/router/index.js:291:5) ⏎     at /home/user/Discord-v1/dashboard/server.js:116:5"}
[2026-08-14T21:03:41.825Z] [ERROR] API error | {"requestId":"1beabdce6e78","status":500,"method":"GET","path":"/__boom-async","userId":null,"error":"internal detail leak","stack":"Error: internal detail leak ⏎     at /home/user/Discord-v1/scripts/test-errors.js:130:54 ⏎     at Layer.handleRequest (/home/user/Discord-v1/node_modules/router/lib/layer.js:152:17) ⏎     at next (/home/user/Discord-v1/node_modules/router/lib/route.js:157:13) ⏎     at Route.dispatch (/home/user/Discord-v1/node_modules/router/lib/route.js:117:3) ⏎     at handle (/home/user/Discord-v1/node_modules/router/index.js:435:11) ⏎     at Layer.handleRequest (/home/user/Discord-v1/node_modules/router/lib/layer.js:152:17) ⏎     at /home/user/Discord-v1/node_modules/router/index.js:295:15 ⏎     at processParams (/home/user/Discord-v1/node_modules/router/index.js:582:12) ⏎     at next (/home/user/Discord-v1/node_modules/router/index.js:291:5) ⏎     at /home/user/Discord-v1/dashboard/server.js:116:5"}
[2026-08-14T21:03:41.827Z] [WARN] API request rejected | {"requestId":"27624d447f93","status":418,"method":"GET","path":"/__boom-api","userId":null,"error":"Deliberate teapot"}
[2026-08-14T21:07:52.563Z] [WARN] SESSION_SECRET is not set — using a random secret for this process only (sessions reset on restart)
[2026-08-14T21:07:52.703Z] [INFO] Dashboard auth: ENFORCED — Discord OAuth required for all API access
[2026-08-14T21:07:52.704Z] [WARN] CLIENT_ID / DISCORD_CLIENT_SECRET not set — OAuth login cannot succeed, so nobody will be able to sign in
[2026-08-14T21:07:52.706Z] [INFO] ✨ Dashboard active at http://0.0.0.0:3111
[2026-08-14T21:07:54.632Z] [WARN] SESSION_SECRET is not set — using a random secret for this process only (sessions reset on restart)
[2026-08-14T21:07:54.747Z] [INFO] Dashboard auth: ENFORCED — Discord OAuth required for all API access
[2026-08-14T21:07:54.749Z] [WARN] CLIENT_ID / DISCORD_CLIENT_SECRET not set — OAuth login cannot succeed, so nobody will be able to sign in
[2026-08-14T21:07:54.753Z] [INFO] ✨ Dashboard active at http://0.0.0.0:3122
[2026-08-14T21:07:56.660Z] [WARN] SESSION_SECRET is not set — using a random secret for this process only (sessions reset on restart)
[2026-08-14T21:07:56.785Z] [INFO] Dashboard auth: ENFORCED — Discord OAuth required for all API access
[2026-08-14T21:07:56.786Z] [WARN] CLIENT_ID / DISCORD_CLIENT_SECRET not set — OAuth login cannot succeed, so nobody will be able to sign in
[2026-08-14T21:07:56.791Z] [INFO] ✨ Dashboard active at http://0.0.0.0:3188
[2026-08-14T21:07:58.681Z] [WARN] SESSION_SECRET is not set — using a random secret for this process only (sessions reset on restart)
[2026-08-14T21:07:58.828Z] [INFO] Dashboard auth: ENFORCED — Discord OAuth required for all API access
[2026-08-14T21:07:58.831Z] [INFO] ✨ Dashboard active at http://0.0.0.0:3199
[2026-08-14T21:08:00.723Z] [WARN] SESSION_SECRET is not set — using a random secret for this process only (sessions reset on restart)
[2026-08-14T21:08:00.845Z] [INFO] Dashboard auth: ENFORCED — Discord OAuth required for all API access
[2026-08-14T21:08:00.846Z] [WARN] CLIENT_ID / DISCORD_CLIENT_SECRET not set — OAuth login cannot succeed, so nobody will be able to sign in
[2026-08-14T21:08:00.851Z] [INFO] ✨ Dashboard active at http://0.0.0.0:3202
[2026-08-14T21:08:03.687Z] [WARN] SESSION_SECRET is not set — using a random secret for this process only (sessions reset on restart)
[2026-08-14T21:08:03.829Z] [INFO] Dashboard auth: ENFORCED — Discord OAuth required for all API access
[2026-08-14T21:08:03.829Z] [WARN] CLIENT_ID / DISCORD_CLIENT_SECRET not set — OAuth login cannot succeed, so nobody will be able to sign in
[2026-08-14T21:08:03.831Z] [INFO] ✨ Dashboard active at http://0.0.0.0:3244
[2026-08-14T21:08:05.346Z] [ERROR] API error | {"requestId":"d1c06e924f42","status":500,"method":"GET","path":"/__boom","userId":null,"error":"ENOENT: open '/srv/secret.json'","stack":"Error: ENOENT: open '/srv/secret.json' ⏎     at /home/user/Discord-v1/scripts/test-errors.js:129:42 ⏎     at Layer.handleRequest (/home/user/Discord-v1/node_modules/router/lib/layer.js:152:17) ⏎     at next (/home/user/Discord-v1/node_modules/router/lib/route.js:157:13) ⏎     at Route.dispatch (/home/user/Discord-v1/node_modules/router/lib/route.js:117:3) ⏎     at handle (/home/user/Discord-v1/node_modules/router/index.js:435:11) ⏎     at Layer.handleRequest (/home/user/Discord-v1/node_modules/router/lib/layer.js:152:17) ⏎     at /home/user/Discord-v1/node_modules/router/index.js:295:15 ⏎     at processParams (/home/user/Discord-v1/node_modules/router/index.js:582:12) ⏎     at next (/home/user/Discord-v1/node_modules/router/index.js:291:5) ⏎     at /home/user/Discord-v1/dashboard/server.js:116:5"}
[2026-08-14T21:08:05.351Z] [ERROR] API error | {"requestId":"da0c03499c9f","status":500,"method":"GET","path":"/__boom-async","userId":null,"error":"internal detail leak","stack":"Error: internal detail leak ⏎     at /home/user/Discord-v1/scripts/test-errors.js:130:54 ⏎     at Layer.handleRequest (/home/user/Discord-v1/node_modules/router/lib/layer.js:152:17) ⏎     at next (/home/user/Discord-v1/node_modules/router/lib/route.js:157:13) ⏎     at Route.dispatch (/home/user/Discord-v1/node_modules/router/lib/route.js:117:3) ⏎     at handle (/home/user/Discord-v1/node_modules/router/index.js:435:11) ⏎     at Layer.handleRequest (/home/user/Discord-v1/node_modules/router/lib/layer.js:152:17) ⏎     at /home/user/Discord-v1/node_modules/router/index.js:295:15 ⏎     at processParams (/home/user/Discord-v1/node_modules/router/index.js:582:12) ⏎     at next (/home/user/Discord-v1/node_modules/router/index.js:291:5) ⏎     at /home/user/Discord-v1/dashboard/server.js:116:5"}
[2026-08-14T21:08:05.353Z] [WARN] API request rejected | {"requestId":"5085bcddd01a","status":418,"method":"GET","path":"/__boom-api","userId":null,"error":"Deliberate teapot"}
[2026-08-14T21:09:40.941Z] [WARN] SESSION_SECRET is not set — using a random secret for this process only (sessions reset on restart)
[2026-08-14T21:09:41.087Z] [INFO] Dashboard auth: ENFORCED — Discord OAuth required for all API access
[2026-08-14T21:09:41.087Z] [WARN] CLIENT_ID / DISCORD_CLIENT_SECRET not set — OAuth login cannot succeed, so nobody will be able to sign in
[2026-08-14T21:09:41.090Z] [INFO] ✨ Dashboard active at http://0.0.0.0:3111
[2026-08-14T21:09:43.707Z] [WARN] SESSION_SECRET is not set — using a random secret for this process only (sessions reset on restart)
[2026-08-14T21:09:43.852Z] [INFO] Dashboard auth: ENFORCED — Discord OAuth required for all API access
[2026-08-14T21:09:43.852Z] [WARN] CLIENT_ID / DISCORD_CLIENT_SECRET not set — OAuth login cannot succeed, so nobody will be able to sign in
[2026-08-14T21:09:43.855Z] [INFO] ✨ Dashboard active at http://0.0.0.0:3244
[2026-08-14T21:09:45.373Z] [ERROR] API error | {"requestId":"133ac269770a","status":500,"method":"GET","path":"/__boom","userId":null,"error":"ENOENT: open '/srv/secret.json'","stack":"Error: ENOENT: open '/srv/secret.json' ⏎     at /home/user/Discord-v1/scripts/test-errors.js:129:42 ⏎     at Layer.handleRequest (/home/user/Discord-v1/node_modules/router/lib/layer.js:152:17) ⏎     at next (/home/user/Discord-v1/node_modules/router/lib/route.js:157:13) ⏎     at Route.dispatch (/home/user/Discord-v1/node_modules/router/lib/route.js:117:3) ⏎     at handle (/home/user/Discord-v1/node_modules/router/index.js:435:11) ⏎     at Layer.handleRequest (/home/user/Discord-v1/node_modules/router/lib/layer.js:152:17) ⏎     at /home/user/Discord-v1/node_modules/router/index.js:295:15 ⏎     at processParams (/home/user/Discord-v1/node_modules/router/index.js:582:12) ⏎     at next (/home/user/Discord-v1/node_modules/router/index.js:291:5) ⏎     at /home/user/Discord-v1/dashboard/server.js:116:5"}
[2026-08-14T21:09:45.378Z] [ERROR] API error | {"requestId":"77c782dd1ac6","status":500,"method":"GET","path":"/__boom-async","userId":null,"error":"internal detail leak","stack":"Error: internal detail leak ⏎     at /home/user/Discord-v1/scripts/test-errors.js:130:54 ⏎     at Layer.handleRequest (/home/user/Discord-v1/node_modules/router/lib/layer.js:152:17) ⏎     at next (/home/user/Discord-v1/node_modules/router/lib/route.js:157:13) ⏎     at Route.dispatch (/home/user/Discord-v1/node_modules/router/lib/route.js:117:3) ⏎     at handle (/home/user/Discord-v1/node_modules/router/index.js:435:11) ⏎     at Layer.handleRequest (/home/user/Discord-v1/node_modules/router/lib/layer.js:152:17) ⏎     at /home/user/Discord-v1/node_modules/router/index.js:295:15 ⏎     at processParams (/home/user/Discord-v1/node_modules/router/index.js:582:12) ⏎     at next (/home/user/Discord-v1/node_modules/router/index.js:291:5) ⏎     at /home/user/Discord-v1/dashboard/server.js:116:5"}
[2026-08-14T21:09:45.380Z] [WARN] API request rejected | {"requestId":"deeea0a24dbc","status":418,"method":"GET","path":"/__boom-api","userId":null,"error":"Deliberate teapot"}
[2026-08-14T21:09:45.768Z] [WARN] SESSION_SECRET is not set — using a random secret for this process only (sessions reset on restart)
[2026-08-14T21:09:45.900Z] [INFO] Dashboard auth: ENFORCED — Discord OAuth required for all API access
[2026-08-14T21:09:45.901Z] [WARN] CLIENT_ID / DISCORD_CLIENT_SECRET not set — OAuth login cannot succeed, so nobody will be able to sign in
[2026-08-14T21:09:45.910Z] [INFO] ✨ Dashboard active at http://0.0.0.0:3188
[2026-08-14T21:09:47.877Z] [WARN] SESSION_SECRET is not set — using a random secret for this process only (sessions reset on restart)
[2026-08-14T21:09:48.006Z] [INFO] Dashboard auth: ENFORCED — Discord OAuth required for all API access
[2026-08-14T21:09:48.007Z] [WARN] CLIENT_ID / DISCORD_CLIENT_SECRET not set — OAuth login cannot succeed, so nobody will be able to sign in
[2026-08-14T21:09:48.012Z] [INFO] ✨ Dashboard active at http://0.0.0.0:3122
[2026-08-14T21:09:49.888Z] [WARN] SESSION_SECRET is not set — using a random secret for this process only (sessions reset on restart)
[2026-08-14T21:09:50.021Z] [INFO] Dashboard auth: ENFORCED — Discord OAuth required for all API access
[2026-08-14T21:09:50.024Z] [INFO] ✨ Dashboard active at http://0.0.0.0:3199
[2026-08-14T21:09:51.922Z] [WARN] SESSION_SECRET is not set — using a random secret for this process only (sessions reset on restart)
[2026-08-14T21:09:52.046Z] [INFO] Dashboard auth: ENFORCED — Discord OAuth required for all API access
[2026-08-14T21:09:52.046Z] [WARN] CLIENT_ID / DISCORD_CLIENT_SECRET not set — OAuth login cannot succeed, so nobody will be able to sign in
[2026-08-14T21:09:52.051Z] [INFO] ✨ Dashboard active at http://0.0.0.0:3202
[2026-08-14T21:10:12.386Z] [WARN] SESSION_SECRET is not set — using a random secret for this process only (sessions reset on restart)
[2026-08-14T21:10:12.540Z] [INFO] Dashboard auth: ENFORCED — Discord OAuth required for all API access
[2026-08-14T21:10:12.540Z] [WARN] CLIENT_ID / DISCORD_CLIENT_SECRET not set — OAuth login cannot succeed, so nobody will be able to sign in
[2026-08-14T21:10:12.542Z] [INFO] ✨ Dashboard active at http://0.0.0.0:3111
[2026-08-14T21:10:14.438Z] [WARN] SESSION_SECRET is not set — using a random secret for this process only (sessions reset on restart)
[2026-08-14T21:10:14.558Z] [INFO] Dashboard auth: ENFORCED — Discord OAuth required for all API access
[2026-08-14T21:10:14.558Z] [WARN] CLIENT_ID / DISCORD_CLIENT_SECRET not set — OAuth login cannot succeed, so nobody will be able to sign in
[2026-08-14T21:10:14.562Z] [INFO] ✨ Dashboard active at http://0.0.0.0:3122
[2026-08-14T21:10:16.477Z] [WARN] SESSION_SECRET is not set — using a random secret for this process only (sessions reset on restart)
[2026-08-14T21:10:16.610Z] [INFO] Dashboard auth: ENFORCED — Discord OAuth required for all API access
[2026-08-14T21:10:16.610Z] [WARN] CLIENT_ID / DISCORD_CLIENT_SECRET not set — OAuth login cannot succeed, so nobody will be able to sign in
[2026-08-14T21:10:16.615Z] [INFO] ✨ Dashboard active at http://0.0.0.0:3188
[2026-08-14T21:10:18.521Z] [WARN] SESSION_SECRET is not set — using a random secret for this process only (sessions reset on restart)
[2026-08-14T21:10:18.667Z] [INFO] Dashboard auth: ENFORCED — Discord OAuth required for all API access
[2026-08-14T21:10:18.670Z] [INFO] ✨ Dashboard active at http://0.0.0.0:3199
[2026-08-14T21:10:20.576Z] [WARN] SESSION_SECRET is not set — using a random secret for this process only (sessions reset on restart)
[2026-08-14T21:10:20.710Z] [INFO] Dashboard auth: ENFORCED — Discord OAuth required for all API access
[2026-08-14T21:10:20.711Z] [WARN] CLIENT_ID / DISCORD_CLIENT_SECRET not set — OAuth login cannot succeed, so nobody will be able to sign in
[2026-08-14T21:10:20.715Z] [INFO] ✨ Dashboard active at http://0.0.0.0:3202
[2026-08-14T21:10:23.560Z] [WARN] SESSION_SECRET is not set — using a random secret for this process only (sessions reset on restart)
[2026-08-14T21:10:23.716Z] [INFO] Dashboard auth: ENFORCED — Discord OAuth required for all API access
[2026-08-14T21:10:23.716Z] [WARN] CLIENT_ID / DISCORD_CLIENT_SECRET not set — OAuth login cannot succeed, so nobody will be able to sign in
[2026-08-14T21:10:23.719Z] [INFO] ✨ Dashboard active at http://0.0.0.0:3244
[2026-08-14T21:10:25.237Z] [ERROR] API error | {"requestId":"29c405fbf61a","status":500,"method":"GET","path":"/__boom","userId":null,"error":"ENOENT: open '/srv/secret.json'","stack":"Error: ENOENT: open '/srv/secret.json' ⏎     at /home/user/Discord-v1/scripts/test-errors.js:129:42 ⏎     at Layer.handleRequest (/home/user/Discord-v1/node_modules/router/lib/layer.js:152:17) ⏎     at next (/home/user/Discord-v1/node_modules/router/lib/route.js:157:13) ⏎     at Route.dispatch (/home/user/Discord-v1/node_modules/router/lib/route.js:117:3) ⏎     at handle (/home/user/Discord-v1/node_modules/router/index.js:435:11) ⏎     at Layer.handleRequest (/home/user/Discord-v1/node_modules/router/lib/layer.js:152:17) ⏎     at /home/user/Discord-v1/node_modules/router/index.js:295:15 ⏎     at processParams (/home/user/Discord-v1/node_modules/router/index.js:582:12) ⏎     at next (/home/user/Discord-v1/node_modules/router/index.js:291:5) ⏎     at /home/user/Discord-v1/dashboard/server.js:116:5"}
[2026-08-14T21:10:25.243Z] [ERROR] API error | {"requestId":"a76b8e491e9e","status":500,"method":"GET","path":"/__boom-async","userId":null,"error":"internal detail leak","stack":"Error: internal detail leak ⏎     at /home/user/Discord-v1/scripts/test-errors.js:130:54 ⏎     at Layer.handleRequest (/home/user/Discord-v1/node_modules/router/lib/layer.js:152:17) ⏎     at next (/home/user/Discord-v1/node_modules/router/lib/route.js:157:13) ⏎     at Route.dispatch (/home/user/Discord-v1/node_modules/router/lib/route.js:117:3) ⏎     at handle (/home/user/Discord-v1/node_modules/router/index.js:435:11) ⏎     at Layer.handleRequest (/home/user/Discord-v1/node_modules/router/lib/layer.js:152:17) ⏎     at /home/user/Discord-v1/node_modules/router/index.js:295:15 ⏎     at processParams (/home/user/Discord-v1/node_modules/router/index.js:582:12) ⏎     at next (/home/user/Discord-v1/node_modules/router/index.js:291:5) ⏎     at /home/user/Discord-v1/dashboard/server.js:116:5"}
[2026-08-14T21:10:25.245Z] [WARN] API request rejected | {"requestId":"1f2bd6e4ec38","status":418,"method":"GET","path":"/__boom-api","userId":null,"error":"Deliberate teapot"}
[2026-08-14T21:10:25.715Z] [WARN] SESSION_SECRET is not set — using a random secret for this process only (sessions reset on restart)
[2026-08-14T21:10:25.860Z] [INFO] Dashboard auth: ENFORCED — Discord OAuth required for all API access
[2026-08-14T21:10:25.860Z] [WARN] CLIENT_ID / DISCORD_CLIENT_SECRET not set — OAuth login cannot succeed, so nobody will be able to sign in
[2026-08-14T21:10:25.863Z] [INFO] ✨ Dashboard active at http://0.0.0.0:3111
[2026-08-14T21:10:27.764Z] [WARN] SESSION_SECRET is not set — using a random secret for this process only (sessions reset on restart)
[2026-08-14T21:10:27.883Z] [INFO] Dashboard auth: ENFORCED — Discord OAuth required for all API access
[2026-08-14T21:10:27.883Z] [WARN] CLIENT_ID / DISCORD_CLIENT_SECRET not set — OAuth login cannot succeed, so nobody will be able to sign in
[2026-08-14T21:10:27.888Z] [INFO] ✨ Dashboard active at http://0.0.0.0:3122
[2026-08-14T21:10:29.809Z] [WARN] SESSION_SECRET is not set — using a random secret for this process only (sessions reset on restart)
[2026-08-14T21:10:29.930Z] [INFO] Dashboard auth: ENFORCED — Discord OAuth required for all API access
[2026-08-14T21:10:29.930Z] [WARN] CLIENT_ID / DISCORD_CLIENT_SECRET not set — OAuth login cannot succeed, so nobody will be able to sign in
[2026-08-14T21:10:29.935Z] [INFO] ✨ Dashboard active at http://0.0.0.0:3188
[2026-08-14T21:10:31.824Z] [WARN] SESSION_SECRET is not set — using a random secret for this process only (sessions reset on restart)
[2026-08-14T21:10:31.967Z] [INFO] Dashboard auth: ENFORCED — Discord OAuth required for all API access
[2026-08-14T21:10:31.970Z] [INFO] ✨ Dashboard active at http://0.0.0.0:3199
[2026-08-14T21:10:33.862Z] [WARN] SESSION_SECRET is not set — using a random secret for this process only (sessions reset on restart)
[2026-08-14T21:10:33.982Z] [INFO] Dashboard auth: ENFORCED — Discord OAuth required for all API access
[2026-08-14T21:10:33.982Z] [WARN] CLIENT_ID / DISCORD_CLIENT_SECRET not set — OAuth login cannot succeed, so nobody will be able to sign in
[2026-08-14T21:10:33.987Z] [INFO] ✨ Dashboard active at http://0.0.0.0:3202
[2026-08-14T21:10:36.867Z] [WARN] SESSION_SECRET is not set — using a random secret for this process only (sessions reset on restart)
[2026-08-14T21:10:37.018Z] [INFO] Dashboard auth: ENFORCED — Discord OAuth required for all API access
[2026-08-14T21:10:37.018Z] [WARN] CLIENT_ID / DISCORD_CLIENT_SECRET not set — OAuth login cannot succeed, so nobody will be able to sign in
[2026-08-14T21:10:37.020Z] [INFO] ✨ Dashboard active at http://0.0.0.0:3244
[2026-08-14T21:10:38.537Z] [ERROR] API error | {"requestId":"72ac661a5445","status":500,"method":"GET","path":"/__boom","userId":null,"error":"ENOENT: open '/srv/secret.json'","stack":"Error: ENOENT: open '/srv/secret.json' ⏎     at /home/user/Discord-v1/scripts/test-errors.js:129:42 ⏎     at Layer.handleRequest (/home/user/Discord-v1/node_modules/router/lib/layer.js:152:17) ⏎     at next (/home/user/Discord-v1/node_modules/router/lib/route.js:157:13) ⏎     at Route.dispatch (/home/user/Discord-v1/node_modules/router/lib/route.js:117:3) ⏎     at handle (/home/user/Discord-v1/node_modules/router/index.js:435:11) ⏎     at Layer.handleRequest (/home/user/Discord-v1/node_modules/router/lib/layer.js:152:17) ⏎     at /home/user/Discord-v1/node_modules/router/index.js:295:15 ⏎     at processParams (/home/user/Discord-v1/node_modules/router/index.js:582:12) ⏎     at next (/home/user/Discord-v1/node_modules/router/index.js:291:5) ⏎     at /home/user/Discord-v1/dashboard/server.js:116:5"}
[2026-08-14T21:10:38.542Z] [ERROR] API error | {"requestId":"009ea782a6d3","status":500,"method":"GET","path":"/__boom-async","userId":null,"error":"internal detail leak","stack":"Error: internal detail leak ⏎     at /home/user/Discord-v1/scripts/test-errors.js:130:54 ⏎     at Layer.handleRequest (/home/user/Discord-v1/node_modules/router/lib/layer.js:152:17) ⏎     at next (/home/user/Discord-v1/node_modules/router/lib/route.js:157:13) ⏎     at Route.dispatch (/home/user/Discord-v1/node_modules/router/lib/route.js:117:3) ⏎     at handle (/home/user/Discord-v1/node_modules/router/index.js:435:11) ⏎     at Layer.handleRequest (/home/user/Discord-v1/node_modules/router/lib/layer.js:152:17) ⏎     at /home/user/Discord-v1/node_modules/router/index.js:295:15 ⏎     at processParams (/home/user/Discord-v1/node_modules/router/index.js:582:12) ⏎     at next (/home/user/Discord-v1/node_modules/router/index.js:291:5) ⏎     at /home/user/Discord-v1/dashboard/server.js:116:5"}
[2026-08-14T21:10:38.544Z] [WARN] API request rejected | {"requestId":"0ac5f0e03bff","status":418,"method":"GET","path":"/__boom-api","userId":null,"error":"Deliberate teapot"}
[2026-08-14T21:17:30.903Z] [WARN] SESSION_SECRET is not set — using a random secret for this process only (sessions reset on restart)
[2026-08-14T21:17:31.050Z] [INFO] Dashboard auth: ENFORCED — Discord OAuth required for all API access
[2026-08-14T21:17:31.050Z] [WARN] CLIENT_ID / DISCORD_CLIENT_SECRET not set — OAuth login cannot succeed, so nobody will be able to sign in
[2026-08-14T21:17:31.059Z] [INFO] ✨ Dashboard active at http://0.0.0.0:3111
[2026-08-14T21:17:32.964Z] [WARN] SESSION_SECRET is not set — using a random secret for this process only (sessions reset on restart)
[2026-08-14T21:17:33.089Z] [INFO] Dashboard auth: ENFORCED — Discord OAuth required for all API access
[2026-08-14T21:17:33.089Z] [WARN] CLIENT_ID / DISCORD_CLIENT_SECRET not set — OAuth login cannot succeed, so nobody will be able to sign in
[2026-08-14T21:17:33.093Z] [INFO] ✨ Dashboard active at http://0.0.0.0:3122
[2026-08-14T21:17:35.019Z] [WARN] SESSION_SECRET is not set — using a random secret for this process only (sessions reset on restart)
[2026-08-14T21:17:35.145Z] [INFO] Dashboard auth: ENFORCED — Discord OAuth required for all API access
[2026-08-14T21:17:35.145Z] [WARN] CLIENT_ID / DISCORD_CLIENT_SECRET not set — OAuth login cannot succeed, so nobody will be able to sign in
[2026-08-14T21:17:35.150Z] [INFO] ✨ Dashboard active at http://0.0.0.0:3188
[2026-08-14T21:17:37.029Z] [WARN] SESSION_SECRET is not set — using a random secret for this process only (sessions reset on restart)
[2026-08-14T21:17:37.168Z] [INFO] Dashboard auth: ENFORCED — Discord OAuth required for all API access
[2026-08-14T21:17:37.176Z] [INFO] ✨ Dashboard active at http://0.0.0.0:3199
[2026-08-14T21:17:39.062Z] [WARN] SESSION_SECRET is not set — using a random secret for this process only (sessions reset on restart)
[2026-08-14T21:17:39.173Z] [INFO] Dashboard auth: ENFORCED — Discord OAuth required for all API access
[2026-08-14T21:17:39.173Z] [WARN] CLIENT_ID / DISCORD_CLIENT_SECRET not set — OAuth login cannot succeed, so nobody will be able to sign in
[2026-08-14T21:17:39.177Z] [INFO] ✨ Dashboard active at http://0.0.0.0:3202
[2026-08-14T21:17:42.070Z] [WARN] SESSION_SECRET is not set — using a random secret for this process only (sessions reset on restart)
[2026-08-14T21:17:42.203Z] [INFO] Dashboard auth: ENFORCED — Discord OAuth required for all API access
[2026-08-14T21:17:42.203Z] [WARN] CLIENT_ID / DISCORD_CLIENT_SECRET not set — OAuth login cannot succeed, so nobody will be able to sign in
[2026-08-14T21:17:42.205Z] [INFO] ✨ Dashboard active at http://0.0.0.0:3244
[2026-08-14T21:17:43.723Z] [ERROR] API error | {"requestId":"5b9de4225a25","status":500,"method":"GET","path":"/__boom","userId":null,"error":"ENOENT: open '/srv/secret.json'","stack":"Error: ENOENT: open '/srv/secret.json' ⏎     at /home/user/Discord-v1/scripts/test-errors.js:129:42 ⏎     at Layer.handleRequest (/home/user/Discord-v1/node_modules/router/lib/layer.js:152:17) ⏎     at next (/home/user/Discord-v1/node_modules/router/lib/route.js:157:13) ⏎     at Route.dispatch (/home/user/Discord-v1/node_modules/router/lib/route.js:117:3) ⏎     at handle (/home/user/Discord-v1/node_modules/router/index.js:435:11) ⏎     at Layer.handleRequest (/home/user/Discord-v1/node_modules/router/lib/layer.js:152:17) ⏎     at /home/user/Discord-v1/node_modules/router/index.js:295:15 ⏎     at processParams (/home/user/Discord-v1/node_modules/router/index.js:582:12) ⏎     at next (/home/user/Discord-v1/node_modules/router/index.js:291:5) ⏎     at /home/user/Discord-v1/dashboard/server.js:116:5"}
[2026-08-14T21:17:43.728Z] [ERROR] API error | {"requestId":"4c47b1c0b28e","status":500,"method":"GET","path":"/__boom-async","userId":null,"error":"internal detail leak","stack":"Error: internal detail leak ⏎     at /home/user/Discord-v1/scripts/test-errors.js:130:54 ⏎     at Layer.handleRequest (/home/user/Discord-v1/node_modules/router/lib/layer.js:152:17) ⏎     at next (/home/user/Discord-v1/node_modules/router/lib/route.js:157:13) ⏎     at Route.dispatch (/home/user/Discord-v1/node_modules/router/lib/route.js:117:3) ⏎     at handle (/home/user/Discord-v1/node_modules/router/index.js:435:11) ⏎     at Layer.handleRequest (/home/user/Discord-v1/node_modules/router/lib/layer.js:152:17) ⏎     at /home/user/Discord-v1/node_modules/router/index.js:295:15 ⏎     at processParams (/home/user/Discord-v1/node_modules/router/index.js:582:12) ⏎     at next (/home/user/Discord-v1/node_modules/router/index.js:291:5) ⏎     at /home/user/Discord-v1/dashboard/server.js:116:5"}
[2026-08-14T21:17:43.730Z] [WARN] API request rejected | {"requestId":"323f861849db","status":418,"method":"GET","path":"/__boom-api","userId":null,"error":"Deliberate teapot"}
[2026-08-14T21:19:17.833Z] [WARN] SESSION_SECRET is not set — using a random secret for this process only (sessions reset on restart)
[2026-08-14T21:19:17.990Z] [INFO] Dashboard auth: ENFORCED — Discord OAuth required for all API access
[2026-08-14T21:19:17.990Z] [WARN] CLIENT_ID / DISCORD_CLIENT_SECRET not set — OAuth login cannot succeed, so nobody will be able to sign in
[2026-08-14T21:19:17.992Z] [INFO] ✨ Dashboard active at http://0.0.0.0:3111
[2026-08-14T21:19:19.903Z] [WARN] SESSION_SECRET is not set — using a random secret for this process only (sessions reset on restart)
[2026-08-14T21:19:20.032Z] [INFO] Dashboard auth: ENFORCED — Discord OAuth required for all API access
[2026-08-14T21:19:20.032Z] [WARN] CLIENT_ID / DISCORD_CLIENT_SECRET not set — OAuth login cannot succeed, so nobody will be able to sign in
[2026-08-14T21:19:20.037Z] [INFO] ✨ Dashboard active at http://0.0.0.0:3122
[2026-08-14T21:19:21.945Z] [WARN] SESSION_SECRET is not set — using a random secret for this process only (sessions reset on restart)
[2026-08-14T21:19:22.072Z] [INFO] Dashboard auth: ENFORCED — Discord OAuth required for all API access
[2026-08-14T21:19:22.073Z] [WARN] CLIENT_ID / DISCORD_CLIENT_SECRET not set — OAuth login cannot succeed, so nobody will be able to sign in
[2026-08-14T21:19:22.077Z] [INFO] ✨ Dashboard active at http://0.0.0.0:3188
[2026-08-14T21:19:23.964Z] [WARN] SESSION_SECRET is not set — using a random secret for this process only (sessions reset on restart)
[2026-08-14T21:19:24.107Z] [INFO] Dashboard auth: ENFORCED — Discord OAuth required for all API access
[2026-08-14T21:19:24.109Z] [INFO] ✨ Dashboard active at http://0.0.0.0:3199
[2026-08-14T21:19:26.045Z] [WARN] SESSION_SECRET is not set — using a random secret for this process only (sessions reset on restart)
[2026-08-14T21:19:26.217Z] [INFO] Dashboard auth: ENFORCED — Discord OAuth required for all API access
[2026-08-14T21:19:26.217Z] [WARN] CLIENT_ID / DISCORD_CLIENT_SECRET not set — OAuth login cannot succeed, so nobody will be able to sign in
[2026-08-14T21:19:26.224Z] [INFO] ✨ Dashboard active at http://0.0.0.0:3202
[2026-08-14T21:19:29.132Z] [WARN] SESSION_SECRET is not set — using a random secret for this process only (sessions reset on restart)
[2026-08-14T21:19:29.277Z] [INFO] Dashboard auth: ENFORCED — Discord OAuth required for all API access
[2026-08-14T21:19:29.277Z] [WARN] CLIENT_ID / DISCORD_CLIENT_SECRET not set — OAuth login cannot succeed, so nobody will be able to sign in
[2026-08-14T21:19:29.280Z] [INFO] ✨ Dashboard active at http://0.0.0.0:3244
[2026-08-14T21:19:30.797Z] [ERROR] API error | {"requestId":"3c46d49e446b","status":500,"method":"GET","path":"/__boom","userId":null,"error":"ENOENT: open '/srv/secret.json'","stack":"Error: ENOENT: open '/srv/secret.json' ⏎     at /home/user/Discord-v1/scripts/test-errors.js:129:42 ⏎     at Layer.handleRequest (/home/user/Discord-v1/node_modules/router/lib/layer.js:152:17) ⏎     at next (/home/user/Discord-v1/node_modules/router/lib/route.js:157:13) ⏎     at Route.dispatch (/home/user/Discord-v1/node_modules/router/lib/route.js:117:3) ⏎     at handle (/home/user/Discord-v1/node_modules/router/index.js:435:11) ⏎     at Layer.handleRequest (/home/user/Discord-v1/node_modules/router/lib/layer.js:152:17) ⏎     at /home/user/Discord-v1/node_modules/router/index.js:295:15 ⏎     at processParams (/home/user/Discord-v1/node_modules/router/index.js:582:12) ⏎     at next (/home/user/Discord-v1/node_modules/router/index.js:291:5) ⏎     at /home/user/Discord-v1/dashboard/server.js:116:5"}
[2026-08-14T21:19:30.802Z] [ERROR] API error | {"requestId":"45eb8bd55134","status":500,"method":"GET","path":"/__boom-async","userId":null,"error":"internal detail leak","stack":"Error: internal detail leak ⏎     at /home/user/Discord-v1/scripts/test-errors.js:130:54 ⏎     at Layer.handleRequest (/home/user/Discord-v1/node_modules/router/lib/layer.js:152:17) ⏎     at next (/home/user/Discord-v1/node_modules/router/lib/route.js:157:13) ⏎     at Route.dispatch (/home/user/Discord-v1/node_modules/router/lib/route.js:117:3) ⏎     at handle (/home/user/Discord-v1/node_modules/router/index.js:435:11) ⏎     at Layer.handleRequest (/home/user/Discord-v1/node_modules/router/lib/layer.js:152:17) ⏎     at /home/user/Discord-v1/node_modules/router/index.js:295:15 ⏎     at processParams (/home/user/Discord-v1/node_modules/router/index.js:582:12) ⏎     at next (/home/user/Discord-v1/node_modules/router/index.js:291:5) ⏎     at /home/user/Discord-v1/dashboard/server.js:116:5"}
[2026-08-14T21:19:30.805Z] [WARN] API request rejected | {"requestId":"60cd050375e2","status":418,"method":"GET","path":"/__boom-api","userId":null,"error":"Deliberate teapot"}
[2026-08-14T21:21:24.836Z] [WARN] SESSION_SECRET is not set — using a random secret for this process only (sessions reset on restart)
[2026-08-14T21:21:24.969Z] [INFO] Dashboard auth: ENFORCED — Discord OAuth required for all API access
[2026-08-14T21:21:24.970Z] [WARN] CLIENT_ID / DISCORD_CLIENT_SECRET not set — OAuth login cannot succeed, so nobody will be able to sign in
[2026-08-14T21:21:24.972Z] [INFO] ✨ Dashboard active at http://0.0.0.0:3111
[2026-08-14T21:21:26.875Z] [WARN] SESSION_SECRET is not set — using a random secret for this process only (sessions reset on restart)
[2026-08-14T21:21:26.998Z] [INFO] Dashboard auth: ENFORCED — Discord OAuth required for all API access
[2026-08-14T21:21:26.998Z] [WARN] CLIENT_ID / DISCORD_CLIENT_SECRET not set — OAuth login cannot succeed, so nobody will be able to sign in
[2026-08-14T21:21:27.003Z] [INFO] ✨ Dashboard active at http://0.0.0.0:3122
[2026-08-14T21:21:28.904Z] [WARN] SESSION_SECRET is not set — using a random secret for this process only (sessions reset on restart)
[2026-08-14T21:21:29.024Z] [INFO] Dashboard auth: ENFORCED — Discord OAuth required for all API access
[2026-08-14T21:21:29.024Z] [WARN] CLIENT_ID / DISCORD_CLIENT_SECRET not set — OAuth login cannot succeed, so nobody will be able to sign in
[2026-08-14T21:21:29.029Z] [INFO] ✨ Dashboard active at http://0.0.0.0:3188
[2026-08-14T21:21:30.903Z] [WARN] SESSION_SECRET is not set — using a random secret for this process only (sessions reset on restart)
[2026-08-14T21:21:31.040Z] [INFO] Dashboard auth: ENFORCED — Discord OAuth required for all API access
[2026-08-14T21:21:31.048Z] [INFO] ✨ Dashboard active at http://0.0.0.0:3199
[2026-08-14T21:21:32.926Z] [WARN] SESSION_SECRET is not set — using a random secret for this process only (sessions reset on restart)
[2026-08-14T21:21:33.037Z] [INFO] Dashboard auth: ENFORCED — Discord OAuth required for all API access
[2026-08-14T21:21:33.037Z] [WARN] CLIENT_ID / DISCORD_CLIENT_SECRET not set — OAuth login cannot succeed, so nobody will be able to sign in
[2026-08-14T21:21:33.042Z] [INFO] ✨ Dashboard active at http://0.0.0.0:3202
[2026-08-14T21:21:35.912Z] [WARN] SESSION_SECRET is not set — using a random secret for this process only (sessions reset on restart)
[2026-08-14T21:21:36.048Z] [INFO] Dashboard auth: ENFORCED — Discord OAuth required for all API access
[2026-08-14T21:21:36.049Z] [WARN] CLIENT_ID / DISCORD_CLIENT_SECRET not set — OAuth login cannot succeed, so nobody will be able to sign in
[2026-08-14T21:21:36.052Z] [INFO] ✨ Dashboard active at http://0.0.0.0:3244
[2026-08-14T21:21:37.569Z] [ERROR] API error | {"requestId":"34f2e0e1976b","status":500,"method":"GET","path":"/__boom","userId":null,"error":"ENOENT: open '/srv/secret.json'","stack":"Error: ENOENT: open '/srv/secret.json' ⏎     at /home/user/Discord-v1/scripts/test-errors.js:129:42 ⏎     at Layer.handleRequest (/home/user/Discord-v1/node_modules/router/lib/layer.js:152:17) ⏎     at next (/home/user/Discord-v1/node_modules/router/lib/route.js:157:13) ⏎     at Route.dispatch (/home/user/Discord-v1/node_modules/router/lib/route.js:117:3) ⏎     at handle (/home/user/Discord-v1/node_modules/router/index.js:435:11) ⏎     at Layer.handleRequest (/home/user/Discord-v1/node_modules/router/lib/layer.js:152:17) ⏎     at /home/user/Discord-v1/node_modules/router/index.js:295:15 ⏎     at processParams (/home/user/Discord-v1/node_modules/router/index.js:582:12) ⏎     at next (/home/user/Discord-v1/node_modules/router/index.js:291:5) ⏎     at /home/user/Discord-v1/dashboard/server.js:116:5"}
[2026-08-14T21:21:37.573Z] [ERROR] API error | {"requestId":"f27be9e4dfb0","status":500,"method":"GET","path":"/__boom-async","userId":null,"error":"internal detail leak","stack":"Error: internal detail leak ⏎     at /home/user/Discord-v1/scripts/test-errors.js:130:54 ⏎     at Layer.handleRequest (/home/user/Discord-v1/node_modules/router/lib/layer.js:152:17) ⏎     at next (/home/user/Discord-v1/node_modules/router/lib/route.js:157:13) ⏎     at Route.dispatch (/home/user/Discord-v1/node_modules/router/lib/route.js:117:3) ⏎     at handle (/home/user/Discord-v1/node_modules/router/index.js:435:11) ⏎     at Layer.handleRequest (/home/user/Discord-v1/node_modules/router/lib/layer.js:152:17) ⏎     at /home/user/Discord-v1/node_modules/router/index.js:295:15 ⏎     at processParams (/home/user/Discord-v1/node_modules/router/index.js:582:12) ⏎     at next (/home/user/Discord-v1/node_modules/router/index.js:291:5) ⏎     at /home/user/Discord-v1/dashboard/server.js:116:5"}
[2026-08-14T21:21:37.576Z] [WARN] API request rejected | {"requestId":"52b83ff81b52","status":418,"method":"GET","path":"/__boom-api","userId":null,"error":"Deliberate teapot"}
[2026-08-14T21:22:39.024Z] [WARN] SESSION_SECRET is not set — using a random secret for this process only (sessions reset on restart)
[2026-08-14T21:22:39.155Z] [INFO] Dashboard auth: ENFORCED — Discord OAuth required for all API access
[2026-08-14T21:22:39.155Z] [WARN] CLIENT_ID / DISCORD_CLIENT_SECRET not set — OAuth login cannot succeed, so nobody will be able to sign in
[2026-08-14T21:22:39.157Z] [INFO] ✨ Dashboard active at http://0.0.0.0:3111
[2026-08-14T21:22:41.086Z] [WARN] SESSION_SECRET is not set — using a random secret for this process only (sessions reset on restart)
[2026-08-14T21:22:41.219Z] [INFO] Dashboard auth: ENFORCED — Discord OAuth required for all API access
[2026-08-14T21:22:41.219Z] [WARN] CLIENT_ID / DISCORD_CLIENT_SECRET not set — OAuth login cannot succeed, so nobody will be able to sign in
[2026-08-14T21:22:41.224Z] [INFO] ✨ Dashboard active at http://0.0.0.0:3122
[2026-08-14T21:22:43.129Z] [WARN] SESSION_SECRET is not set — using a random secret for this process only (sessions reset on restart)
[2026-08-14T21:22:43.248Z] [INFO] Dashboard auth: ENFORCED — Discord OAuth required for all API access
[2026-08-14T21:22:43.249Z] [WARN] CLIENT_ID / DISCORD_CLIENT_SECRET not set — OAuth login cannot succeed, so nobody will be able to sign in
[2026-08-14T21:22:43.253Z] [INFO] ✨ Dashboard active at http://0.0.0.0:3188
[2026-08-14T21:22:45.121Z] [WARN] SESSION_SECRET is not set — using a random secret for this process only (sessions reset on restart)
[2026-08-14T21:22:45.264Z] [INFO] Dashboard auth: ENFORCED — Discord OAuth required for all API access
[2026-08-14T21:22:45.267Z] [INFO] ✨ Dashboard active at http://0.0.0.0:3199
[2026-08-14T21:22:47.147Z] [WARN] SESSION_SECRET is not set — using a random secret for this process only (sessions reset on restart)
[2026-08-14T21:22:47.254Z] [INFO] Dashboard auth: ENFORCED — Discord OAuth required for all API access
[2026-08-14T21:22:47.254Z] [WARN] CLIENT_ID / DISCORD_CLIENT_SECRET not set — OAuth login cannot succeed, so nobody will be able to sign in
[2026-08-14T21:22:47.259Z] [INFO] ✨ Dashboard active at http://0.0.0.0:3202
[2026-08-14T21:22:50.101Z] [WARN] SESSION_SECRET is not set — using a random secret for this process only (sessions reset on restart)
[2026-08-14T21:22:50.234Z] [INFO] Dashboard auth: ENFORCED — Discord OAuth required for all API access
[2026-08-14T21:22:50.235Z] [WARN] CLIENT_ID / DISCORD_CLIENT_SECRET not set — OAuth login cannot succeed, so nobody will be able to sign in
[2026-08-14T21:22:50.237Z] [INFO] ✨ Dashboard active at http://0.0.0.0:3244
[2026-08-14T21:22:51.754Z] [ERROR] API error | {"requestId":"a13a2d80ffa5","status":500,"method":"GET","path":"/__boom","userId":null,"error":"ENOENT: open '/srv/secret.json'","stack":"Error: ENOENT: open '/srv/secret.json' ⏎     at /home/user/Discord-v1/scripts/test-errors.js:129:42 ⏎     at Layer.handleRequest (/home/user/Discord-v1/node_modules/router/lib/layer.js:152:17) ⏎     at next (/home/user/Discord-v1/node_modules/router/lib/route.js:157:13) ⏎     at Route.dispatch (/home/user/Discord-v1/node_modules/router/lib/route.js:117:3) ⏎     at handle (/home/user/Discord-v1/node_modules/router/index.js:435:11) ⏎     at Layer.handleRequest (/home/user/Discord-v1/node_modules/router/lib/layer.js:152:17) ⏎     at /home/user/Discord-v1/node_modules/router/index.js:295:15 ⏎     at processParams (/home/user/Discord-v1/node_modules/router/index.js:582:12) ⏎     at next (/home/user/Discord-v1/node_modules/router/index.js:291:5) ⏎     at /home/user/Discord-v1/dashboard/server.js:116:5"}
[2026-08-14T21:22:51.759Z] [ERROR] API error | {"requestId":"d62ce54f9a68","status":500,"method":"GET","path":"/__boom-async","userId":null,"error":"internal detail leak","stack":"Error: internal detail leak ⏎     at /home/user/Discord-v1/scripts/test-errors.js:130:54 ⏎     at Layer.handleRequest (/home/user/Discord-v1/node_modules/router/lib/layer.js:152:17) ⏎     at next (/home/user/Discord-v1/node_modules/router/lib/route.js:157:13) ⏎     at Route.dispatch (/home/user/Discord-v1/node_modules/router/lib/route.js:117:3) ⏎     at handle (/home/user/Discord-v1/node_modules/router/index.js:435:11) ⏎     at Layer.handleRequest (/home/user/Discord-v1/node_modules/router/lib/layer.js:152:17) ⏎     at /home/user/Discord-v1/node_modules/router/index.js:295:15 ⏎     at processParams (/home/user/Discord-v1/node_modules/router/index.js:582:12) ⏎     at next (/home/user/Discord-v1/node_modules/router/index.js:291:5) ⏎     at /home/user/Discord-v1/dashboard/server.js:116:5"}
[2026-08-14T21:22:51.761Z] [WARN] API request rejected | {"requestId":"7bceb7f7a872","status":418,"method":"GET","path":"/__boom-api","userId":null,"error":"Deliberate teapot"}
[2026-08-14T21:23:01.873Z] [WARN] SESSION_SECRET is not set — using a random secret for this process only (sessions reset on restart)
[2026-08-14T21:23:02.014Z] [INFO] Dashboard auth: ENFORCED — Discord OAuth required for all API access
[2026-08-14T21:23:02.014Z] [WARN] CLIENT_ID / DISCORD_CLIENT_SECRET not set — OAuth login cannot succeed, so nobody will be able to sign in
[2026-08-14T21:23:02.017Z] [INFO] ✨ Dashboard active at http://0.0.0.0:3111
[2026-08-14T21:23:03.931Z] [WARN] SESSION_SECRET is not set — using a random secret for this process only (sessions reset on restart)
[2026-08-14T21:23:04.050Z] [INFO] Dashboard auth: ENFORCED — Discord OAuth required for all API access
[2026-08-14T21:23:04.050Z] [WARN] CLIENT_ID / DISCORD_CLIENT_SECRET not set — OAuth login cannot succeed, so nobody will be able to sign in
[2026-08-14T21:23:04.055Z] [INFO] ✨ Dashboard active at http://0.0.0.0:3122
[2026-08-14T21:23:05.991Z] [WARN] SESSION_SECRET is not set — using a random secret for this process only (sessions reset on restart)
[2026-08-14T21:23:06.109Z] [INFO] Dashboard auth: ENFORCED — Discord OAuth required for all API access
[2026-08-14T21:23:06.110Z] [WARN] CLIENT_ID / DISCORD_CLIENT_SECRET not set — OAuth login cannot succeed, so nobody will be able to sign in
[2026-08-14T21:23:06.114Z] [INFO] ✨ Dashboard active at http://0.0.0.0:3188
[2026-08-14T21:23:08.010Z] [WARN] SESSION_SECRET is not set — using a random secret for this process only (sessions reset on restart)
[2026-08-14T21:23:08.150Z] [INFO] Dashboard auth: ENFORCED — Discord OAuth required for all API access
[2026-08-14T21:23:08.153Z] [INFO] ✨ Dashboard active at http://0.0.0.0:3199
[2026-08-14T21:23:10.034Z] [WARN] SESSION_SECRET is not set — using a random secret for this process only (sessions reset on restart)
[2026-08-14T21:23:10.161Z] [INFO] Dashboard auth: ENFORCED — Discord OAuth required for all API access
[2026-08-14T21:23:10.162Z] [WARN] CLIENT_ID / DISCORD_CLIENT_SECRET not set — OAuth login cannot succeed, so nobody will be able to sign in
[2026-08-14T21:23:10.166Z] [INFO] ✨ Dashboard active at http://0.0.0.0:3202
[2026-08-14T21:23:13.050Z] [WARN] SESSION_SECRET is not set — using a random secret for this process only (sessions reset on restart)
[2026-08-14T21:23:13.194Z] [INFO] Dashboard auth: ENFORCED — Discord OAuth required for all API access
[2026-08-14T21:23:13.194Z] [WARN] CLIENT_ID / DISCORD_CLIENT_SECRET not set — OAuth login cannot succeed, so nobody will be able to sign in
[2026-08-14T21:23:13.197Z] [INFO] ✨ Dashboard active at http://0.0.0.0:3244
[2026-08-14T21:23:14.715Z] [ERROR] API error | {"requestId":"2f477087ce08","status":500,"method":"GET","path":"/__boom","userId":null,"error":"ENOENT: open '/srv/secret.json'","stack":"Error: ENOENT: open '/srv/secret.json' ⏎     at /home/user/Discord-v1/scripts/test-errors.js:129:42 ⏎     at Layer.handleRequest (/home/user/Discord-v1/node_modules/router/lib/layer.js:152:17) ⏎     at next (/home/user/Discord-v1/node_modules/router/lib/route.js:157:13) ⏎     at Route.dispatch (/home/user/Discord-v1/node_modules/router/lib/route.js:117:3) ⏎     at handle (/home/user/Discord-v1/node_modules/router/index.js:435:11) ⏎     at Layer.handleRequest (/home/user/Discord-v1/node_modules/router/lib/layer.js:152:17) ⏎     at /home/user/Discord-v1/node_modules/router/index.js:295:15 ⏎     at processParams (/home/user/Discord-v1/node_modules/router/index.js:582:12) ⏎     at next (/home/user/Discord-v1/node_modules/router/index.js:291:5) ⏎     at /home/user/Discord-v1/dashboard/server.js:116:5"}
[2026-08-14T21:23:14.720Z] [ERROR] API error | {"requestId":"32d835636c0f","status":500,"method":"GET","path":"/__boom-async","userId":null,"error":"internal detail leak","stack":"Error: internal detail leak ⏎     at /home/user/Discord-v1/scripts/test-errors.js:130:54 ⏎     at Layer.handleRequest (/home/user/Discord-v1/node_modules/router/lib/layer.js:152:17) ⏎     at next (/home/user/Discord-v1/node_modules/router/lib/route.js:157:13) ⏎     at Route.dispatch (/home/user/Discord-v1/node_modules/router/lib/route.js:117:3) ⏎     at handle (/home/user/Discord-v1/node_modules/router/index.js:435:11) ⏎     at Layer.handleRequest (/home/user/Discord-v1/node_modules/router/lib/layer.js:152:17) ⏎     at /home/user/Discord-v1/node_modules/router/index.js:295:15 ⏎     at processParams (/home/user/Discord-v1/node_modules/router/index.js:582:12) ⏎     at next (/home/user/Discord-v1/node_modules/router/index.js:291:5) ⏎     at /home/user/Discord-v1/dashboard/server.js:116:5"}
[2026-08-14T21:23:14.722Z] [WARN] API request rejected | {"requestId":"e57704c5b6d9","status":418,"method":"GET","path":"/__boom-api","userId":null,"error":"Deliberate teapot"}
[2026-08-14T21:23:15.207Z] [WARN] SESSION_SECRET is not set — using a random secret for this process only (sessions reset on restart)
[2026-08-14T21:23:15.342Z] [INFO] Dashboard auth: ENFORCED — Discord OAuth required for all API access
[2026-08-14T21:23:15.342Z] [WARN] CLIENT_ID / DISCORD_CLIENT_SECRET not set — OAuth login cannot succeed, so nobody will be able to sign in
[2026-08-14T21:23:15.344Z] [INFO] ✨ Dashboard active at http://0.0.0.0:3111
[2026-08-14T21:23:17.234Z] [WARN] SESSION_SECRET is not set — using a random secret for this process only (sessions reset on restart)
[2026-08-14T21:23:17.349Z] [INFO] Dashboard auth: ENFORCED — Discord OAuth required for all API access
[2026-08-14T21:23:17.349Z] [WARN] CLIENT_ID / DISCORD_CLIENT_SECRET not set — OAuth login cannot succeed, so nobody will be able to sign in
[2026-08-14T21:23:17.354Z] [INFO] ✨ Dashboard active at http://0.0.0.0:3122
[2026-08-14T21:23:19.239Z] [WARN] SESSION_SECRET is not set — using a random secret for this process only (sessions reset on restart)
[2026-08-14T21:23:19.359Z] [INFO] Dashboard auth: ENFORCED — Discord OAuth required for all API access
[2026-08-14T21:23:19.359Z] [WARN] CLIENT_ID / DISCORD_CLIENT_SECRET not set — OAuth login cannot succeed, so nobody will be able to sign in
[2026-08-14T21:23:19.364Z] [INFO] ✨ Dashboard active at http://0.0.0.0:3188
[2026-08-14T21:23:21.229Z] [WARN] SESSION_SECRET is not set — using a random secret for this process only (sessions reset on restart)
[2026-08-14T21:23:21.370Z] [INFO] Dashboard auth: ENFORCED — Discord OAuth required for all API access
[2026-08-14T21:23:21.373Z] [INFO] ✨ Dashboard active at http://0.0.0.0:3199
[2026-08-14T21:23:23.254Z] [WARN] SESSION_SECRET is not set — using a random secret for this process only (sessions reset on restart)
[2026-08-14T21:23:23.368Z] [INFO] Dashboard auth: ENFORCED — Discord OAuth required for all API access
[2026-08-14T21:23:23.369Z] [WARN] CLIENT_ID / DISCORD_CLIENT_SECRET not set — OAuth login cannot succeed, so nobody will be able to sign in
[2026-08-14T21:23:23.374Z] [INFO] ✨ Dashboard active at http://0.0.0.0:3202
[2026-08-14T21:23:26.262Z] [WARN] SESSION_SECRET is not set — using a random secret for this process only (sessions reset on restart)
[2026-08-14T21:23:26.417Z] [INFO] Dashboard auth: ENFORCED — Discord OAuth required for all API access
[2026-08-14T21:23:26.417Z] [WARN] CLIENT_ID / DISCORD_CLIENT_SECRET not set — OAuth login cannot succeed, so nobody will be able to sign in
[2026-08-14T21:23:26.420Z] [INFO] ✨ Dashboard active at http://0.0.0.0:3244
[2026-08-14T21:23:27.939Z] [ERROR] API error | {"requestId":"9b2d9787f150","status":500,"method":"GET","path":"/__boom","userId":null,"error":"ENOENT: open '/srv/secret.json'","stack":"Error: ENOENT: open '/srv/secret.json' ⏎     at /home/user/Discord-v1/scripts/test-errors.js:129:42 ⏎     at Layer.handleRequest (/home/user/Discord-v1/node_modules/router/lib/layer.js:152:17) ⏎     at next (/home/user/Discord-v1/node_modules/router/lib/route.js:157:13) ⏎     at Route.dispatch (/home/user/Discord-v1/node_modules/router/lib/route.js:117:3) ⏎     at handle (/home/user/Discord-v1/node_modules/router/index.js:435:11) ⏎     at Layer.handleRequest (/home/user/Discord-v1/node_modules/router/lib/layer.js:152:17) ⏎     at /home/user/Discord-v1/node_modules/router/index.js:295:15 ⏎     at processParams (/home/user/Discord-v1/node_modules/router/index.js:582:12) ⏎     at next (/home/user/Discord-v1/node_modules/router/index.js:291:5) ⏎     at /home/user/Discord-v1/dashboard/server.js:116:5"}
[2026-08-14T21:23:27.944Z] [ERROR] API error | {"requestId":"2f060b5d1aad","status":500,"method":"GET","path":"/__boom-async","userId":null,"error":"internal detail leak","stack":"Error: internal detail leak ⏎     at /home/user/Discord-v1/scripts/test-errors.js:130:54 ⏎     at Layer.handleRequest (/home/user/Discord-v1/node_modules/router/lib/layer.js:152:17) ⏎     at next (/home/user/Discord-v1/node_modules/router/lib/route.js:157:13) ⏎     at Route.dispatch (/home/user/Discord-v1/node_modules/router/lib/route.js:117:3) ⏎     at handle (/home/user/Discord-v1/node_modules/router/index.js:435:11) ⏎     at Layer.handleRequest (/home/user/Discord-v1/node_modules/router/lib/layer.js:152:17) ⏎     at /home/user/Discord-v1/node_modules/router/index.js:295:15 ⏎     at processParams (/home/user/Discord-v1/node_modules/router/index.js:582:12) ⏎     at next (/home/user/Discord-v1/node_modules/router/index.js:291:5) ⏎     at /home/user/Discord-v1/dashboard/server.js:116:5"}
[2026-08-14T21:23:27.946Z] [WARN] API request rejected | {"requestId":"86008298eff3","status":418,"method":"GET","path":"/__boom-api","userId":null,"error":"Deliberate teapot"}
[2026-08-14T21:26:32.410Z] [WARN] SESSION_SECRET is not set — using a random secret for this process only (sessions reset on restart)
[2026-08-14T21:26:32.548Z] [INFO] Dashboard auth: ENFORCED — Discord OAuth required for all API access
[2026-08-14T21:26:32.548Z] [WARN] CLIENT_ID / DISCORD_CLIENT_SECRET not set — OAuth login cannot succeed, so nobody will be able to sign in
[2026-08-14T21:26:32.550Z] [INFO] ✨ Dashboard active at http://0.0.0.0:3111
[2026-08-14T21:26:34.438Z] [WARN] SESSION_SECRET is not set — using a random secret for this process only (sessions reset on restart)
[2026-08-14T21:26:34.558Z] [INFO] Dashboard auth: ENFORCED — Discord OAuth required for all API access
[2026-08-14T21:26:34.558Z] [WARN] CLIENT_ID / DISCORD_CLIENT_SECRET not set — OAuth login cannot succeed, so nobody will be able to sign in
[2026-08-14T21:26:34.562Z] [INFO] ✨ Dashboard active at http://0.0.0.0:3122
[2026-08-14T21:26:36.448Z] [WARN] SESSION_SECRET is not set — using a random secret for this process only (sessions reset on restart)
[2026-08-14T21:26:36.567Z] [INFO] Dashboard auth: ENFORCED — Discord OAuth required for all API access
[2026-08-14T21:26:36.567Z] [WARN] CLIENT_ID / DISCORD_CLIENT_SECRET not set — OAuth login cannot succeed, so nobody will be able to sign in
[2026-08-14T21:26:36.571Z] [INFO] ✨ Dashboard active at http://0.0.0.0:3188
[2026-08-14T21:26:38.440Z] [WARN] SESSION_SECRET is not set — using a random secret for this process only (sessions reset on restart)
[2026-08-14T21:26:38.575Z] [INFO] Dashboard auth: ENFORCED — Discord OAuth required for all API access
[2026-08-14T21:26:38.578Z] [INFO] ✨ Dashboard active at http://0.0.0.0:3199
[2026-08-14T21:26:40.465Z] [WARN] SESSION_SECRET is not set — using a random secret for this process only (sessions reset on restart)
[2026-08-14T21:26:40.583Z] [INFO] Dashboard auth: ENFORCED — Discord OAuth required for all API access
[2026-08-14T21:26:40.583Z] [WARN] CLIENT_ID / DISCORD_CLIENT_SECRET not set — OAuth login cannot succeed, so nobody will be able to sign in
[2026-08-14T21:26:40.588Z] [INFO] ✨ Dashboard active at http://0.0.0.0:3202
[2026-08-14T21:26:43.413Z] [WARN] SESSION_SECRET is not set — using a random secret for this process only (sessions reset on restart)
[2026-08-14T21:26:43.550Z] [INFO] Dashboard auth: ENFORCED — Discord OAuth required for all API access
[2026-08-14T21:26:43.550Z] [WARN] CLIENT_ID / DISCORD_CLIENT_SECRET not set — OAuth login cannot succeed, so nobody will be able to sign in
[2026-08-14T21:26:43.552Z] [INFO] ✨ Dashboard active at http://0.0.0.0:3244
[2026-08-14T21:26:45.070Z] [ERROR] API error | {"requestId":"36b4894bb91b","status":500,"method":"GET","path":"/__boom","userId":null,"error":"ENOENT: open '/srv/secret.json'","stack":"Error: ENOENT: open '/srv/secret.json' ⏎     at /home/user/Discord-v1/scripts/test-errors.js:129:42 ⏎     at Layer.handleRequest (/home/user/Discord-v1/node_modules/router/lib/layer.js:152:17) ⏎     at next (/home/user/Discord-v1/node_modules/router/lib/route.js:157:13) ⏎     at Route.dispatch (/home/user/Discord-v1/node_modules/router/lib/route.js:117:3) ⏎     at handle (/home/user/Discord-v1/node_modules/router/index.js:435:11) ⏎     at Layer.handleRequest (/home/user/Discord-v1/node_modules/router/lib/layer.js:152:17) ⏎     at /home/user/Discord-v1/node_modules/router/index.js:295:15 ⏎     at processParams (/home/user/Discord-v1/node_modules/router/index.js:582:12) ⏎     at next (/home/user/Discord-v1/node_modules/router/index.js:291:5) ⏎     at /home/user/Discord-v1/dashboard/server.js:116:5"}
[2026-08-14T21:26:45.074Z] [ERROR] API error | {"requestId":"fedae9524c07","status":500,"method":"GET","path":"/__boom-async","userId":null,"error":"internal detail leak","stack":"Error: internal detail leak ⏎     at /home/user/Discord-v1/scripts/test-errors.js:130:54 ⏎     at Layer.handleRequest (/home/user/Discord-v1/node_modules/router/lib/layer.js:152:17) ⏎     at next (/home/user/Discord-v1/node_modules/router/lib/route.js:157:13) ⏎     at Route.dispatch (/home/user/Discord-v1/node_modules/router/lib/route.js:117:3) ⏎     at handle (/home/user/Discord-v1/node_modules/router/index.js:435:11) ⏎     at Layer.handleRequest (/home/user/Discord-v1/node_modules/router/lib/layer.js:152:17) ⏎     at /home/user/Discord-v1/node_modules/router/index.js:295:15 ⏎     at processParams (/home/user/Discord-v1/node_modules/router/index.js:582:12) ⏎     at next (/home/user/Discord-v1/node_modules/router/index.js:291:5) ⏎     at /home/user/Discord-v1/dashboard/server.js:116:5"}
[2026-08-14T21:26:45.077Z] [WARN] API request rejected | {"requestId":"f6819324a66a","status":418,"method":"GET","path":"/__boom-api","userId":null,"error":"Deliberate teapot"}
[2026-08-14T21:28:44.069Z] [WARN] SESSION_SECRET is not set — using a random secret for this process only (sessions reset on restart)
[2026-08-14T21:28:44.202Z] [INFO] Dashboard auth: ENFORCED — Discord OAuth required for all API access
[2026-08-14T21:28:44.202Z] [WARN] CLIENT_ID / DISCORD_CLIENT_SECRET not set — OAuth login cannot succeed, so nobody will be able to sign in
[2026-08-14T21:28:44.205Z] [INFO] ✨ Dashboard active at http://0.0.0.0:3111
[2026-08-14T21:28:46.109Z] [WARN] SESSION_SECRET is not set — using a random secret for this process only (sessions reset on restart)
[2026-08-14T21:28:46.227Z] [INFO] Dashboard auth: ENFORCED — Discord OAuth required for all API access
[2026-08-14T21:28:46.228Z] [WARN] CLIENT_ID / DISCORD_CLIENT_SECRET not set — OAuth login cannot succeed, so nobody will be able to sign in
[2026-08-14T21:28:46.232Z] [INFO] ✨ Dashboard active at http://0.0.0.0:3122
[2026-08-14T21:28:48.141Z] [WARN] SESSION_SECRET is not set — using a random secret for this process only (sessions reset on restart)
[2026-08-14T21:28:48.267Z] [INFO] Dashboard auth: ENFORCED — Discord OAuth required for all API access
[2026-08-14T21:28:48.267Z] [WARN] CLIENT_ID / DISCORD_CLIENT_SECRET not set — OAuth login cannot succeed, so nobody will be able to sign in
[2026-08-14T21:28:48.272Z] [INFO] ✨ Dashboard active at http://0.0.0.0:3188
[2026-08-14T21:28:50.162Z] [WARN] SESSION_SECRET is not set — using a random secret for this process only (sessions reset on restart)
[2026-08-14T21:28:50.309Z] [INFO] Dashboard auth: ENFORCED — Discord OAuth required for all API access
[2026-08-14T21:28:50.312Z] [INFO] ✨ Dashboard active at http://0.0.0.0:3199
[2026-08-14T21:28:52.192Z] [WARN] SESSION_SECRET is not set — using a random secret for this process only (sessions reset on restart)
[2026-08-14T21:28:52.315Z] [INFO] Dashboard auth: ENFORCED — Discord OAuth required for all API access
[2026-08-14T21:28:52.315Z] [WARN] CLIENT_ID / DISCORD_CLIENT_SECRET not set — OAuth login cannot succeed, so nobody will be able to sign in
[2026-08-14T21:28:52.319Z] [INFO] ✨ Dashboard active at http://0.0.0.0:3202
[2026-08-14T21:28:55.171Z] [WARN] SESSION_SECRET is not set — using a random secret for this process only (sessions reset on restart)
[2026-08-14T21:28:55.317Z] [INFO] Dashboard auth: ENFORCED — Discord OAuth required for all API access
[2026-08-14T21:28:55.317Z] [WARN] CLIENT_ID / DISCORD_CLIENT_SECRET not set — OAuth login cannot succeed, so nobody will be able to sign in
[2026-08-14T21:28:55.319Z] [INFO] ✨ Dashboard active at http://0.0.0.0:3244
[2026-08-14T21:28:56.836Z] [ERROR] API error | {"requestId":"1d0dfb50340d","status":500,"method":"GET","path":"/__boom","userId":null,"error":"ENOENT: open '/srv/secret.json'","stack":"Error: ENOENT: open '/srv/secret.json' ⏎     at /home/user/Discord-v1/scripts/test-errors.js:129:42 ⏎     at Layer.handleRequest (/home/user/Discord-v1/node_modules/router/lib/layer.js:152:17) ⏎     at next (/home/user/Discord-v1/node_modules/router/lib/route.js:157:13) ⏎     at Route.dispatch (/home/user/Discord-v1/node_modules/router/lib/route.js:117:3) ⏎     at handle (/home/user/Discord-v1/node_modules/router/index.js:435:11) ⏎     at Layer.handleRequest (/home/user/Discord-v1/node_modules/router/lib/layer.js:152:17) ⏎     at /home/user/Discord-v1/node_modules/router/index.js:295:15 ⏎     at processParams (/home/user/Discord-v1/node_modules/router/index.js:582:12) ⏎     at next (/home/user/Discord-v1/node_modules/router/index.js:291:5) ⏎     at /home/user/Discord-v1/dashboard/server.js:116:5"}
[2026-08-14T21:28:56.841Z] [ERROR] API error | {"requestId":"278c46de89b7","status":500,"method":"GET","path":"/__boom-async","userId":null,"error":"internal detail leak","stack":"Error: internal detail leak ⏎     at /home/user/Discord-v1/scripts/test-errors.js:130:54 ⏎     at Layer.handleRequest (/home/user/Discord-v1/node_modules/router/lib/layer.js:152:17) ⏎     at next (/home/user/Discord-v1/node_modules/router/lib/route.js:157:13) ⏎     at Route.dispatch (/home/user/Discord-v1/node_modules/router/lib/route.js:117:3) ⏎     at handle (/home/user/Discord-v1/node_modules/router/index.js:435:11) ⏎     at Layer.handleRequest (/home/user/Discord-v1/node_modules/router/lib/layer.js:152:17) ⏎     at /home/user/Discord-v1/node_modules/router/index.js:295:15 ⏎     at processParams (/home/user/Discord-v1/node_modules/router/index.js:582:12) ⏎     at next (/home/user/Discord-v1/node_modules/router/index.js:291:5) ⏎     at /home/user/Discord-v1/dashboard/server.js:116:5"}
[2026-08-14T21:28:56.843Z] [WARN] API request rejected | {"requestId":"10e93beadf98","status":418,"method":"GET","path":"/__boom-api","userId":null,"error":"Deliberate teapot"}
[2026-08-14T21:29:30.678Z] [WARN] SESSION_SECRET is not set — using a random secret for this process only (sessions reset on restart)
[2026-08-14T21:29:30.822Z] [INFO] Dashboard auth: ENFORCED — Discord OAuth required for all API access
[2026-08-14T21:29:30.822Z] [WARN] CLIENT_ID / DISCORD_CLIENT_SECRET not set — OAuth login cannot succeed, so nobody will be able to sign in
[2026-08-14T21:29:30.825Z] [INFO] ✨ Dashboard active at http://0.0.0.0:3111
[2026-08-14T21:29:32.718Z] [WARN] SESSION_SECRET is not set — using a random secret for this process only (sessions reset on restart)
[2026-08-14T21:29:32.836Z] [INFO] Dashboard auth: ENFORCED — Discord OAuth required for all API access
[2026-08-14T21:29:32.836Z] [WARN] CLIENT_ID / DISCORD_CLIENT_SECRET not set — OAuth login cannot succeed, so nobody will be able to sign in
[2026-08-14T21:29:32.841Z] [INFO] ✨ Dashboard active at http://0.0.0.0:3122
[2026-08-14T21:29:34.745Z] [WARN] SESSION_SECRET is not set — using a random secret for this process only (sessions reset on restart)
[2026-08-14T21:29:34.865Z] [INFO] Dashboard auth: ENFORCED — Discord OAuth required for all API access
[2026-08-14T21:29:34.865Z] [WARN] CLIENT_ID / DISCORD_CLIENT_SECRET not set — OAuth login cannot succeed, so nobody will be able to sign in
[2026-08-14T21:29:34.869Z] [INFO] ✨ Dashboard active at http://0.0.0.0:3188
[2026-08-14T21:29:36.747Z] [WARN] SESSION_SECRET is not set — using a random secret for this process only (sessions reset on restart)
[2026-08-14T21:29:36.889Z] [INFO] Dashboard auth: ENFORCED — Discord OAuth required for all API access
[2026-08-14T21:29:36.892Z] [INFO] ✨ Dashboard active at http://0.0.0.0:3199
[2026-08-14T21:29:38.777Z] [WARN] SESSION_SECRET is not set — using a random secret for this process only (sessions reset on restart)
[2026-08-14T21:29:38.896Z] [INFO] Dashboard auth: ENFORCED — Discord OAuth required for all API access
[2026-08-14T21:29:38.896Z] [WARN] CLIENT_ID / DISCORD_CLIENT_SECRET not set — OAuth login cannot succeed, so nobody will be able to sign in
[2026-08-14T21:29:38.900Z] [INFO] ✨ Dashboard active at http://0.0.0.0:3202
[2026-08-14T21:29:41.777Z] [WARN] SESSION_SECRET is not set — using a random secret for this process only (sessions reset on restart)
[2026-08-14T21:29:41.918Z] [INFO] Dashboard auth: ENFORCED — Discord OAuth required for all API access
[2026-08-14T21:29:41.918Z] [WARN] CLIENT_ID / DISCORD_CLIENT_SECRET not set — OAuth login cannot succeed, so nobody will be able to sign in
[2026-08-14T21:29:41.921Z] [INFO] ✨ Dashboard active at http://0.0.0.0:3244
[2026-08-14T21:29:43.438Z] [ERROR] API error | {"requestId":"c77fbaf80e0f","status":500,"method":"GET","path":"/__boom","userId":null,"error":"ENOENT: open '/srv/secret.json'","stack":"Error: ENOENT: open '/srv/secret.json' ⏎     at /home/user/Discord-v1/scripts/test-errors.js:129:42 ⏎     at Layer.handleRequest (/home/user/Discord-v1/node_modules/router/lib/layer.js:152:17) ⏎     at next (/home/user/Discord-v1/node_modules/router/lib/route.js:157:13) ⏎     at Route.dispatch (/home/user/Discord-v1/node_modules/router/lib/route.js:117:3) ⏎     at handle (/home/user/Discord-v1/node_modules/router/index.js:435:11) ⏎     at Layer.handleRequest (/home/user/Discord-v1/node_modules/router/lib/layer.js:152:17) ⏎     at /home/user/Discord-v1/node_modules/router/index.js:295:15 ⏎     at processParams (/home/user/Discord-v1/node_modules/router/index.js:582:12) ⏎     at next (/home/user/Discord-v1/node_modules/router/index.js:291:5) ⏎     at /home/user/Discord-v1/dashboard/server.js:116:5"}
[2026-08-14T21:29:43.443Z] [ERROR] API error | {"requestId":"383b4d2f225b","status":500,"method":"GET","path":"/__boom-async","userId":null,"error":"internal detail leak","stack":"Error: internal detail leak ⏎     at /home/user/Discord-v1/scripts/test-errors.js:130:54 ⏎     at Layer.handleRequest (/home/user/Discord-v1/node_modules/router/lib/layer.js:152:17) ⏎     at next (/home/user/Discord-v1/node_modules/router/lib/route.js:157:13) ⏎     at Route.dispatch (/home/user/Discord-v1/node_modules/router/lib/route.js:117:3) ⏎     at handle (/home/user/Discord-v1/node_modules/router/index.js:435:11) ⏎     at Layer.handleRequest (/home/user/Discord-v1/node_modules/router/lib/layer.js:152:17) ⏎     at /home/user/Discord-v1/node_modules/router/index.js:295:15 ⏎     at processParams (/home/user/Discord-v1/node_modules/router/index.js:582:12) ⏎     at next (/home/user/Discord-v1/node_modules/router/index.js:291:5) ⏎     at /home/user/Discord-v1/dashboard/server.js:116:5"}
[2026-08-14T21:29:43.445Z] [WARN] API request rejected | {"requestId":"180f66b16da0","status":418,"method":"GET","path":"/__boom-api","userId":null,"error":"Deliberate teapot"}
[2026-08-14T21:29:45.638Z] [WARN] SESSION_SECRET is not set — using a random secret for this process only (sessions reset on restart)
[2026-08-14T21:29:45.782Z] [INFO] Dashboard auth: ENFORCED — Discord OAuth required for all API access
[2026-08-14T21:29:45.782Z] [WARN] CLIENT_ID / DISCORD_CLIENT_SECRET not set — OAuth login cannot succeed, so nobody will be able to sign in
[2026-08-14T21:29:45.784Z] [INFO] ✨ Dashboard active at http://0.0.0.0:3111
[2026-08-14T21:29:47.758Z] [WARN] SESSION_SECRET is not set — using a random secret for this process only (sessions reset on restart)
[2026-08-14T21:29:47.877Z] [INFO] Dashboard auth: ENFORCED — Discord OAuth required for all API access
[2026-08-14T21:29:47.877Z] [WARN] CLIENT_ID / DISCORD_CLIENT_SECRET not set — OAuth login cannot succeed, so nobody will be able to sign in
[2026-08-14T21:29:47.882Z] [INFO] ✨ Dashboard active at http://0.0.0.0:3122
[2026-08-14T21:29:49.787Z] [WARN] SESSION_SECRET is not set — using a random secret for this process only (sessions reset on restart)
[2026-08-14T21:29:49.909Z] [INFO] Dashboard auth: ENFORCED — Discord OAuth required for all API access
[2026-08-14T21:29:49.909Z] [WARN] CLIENT_ID / DISCORD_CLIENT_SECRET not set — OAuth login cannot succeed, so nobody will be able to sign in
[2026-08-14T21:29:49.913Z] [INFO] ✨ Dashboard active at http://0.0.0.0:3188
[2026-08-14T21:29:51.803Z] [WARN] SESSION_SECRET is not set — using a random secret for this process only (sessions reset on restart)
[2026-08-14T21:29:51.946Z] [INFO] Dashboard auth: ENFORCED — Discord OAuth required for all API access
[2026-08-14T21:29:51.948Z] [INFO] ✨ Dashboard active at http://0.0.0.0:3199
[2026-08-14T21:29:53.837Z] [WARN] SESSION_SECRET is not set — using a random secret for this process only (sessions reset on restart)
[2026-08-14T21:29:53.949Z] [INFO] Dashboard auth: ENFORCED — Discord OAuth required for all API access
[2026-08-14T21:29:53.949Z] [WARN] CLIENT_ID / DISCORD_CLIENT_SECRET not set — OAuth login cannot succeed, so nobody will be able to sign in
[2026-08-14T21:29:53.954Z] [INFO] ✨ Dashboard active at http://0.0.0.0:3202
[2026-08-14T21:29:56.815Z] [WARN] SESSION_SECRET is not set — using a random secret for this process only (sessions reset on restart)
[2026-08-14T21:29:56.956Z] [INFO] Dashboard auth: ENFORCED — Discord OAuth required for all API access
[2026-08-14T21:29:56.956Z] [WARN] CLIENT_ID / DISCORD_CLIENT_SECRET not set — OAuth login cannot succeed, so nobody will be able to sign in
[2026-08-14T21:29:56.959Z] [INFO] ✨ Dashboard active at http://0.0.0.0:3244
[2026-08-14T21:29:58.476Z] [ERROR] API error | {"requestId":"1099784a90a1","status":500,"method":"GET","path":"/__boom","userId":null,"error":"ENOENT: open '/srv/secret.json'","stack":"Error: ENOENT: open '/srv/secret.json' ⏎     at /home/user/Discord-v1/scripts/test-errors.js:129:42 ⏎     at Layer.handleRequest (/home/user/Discord-v1/node_modules/router/lib/layer.js:152:17) ⏎     at next (/home/user/Discord-v1/node_modules/router/lib/route.js:157:13) ⏎     at Route.dispatch (/home/user/Discord-v1/node_modules/router/lib/route.js:117:3) ⏎     at handle (/home/user/Discord-v1/node_modules/router/index.js:435:11) ⏎     at Layer.handleRequest (/home/user/Discord-v1/node_modules/router/lib/layer.js:152:17) ⏎     at /home/user/Discord-v1/node_modules/router/index.js:295:15 ⏎     at processParams (/home/user/Discord-v1/node_modules/router/index.js:582:12) ⏎     at next (/home/user/Discord-v1/node_modules/router/index.js:291:5) ⏎     at /home/user/Discord-v1/dashboard/server.js:116:5"}
[2026-08-14T21:29:58.481Z] [ERROR] API error | {"requestId":"1f5121cad487","status":500,"method":"GET","path":"/__boom-async","userId":null,"error":"internal detail leak","stack":"Error: internal detail leak ⏎     at /home/user/Discord-v1/scripts/test-errors.js:130:54 ⏎     at Layer.handleRequest (/home/user/Discord-v1/node_modules/router/lib/layer.js:152:17) ⏎     at next (/home/user/Discord-v1/node_modules/router/lib/route.js:157:13) ⏎     at Route.dispatch (/home/user/Discord-v1/node_modules/router/lib/route.js:117:3) ⏎     at handle (/home/user/Discord-v1/node_modules/router/index.js:435:11) ⏎     at Layer.handleRequest (/home/user/Discord-v1/node_modules/router/lib/layer.js:152:17) ⏎     at /home/user/Discord-v1/node_modules/router/index.js:295:15 ⏎     at processParams (/home/user/Discord-v1/node_modules/router/index.js:582:12) ⏎     at next (/home/user/Discord-v1/node_modules/router/index.js:291:5) ⏎     at /home/user/Discord-v1/dashboard/server.js:116:5"}
[2026-08-14T21:29:58.483Z] [WARN] API request rejected | {"requestId":"34f1651503c5","status":418,"method":"GET","path":"/__boom-api","userId":null,"error":"Deliberate teapot"}
[2026-08-14T21:35:59.405Z] [WARN] SESSION_SECRET is not set — using a random secret for this process only (sessions reset on restart)
[2026-08-14T21:35:59.562Z] [INFO] Dashboard auth: ENFORCED — Discord OAuth required for all API access
[2026-08-14T21:35:59.562Z] [WARN] CLIENT_ID / DISCORD_CLIENT_SECRET not set — OAuth login cannot succeed, so nobody will be able to sign in
[2026-08-14T21:35:59.565Z] [INFO] ✨ Dashboard active at http://0.0.0.0:3255
[2026-08-14T21:36:47.170Z] [WARN] SESSION_SECRET is not set — using a random secret for this process only (sessions reset on restart)
[2026-08-14T21:36:47.318Z] [INFO] Dashboard auth: ENFORCED — Discord OAuth required for all API access
[2026-08-14T21:36:47.319Z] [WARN] CLIENT_ID / DISCORD_CLIENT_SECRET not set — OAuth login cannot succeed, so nobody will be able to sign in
[2026-08-14T21:36:47.322Z] [INFO] ✨ Dashboard active at http://0.0.0.0:3255
[2026-08-14T21:37:03.310Z] [WARN] SESSION_SECRET is not set — using a random secret for this process only (sessions reset on restart)
[2026-08-14T21:37:03.480Z] [INFO] Dashboard auth: ENFORCED — Discord OAuth required for all API access
[2026-08-14T21:37:03.481Z] [WARN] CLIENT_ID / DISCORD_CLIENT_SECRET not set — OAuth login cannot succeed, so nobody will be able to sign in
[2026-08-14T21:37:03.484Z] [INFO] ✨ Dashboard active at http://0.0.0.0:3299
[2026-08-14T21:37:29.461Z] [WARN] SESSION_SECRET is not set — using a random secret for this process only (sessions reset on restart)
[2026-08-14T21:37:29.612Z] [INFO] Dashboard auth: ENFORCED — Discord OAuth required for all API access
[2026-08-14T21:37:29.613Z] [WARN] CLIENT_ID / DISCORD_CLIENT_SECRET not set — OAuth login cannot succeed, so nobody will be able to sign in
[2026-08-14T21:37:29.618Z] [INFO] ✨ Dashboard active at http://0.0.0.0:3255
[2026-08-14T21:37:39.423Z] [WARN] SESSION_SECRET is not set — using a random secret for this process only (sessions reset on restart)
[2026-08-14T21:37:39.574Z] [INFO] Dashboard auth: ENFORCED — Discord OAuth required for all API access
[2026-08-14T21:37:39.574Z] [WARN] CLIENT_ID / DISCORD_CLIENT_SECRET not set — OAuth login cannot succeed, so nobody will be able to sign in
[2026-08-14T21:37:39.577Z] [INFO] ✨ Dashboard active at http://0.0.0.0:3111
[2026-08-14T21:37:41.552Z] [WARN] SESSION_SECRET is not set — using a random secret for this process only (sessions reset on restart)
[2026-08-14T21:37:41.676Z] [INFO] Dashboard auth: ENFORCED — Discord OAuth required for all API access
[2026-08-14T21:37:41.676Z] [WARN] CLIENT_ID / DISCORD_CLIENT_SECRET not set — OAuth login cannot succeed, so nobody will be able to sign in
[2026-08-14T21:37:41.681Z] [INFO] ✨ Dashboard active at http://0.0.0.0:3122
[2026-08-14T21:37:43.584Z] [WARN] SESSION_SECRET is not set — using a random secret for this process only (sessions reset on restart)
[2026-08-14T21:37:43.708Z] [INFO] Dashboard auth: ENFORCED — Discord OAuth required for all API access
[2026-08-14T21:37:43.709Z] [WARN] CLIENT_ID / DISCORD_CLIENT_SECRET not set — OAuth login cannot succeed, so nobody will be able to sign in
[2026-08-14T21:37:43.713Z] [INFO] ✨ Dashboard active at http://0.0.0.0:3188
[2026-08-14T21:37:45.615Z] [WARN] SESSION_SECRET is not set — using a random secret for this process only (sessions reset on restart)
[2026-08-14T21:37:45.762Z] [INFO] Dashboard auth: ENFORCED — Discord OAuth required for all API access
[2026-08-14T21:37:45.764Z] [INFO] ✨ Dashboard active at http://0.0.0.0:3199
[2026-08-14T21:37:47.655Z] [WARN] SESSION_SECRET is not set — using a random secret for this process only (sessions reset on restart)
[2026-08-14T21:37:47.779Z] [INFO] Dashboard auth: ENFORCED — Discord OAuth required for all API access
[2026-08-14T21:37:47.779Z] [WARN] CLIENT_ID / DISCORD_CLIENT_SECRET not set — OAuth login cannot succeed, so nobody will be able to sign in
[2026-08-14T21:37:47.788Z] [INFO] ✨ Dashboard active at http://0.0.0.0:3202
[2026-08-14T21:37:50.706Z] [WARN] SESSION_SECRET is not set — using a random secret for this process only (sessions reset on restart)
[2026-08-14T21:37:50.845Z] [INFO] Dashboard auth: ENFORCED — Discord OAuth required for all API access
[2026-08-14T21:37:50.846Z] [WARN] CLIENT_ID / DISCORD_CLIENT_SECRET not set — OAuth login cannot succeed, so nobody will be able to sign in
[2026-08-14T21:37:50.848Z] [INFO] ✨ Dashboard active at http://0.0.0.0:3244
[2026-08-14T21:37:52.365Z] [ERROR] API error | {"requestId":"bba7677609cd","status":500,"method":"GET","path":"/__boom","userId":null,"error":"ENOENT: open '/srv/secret.json'","stack":"Error: ENOENT: open '/srv/secret.json' ⏎     at /home/user/Discord-v1/scripts/test-errors.js:129:42 ⏎     at Layer.handleRequest (/home/user/Discord-v1/node_modules/router/lib/layer.js:152:17) ⏎     at next (/home/user/Discord-v1/node_modules/router/lib/route.js:157:13) ⏎     at Route.dispatch (/home/user/Discord-v1/node_modules/router/lib/route.js:117:3) ⏎     at handle (/home/user/Discord-v1/node_modules/router/index.js:435:11) ⏎     at Layer.handleRequest (/home/user/Discord-v1/node_modules/router/lib/layer.js:152:17) ⏎     at /home/user/Discord-v1/node_modules/router/index.js:295:15 ⏎     at processParams (/home/user/Discord-v1/node_modules/router/index.js:582:12) ⏎     at next (/home/user/Discord-v1/node_modules/router/index.js:291:5) ⏎     at /home/user/Discord-v1/dashboard/server.js:116:5"}
[2026-08-14T21:37:52.370Z] [ERROR] API error | {"requestId":"f45116cc5f86","status":500,"method":"GET","path":"/__boom-async","userId":null,"error":"internal detail leak","stack":"Error: internal detail leak ⏎     at /home/user/Discord-v1/scripts/test-errors.js:130:54 ⏎     at Layer.handleRequest (/home/user/Discord-v1/node_modules/router/lib/layer.js:152:17) ⏎     at next (/home/user/Discord-v1/node_modules/router/lib/route.js:157:13) ⏎     at Route.dispatch (/home/user/Discord-v1/node_modules/router/lib/route.js:117:3) ⏎     at handle (/home/user/Discord-v1/node_modules/router/index.js:435:11) ⏎     at Layer.handleRequest (/home/user/Discord-v1/node_modules/router/lib/layer.js:152:17) ⏎     at /home/user/Discord-v1/node_modules/router/index.js:295:15 ⏎     at processParams (/home/user/Discord-v1/node_modules/router/index.js:582:12) ⏎     at next (/home/user/Discord-v1/node_modules/router/index.js:291:5) ⏎     at /home/user/Discord-v1/dashboard/server.js:116:5"}
[2026-08-14T21:37:52.373Z] [WARN] API request rejected | {"requestId":"e22392219cf9","status":418,"method":"GET","path":"/__boom-api","userId":null,"error":"Deliberate teapot"}
[2026-08-14T21:37:52.721Z] [WARN] SESSION_SECRET is not set — using a random secret for this process only (sessions reset on restart)
[2026-08-14T21:37:52.864Z] [INFO] Dashboard auth: ENFORCED — Discord OAuth required for all API access
[2026-08-14T21:37:52.864Z] [WARN] CLIENT_ID / DISCORD_CLIENT_SECRET not set — OAuth login cannot succeed, so nobody will be able to sign in
[2026-08-14T21:37:52.866Z] [INFO] ✨ Dashboard active at http://0.0.0.0:3255
[2026-08-14T21:37:55.554Z] [WARN] SESSION_SECRET is not set — using a random secret for this process only (sessions reset on restart)
[2026-08-14T21:37:55.702Z] [INFO] Dashboard auth: ENFORCED — Discord OAuth required for all API access
[2026-08-14T21:37:55.702Z] [WARN] CLIENT_ID / DISCORD_CLIENT_SECRET not set — OAuth login cannot succeed, so nobody will be able to sign in
[2026-08-14T21:37:55.705Z] [INFO] ✨ Dashboard active at http://0.0.0.0:3111
[2026-08-14T21:37:57.625Z] [WARN] SESSION_SECRET is not set — using a random secret for this process only (sessions reset on restart)
[2026-08-14T21:37:57.746Z] [INFO] Dashboard auth: ENFORCED — Discord OAuth required for all API access
[2026-08-14T21:37:57.747Z] [WARN] CLIENT_ID / DISCORD_CLIENT_SECRET not set — OAuth login cannot succeed, so nobody will be able to sign in
[2026-08-14T21:37:57.751Z] [INFO] ✨ Dashboard active at http://0.0.0.0:3122
[2026-08-14T21:37:59.688Z] [WARN] SESSION_SECRET is not set — using a random secret for this process only (sessions reset on restart)
[2026-08-14T21:37:59.820Z] [INFO] Dashboard auth: ENFORCED — Discord OAuth required for all API access
[2026-08-14T21:37:59.820Z] [WARN] CLIENT_ID / DISCORD_CLIENT_SECRET not set — OAuth login cannot succeed, so nobody will be able to sign in
[2026-08-14T21:37:59.825Z] [INFO] ✨ Dashboard active at http://0.0.0.0:3188
[2026-08-14T21:38:01.806Z] [WARN] SESSION_SECRET is not set — using a random secret for this process only (sessions reset on restart)
[2026-08-14T21:38:02.000Z] [INFO] Dashboard auth: ENFORCED — Discord OAuth required for all API access
[2026-08-14T21:38:02.003Z] [INFO] ✨ Dashboard active at http://0.0.0.0:3199
[2026-08-14T21:38:03.885Z] [WARN] SESSION_SECRET is not set — using a random secret for this process only (sessions reset on restart)
[2026-08-14T21:38:04.014Z] [INFO] Dashboard auth: ENFORCED — Discord OAuth required for all API access
[2026-08-14T21:38:04.014Z] [WARN] CLIENT_ID / DISCORD_CLIENT_SECRET not set — OAuth login cannot succeed, so nobody will be able to sign in
[2026-08-14T21:38:04.019Z] [INFO] ✨ Dashboard active at http://0.0.0.0:3202
[2026-08-14T21:38:06.945Z] [WARN] SESSION_SECRET is not set — using a random secret for this process only (sessions reset on restart)
[2026-08-14T21:38:07.089Z] [INFO] Dashboard auth: ENFORCED — Discord OAuth required for all API access
[2026-08-14T21:38:07.089Z] [WARN] CLIENT_ID / DISCORD_CLIENT_SECRET not set — OAuth login cannot succeed, so nobody will be able to sign in
[2026-08-14T21:38:07.092Z] [INFO] ✨ Dashboard active at http://0.0.0.0:3244
[2026-08-14T21:38:08.609Z] [ERROR] API error | {"requestId":"5becd44f2551","status":500,"method":"GET","path":"/__boom","userId":null,"error":"ENOENT: open '/srv/secret.json'","stack":"Error: ENOENT: open '/srv/secret.json' ⏎     at /home/user/Discord-v1/scripts/test-errors.js:129:42 ⏎     at Layer.handleRequest (/home/user/Discord-v1/node_modules/router/lib/layer.js:152:17) ⏎     at next (/home/user/Discord-v1/node_modules/router/lib/route.js:157:13) ⏎     at Route.dispatch (/home/user/Discord-v1/node_modules/router/lib/route.js:117:3) ⏎     at handle (/home/user/Discord-v1/node_modules/router/index.js:435:11) ⏎     at Layer.handleRequest (/home/user/Discord-v1/node_modules/router/lib/layer.js:152:17) ⏎     at /home/user/Discord-v1/node_modules/router/index.js:295:15 ⏎     at processParams (/home/user/Discord-v1/node_modules/router/index.js:582:12) ⏎     at next (/home/user/Discord-v1/node_modules/router/index.js:291:5) ⏎     at /home/user/Discord-v1/dashboard/server.js:116:5"}
[2026-08-14T21:38:08.614Z] [ERROR] API error | {"requestId":"bac18621a4f1","status":500,"method":"GET","path":"/__boom-async","userId":null,"error":"internal detail leak","stack":"Error: internal detail leak ⏎     at /home/user/Discord-v1/scripts/test-errors.js:130:54 ⏎     at Layer.handleRequest (/home/user/Discord-v1/node_modules/router/lib/layer.js:152:17) ⏎     at next (/home/user/Discord-v1/node_modules/router/lib/route.js:157:13) ⏎     at Route.dispatch (/home/user/Discord-v1/node_modules/router/lib/route.js:117:3) ⏎     at handle (/home/user/Discord-v1/node_modules/router/index.js:435:11) ⏎     at Layer.handleRequest (/home/user/Discord-v1/node_modules/router/lib/layer.js:152:17) ⏎     at /home/user/Discord-v1/node_modules/router/index.js:295:15 ⏎     at processParams (/home/user/Discord-v1/node_modules/router/index.js:582:12) ⏎     at next (/home/user/Discord-v1/node_modules/router/index.js:291:5) ⏎     at /home/user/Discord-v1/dashboard/server.js:116:5"}
[2026-08-14T21:38:08.616Z] [WARN] API request rejected | {"requestId":"55be8f6f47c4","status":418,"method":"GET","path":"/__boom-api","userId":null,"error":"Deliberate teapot"}
[2026-08-14T21:38:08.966Z] [WARN] SESSION_SECRET is not set — using a random secret for this process only (sessions reset on restart)
[2026-08-14T21:38:09.121Z] [INFO] Dashboard auth: ENFORCED — Discord OAuth required for all API access
[2026-08-14T21:38:09.121Z] [WARN] CLIENT_ID / DISCORD_CLIENT_SECRET not set — OAuth login cannot succeed, so nobody will be able to sign in
[2026-08-14T21:38:09.124Z] [INFO] ✨ Dashboard active at http://0.0.0.0:3255
[2026-08-14T21:38:17.088Z] [WARN] SESSION_SECRET is not set — using a random secret for this process only (sessions reset on restart)
[2026-08-14T21:38:17.244Z] [INFO] Dashboard auth: ENFORCED — Discord OAuth required for all API access
[2026-08-14T21:38:17.244Z] [WARN] CLIENT_ID / DISCORD_CLIENT_SECRET not set — OAuth login cannot succeed, so nobody will be able to sign in
[2026-08-14T21:38:17.247Z] [INFO] ✨ Dashboard active at http://0.0.0.0:3255
[2026-08-14T21:38:31.858Z] [WARN] SESSION_SECRET is not set — using a random secret for this process only (sessions reset on restart)
[2026-08-14T21:38:32.010Z] [INFO] Dashboard auth: ENFORCED — Discord OAuth required for all API access
[2026-08-14T21:38:32.010Z] [WARN] CLIENT_ID / DISCORD_CLIENT_SECRET not set — OAuth login cannot succeed, so nobody will be able to sign in
[2026-08-14T21:38:32.013Z] [INFO] ✨ Dashboard active at http://0.0.0.0:3111
[2026-08-14T21:38:33.980Z] [WARN] SESSION_SECRET is not set — using a random secret for this process only (sessions reset on restart)
[2026-08-14T21:38:34.134Z] [INFO] Dashboard auth: ENFORCED — Discord OAuth required for all API access
[2026-08-14T21:38:34.135Z] [WARN] CLIENT_ID / DISCORD_CLIENT_SECRET not set — OAuth login cannot succeed, so nobody will be able to sign in
[2026-08-14T21:38:34.141Z] [INFO] ✨ Dashboard active at http://0.0.0.0:3122
[2026-08-14T21:38:36.095Z] [WARN] SESSION_SECRET is not set — using a random secret for this process only (sessions reset on restart)
[2026-08-14T21:38:36.223Z] [INFO] Dashboard auth: ENFORCED — Discord OAuth required for all API access
[2026-08-14T21:38:36.223Z] [WARN] CLIENT_ID / DISCORD_CLIENT_SECRET not set — OAuth login cannot succeed, so nobody will be able to sign in
[2026-08-14T21:38:36.227Z] [INFO] ✨ Dashboard active at http://0.0.0.0:3188
[2026-08-14T21:38:38.135Z] [WARN] SESSION_SECRET is not set — using a random secret for this process only (sessions reset on restart)
[2026-08-14T21:38:38.327Z] [INFO] Dashboard auth: ENFORCED — Discord OAuth required for all API access
[2026-08-14T21:38:38.330Z] [INFO] ✨ Dashboard active at http://0.0.0.0:3199
[2026-08-14T21:38:40.241Z] [WARN] SESSION_SECRET is not set — using a random secret for this process only (sessions reset on restart)
[2026-08-14T21:38:40.376Z] [INFO] Dashboard auth: ENFORCED — Discord OAuth required for all API access
[2026-08-14T21:38:40.377Z] [WARN] CLIENT_ID / DISCORD_CLIENT_SECRET not set — OAuth login cannot succeed, so nobody will be able to sign in
[2026-08-14T21:38:40.381Z] [INFO] ✨ Dashboard active at http://0.0.0.0:3202
[2026-08-14T21:38:43.378Z] [WARN] SESSION_SECRET is not set — using a random secret for this process only (sessions reset on restart)
[2026-08-14T21:38:43.555Z] [INFO] Dashboard auth: ENFORCED — Discord OAuth required for all API access
[2026-08-14T21:38:43.555Z] [WARN] CLIENT_ID / DISCORD_CLIENT_SECRET not set — OAuth login cannot succeed, so nobody will be able to sign in
[2026-08-14T21:38:43.558Z] [INFO] ✨ Dashboard active at http://0.0.0.0:3244
[2026-08-14T21:38:45.075Z] [ERROR] API error | {"requestId":"780fd6875be0","status":500,"method":"GET","path":"/__boom","userId":null,"error":"ENOENT: open '/srv/secret.json'","stack":"Error: ENOENT: open '/srv/secret.json' ⏎     at /home/user/Discord-v1/scripts/test-errors.js:129:42 ⏎     at Layer.handleRequest (/home/user/Discord-v1/node_modules/router/lib/layer.js:152:17) ⏎     at next (/home/user/Discord-v1/node_modules/router/lib/route.js:157:13) ⏎     at Route.dispatch (/home/user/Discord-v1/node_modules/router/lib/route.js:117:3) ⏎     at handle (/home/user/Discord-v1/node_modules/router/index.js:435:11) ⏎     at Layer.handleRequest (/home/user/Discord-v1/node_modules/router/lib/layer.js:152:17) ⏎     at /home/user/Discord-v1/node_modules/router/index.js:295:15 ⏎     at processParams (/home/user/Discord-v1/node_modules/router/index.js:582:12) ⏎     at next (/home/user/Discord-v1/node_modules/router/index.js:291:5) ⏎     at /home/user/Discord-v1/dashboard/server.js:116:5"}
[2026-08-14T21:38:45.081Z] [ERROR] API error | {"requestId":"203611631c43","status":500,"method":"GET","path":"/__boom-async","userId":null,"error":"internal detail leak","stack":"Error: internal detail leak ⏎     at /home/user/Discord-v1/scripts/test-errors.js:130:54 ⏎     at Layer.handleRequest (/home/user/Discord-v1/node_modules/router/lib/layer.js:152:17) ⏎     at next (/home/user/Discord-v1/node_modules/router/lib/route.js:157:13) ⏎     at Route.dispatch (/home/user/Discord-v1/node_modules/router/lib/route.js:117:3) ⏎     at handle (/home/user/Discord-v1/node_modules/router/index.js:435:11) ⏎     at Layer.handleRequest (/home/user/Discord-v1/node_modules/router/lib/layer.js:152:17) ⏎     at /home/user/Discord-v1/node_modules/router/index.js:295:15 ⏎     at processParams (/home/user/Discord-v1/node_modules/router/index.js:582:12) ⏎     at next (/home/user/Discord-v1/node_modules/router/index.js:291:5) ⏎     at /home/user/Discord-v1/dashboard/server.js:116:5"}
[2026-08-14T21:38:45.083Z] [WARN] API request rejected | {"requestId":"d05d6faa76e6","status":418,"method":"GET","path":"/__boom-api","userId":null,"error":"Deliberate teapot"}
[2026-08-14T21:38:45.443Z] [WARN] SESSION_SECRET is not set — using a random secret for this process only (sessions reset on restart)
[2026-08-14T21:38:45.595Z] [INFO] Dashboard auth: ENFORCED — Discord OAuth required for all API access
[2026-08-14T21:38:45.595Z] [WARN] CLIENT_ID / DISCORD_CLIENT_SECRET not set — OAuth login cannot succeed, so nobody will be able to sign in
[2026-08-14T21:38:45.597Z] [INFO] ✨ Dashboard active at http://0.0.0.0:3255
[2026-08-14T21:39:53.807Z] [WARN] SESSION_SECRET is not set — using a random secret for this process only (sessions reset on restart)
[2026-08-14T21:39:53.954Z] [INFO] Dashboard auth: ENFORCED — Discord OAuth required for all API access
[2026-08-14T21:39:53.955Z] [WARN] CLIENT_ID / DISCORD_CLIENT_SECRET not set — OAuth login cannot succeed, so nobody will be able to sign in
[2026-08-14T21:39:53.957Z] [INFO] ✨ Dashboard active at http://0.0.0.0:3255
[2026-08-14T21:39:56.586Z] [WARN] SESSION_SECRET is not set — using a random secret for this process only (sessions reset on restart)
[2026-08-14T21:39:56.732Z] [INFO] Dashboard auth: ENFORCED — Discord OAuth required for all API access
[2026-08-14T21:39:56.733Z] [WARN] CLIENT_ID / DISCORD_CLIENT_SECRET not set — OAuth login cannot succeed, so nobody will be able to sign in
[2026-08-14T21:39:56.735Z] [INFO] ✨ Dashboard active at http://0.0.0.0:3111
[2026-08-14T21:39:58.648Z] [WARN] SESSION_SECRET is not set — using a random secret for this process only (sessions reset on restart)
[2026-08-14T21:39:58.776Z] [INFO] Dashboard auth: ENFORCED — Discord OAuth required for all API access
[2026-08-14T21:39:58.776Z] [WARN] CLIENT_ID / DISCORD_CLIENT_SECRET not set — OAuth login cannot succeed, so nobody will be able to sign in
[2026-08-14T21:39:58.781Z] [INFO] ✨ Dashboard active at http://0.0.0.0:3122
[2026-08-14T21:40:00.693Z] [WARN] SESSION_SECRET is not set — using a random secret for this process only (sessions reset on restart)
[2026-08-14T21:40:00.817Z] [INFO] Dashboard auth: ENFORCED — Discord OAuth required for all API access
[2026-08-14T21:40:00.817Z] [WARN] CLIENT_ID / DISCORD_CLIENT_SECRET not set — OAuth login cannot succeed, so nobody will be able to sign in
[2026-08-14T21:40:00.822Z] [INFO] ✨ Dashboard active at http://0.0.0.0:3188
[2026-08-14T21:40:02.751Z] [WARN] SESSION_SECRET is not set — using a random secret for this process only (sessions reset on restart)
[2026-08-14T21:40:02.892Z] [INFO] Dashboard auth: ENFORCED — Discord OAuth required for all API access
[2026-08-14T21:40:02.895Z] [INFO] ✨ Dashboard active at http://0.0.0.0:3199
[2026-08-14T21:40:04.813Z] [WARN] SESSION_SECRET is not set — using a random secret for this process only (sessions reset on restart)
[2026-08-14T21:40:04.938Z] [INFO] Dashboard auth: ENFORCED — Discord OAuth required for all API access
[2026-08-14T21:40:04.939Z] [WARN] CLIENT_ID / DISCORD_CLIENT_SECRET not set — OAuth login cannot succeed, so nobody will be able to sign in
[2026-08-14T21:40:04.943Z] [INFO] ✨ Dashboard active at http://0.0.0.0:3202
[2026-08-14T21:40:07.782Z] [WARN] SESSION_SECRET is not set — using a random secret for this process only (sessions reset on restart)
[2026-08-14T21:40:07.919Z] [INFO] Dashboard auth: ENFORCED — Discord OAuth required for all API access
[2026-08-14T21:40:07.920Z] [WARN] CLIENT_ID / DISCORD_CLIENT_SECRET not set — OAuth login cannot succeed, so nobody will be able to sign in
[2026-08-14T21:40:07.922Z] [INFO] ✨ Dashboard active at http://0.0.0.0:3244
[2026-08-14T21:40:09.439Z] [ERROR] API error | {"requestId":"22d2e8ddba30","status":500,"method":"GET","path":"/__boom","userId":null,"error":"ENOENT: open '/srv/secret.json'","stack":"Error: ENOENT: open '/srv/secret.json' ⏎     at /home/user/Discord-v1/scripts/test-errors.js:129:42 ⏎     at Layer.handleRequest (/home/user/Discord-v1/node_modules/router/lib/layer.js:152:17) ⏎     at next (/home/user/Discord-v1/node_modules/router/lib/route.js:157:13) ⏎     at Route.dispatch (/home/user/Discord-v1/node_modules/router/lib/route.js:117:3) ⏎     at handle (/home/user/Discord-v1/node_modules/router/index.js:435:11) ⏎     at Layer.handleRequest (/home/user/Discord-v1/node_modules/router/lib/layer.js:152:17) ⏎     at /home/user/Discord-v1/node_modules/router/index.js:295:15 ⏎     at processParams (/home/user/Discord-v1/node_modules/router/index.js:582:12) ⏎     at next (/home/user/Discord-v1/node_modules/router/index.js:291:5) ⏎     at /home/user/Discord-v1/dashboard/server.js:116:5"}
[2026-08-14T21:40:09.444Z] [ERROR] API error | {"requestId":"6c7ebb8c578c","status":500,"method":"GET","path":"/__boom-async","userId":null,"error":"internal detail leak","stack":"Error: internal detail leak ⏎     at /home/user/Discord-v1/scripts/test-errors.js:130:54 ⏎     at Layer.handleRequest (/home/user/Discord-v1/node_modules/router/lib/layer.js:152:17) ⏎     at next (/home/user/Discord-v1/node_modules/router/lib/route.js:157:13) ⏎     at Route.dispatch (/home/user/Discord-v1/node_modules/router/lib/route.js:117:3) ⏎     at handle (/home/user/Discord-v1/node_modules/router/index.js:435:11) ⏎     at Layer.handleRequest (/home/user/Discord-v1/node_modules/router/lib/layer.js:152:17) ⏎     at /home/user/Discord-v1/node_modules/router/index.js:295:15 ⏎     at processParams (/home/user/Discord-v1/node_modules/router/index.js:582:12) ⏎     at next (/home/user/Discord-v1/node_modules/router/index.js:291:5) ⏎     at /home/user/Discord-v1/dashboard/server.js:116:5"}
[2026-08-14T21:40:09.446Z] [WARN] API request rejected | {"requestId":"f6b2fa701aed","status":418,"method":"GET","path":"/__boom-api","userId":null,"error":"Deliberate teapot"}
[2026-08-14T21:40:09.778Z] [WARN] SESSION_SECRET is not set — using a random secret for this process only (sessions reset on restart)
[2026-08-14T21:40:09.917Z] [INFO] Dashboard auth: ENFORCED — Discord OAuth required for all API access
[2026-08-14T21:40:09.917Z] [WARN] CLIENT_ID / DISCORD_CLIENT_SECRET not set — OAuth login cannot succeed, so nobody will be able to sign in
[2026-08-14T21:40:09.920Z] [INFO] ✨ Dashboard active at http://0.0.0.0:3255
[2026-08-14T21:41:01.903Z] [WARN] SESSION_SECRET is not set — using a random secret for this process only (sessions reset on restart)
[2026-08-14T21:41:02.035Z] [INFO] Dashboard auth: ENFORCED — Discord OAuth required for all API access
[2026-08-14T21:41:02.036Z] [WARN] CLIENT_ID / DISCORD_CLIENT_SECRET not set — OAuth login cannot succeed, so nobody will be able to sign in
[2026-08-14T21:41:02.038Z] [INFO] ✨ Dashboard active at http://0.0.0.0:3111
[2026-08-14T21:41:03.923Z] [WARN] SESSION_SECRET is not set — using a random secret for this process only (sessions reset on restart)
[2026-08-14T21:41:04.041Z] [INFO] Dashboard auth: ENFORCED — Discord OAuth required for all API access
[2026-08-14T21:41:04.041Z] [WARN] CLIENT_ID / DISCORD_CLIENT_SECRET not set — OAuth login cannot succeed, so nobody will be able to sign in
[2026-08-14T21:41:04.046Z] [INFO] ✨ Dashboard active at http://0.0.0.0:3122
[2026-08-14T21:41:05.978Z] [WARN] SESSION_SECRET is not set — using a random secret for this process only (sessions reset on restart)
[2026-08-14T21:41:06.095Z] [INFO] Dashboard auth: ENFORCED — Discord OAuth required for all API access
[2026-08-14T21:41:06.095Z] [WARN] CLIENT_ID / DISCORD_CLIENT_SECRET not set — OAuth login cannot succeed, so nobody will be able to sign in
[2026-08-14T21:41:06.100Z] [INFO] ✨ Dashboard active at http://0.0.0.0:3188
[2026-08-14T21:41:08.008Z] [WARN] SESSION_SECRET is not set — using a random secret for this process only (sessions reset on restart)
[2026-08-14T21:41:08.167Z] [INFO] Dashboard auth: ENFORCED — Discord OAuth required for all API access
[2026-08-14T21:41:08.170Z] [INFO] ✨ Dashboard active at http://0.0.0.0:3199
[2026-08-14T21:41:10.084Z] [WARN] SESSION_SECRET is not set — using a random secret for this process only (sessions reset on restart)
[2026-08-14T21:41:10.241Z] [INFO] Dashboard auth: ENFORCED — Discord OAuth required for all API access
[2026-08-14T21:41:10.241Z] [WARN] CLIENT_ID / DISCORD_CLIENT_SECRET not set — OAuth login cannot succeed, so nobody will be able to sign in
[2026-08-14T21:41:10.246Z] [INFO] ✨ Dashboard active at http://0.0.0.0:3202
[2026-08-14T21:41:13.179Z] [WARN] SESSION_SECRET is not set — using a random secret for this process only (sessions reset on restart)
[2026-08-14T21:41:13.337Z] [INFO] Dashboard auth: ENFORCED — Discord OAuth required for all API access
[2026-08-14T21:41:13.337Z] [WARN] CLIENT_ID / DISCORD_CLIENT_SECRET not set — OAuth login cannot succeed, so nobody will be able to sign in
[2026-08-14T21:41:13.340Z] [INFO] ✨ Dashboard active at http://0.0.0.0:3244
[2026-08-14T21:41:14.858Z] [ERROR] API error | {"requestId":"82cce6f0d64e","status":500,"method":"GET","path":"/__boom","userId":null,"error":"ENOENT: open '/srv/secret.json'","stack":"Error: ENOENT: open '/srv/secret.json' ⏎     at /home/user/Discord-v1/scripts/test-errors.js:129:42 ⏎     at Layer.handleRequest (/home/user/Discord-v1/node_modules/router/lib/layer.js:152:17) ⏎     at next (/home/user/Discord-v1/node_modules/router/lib/route.js:157:13) ⏎     at Route.dispatch (/home/user/Discord-v1/node_modules/router/lib/route.js:117:3) ⏎     at handle (/home/user/Discord-v1/node_modules/router/index.js:435:11) ⏎     at Layer.handleRequest (/home/user/Discord-v1/node_modules/router/lib/layer.js:152:17) ⏎     at /home/user/Discord-v1/node_modules/router/index.js:295:15 ⏎     at processParams (/home/user/Discord-v1/node_modules/router/index.js:582:12) ⏎     at next (/home/user/Discord-v1/node_modules/router/index.js:291:5) ⏎     at /home/user/Discord-v1/dashboard/server.js:116:5"}
[2026-08-14T21:41:14.864Z] [ERROR] API error | {"requestId":"5a74deaf58e0","status":500,"method":"GET","path":"/__boom-async","userId":null,"error":"internal detail leak","stack":"Error: internal detail leak ⏎     at /home/user/Discord-v1/scripts/test-errors.js:130:54 ⏎     at Layer.handleRequest (/home/user/Discord-v1/node_modules/router/lib/layer.js:152:17) ⏎     at next (/home/user/Discord-v1/node_modules/router/lib/route.js:157:13) ⏎     at Route.dispatch (/home/user/Discord-v1/node_modules/router/lib/route.js:117:3) ⏎     at handle (/home/user/Discord-v1/node_modules/router/index.js:435:11) ⏎     at Layer.handleRequest (/home/user/Discord-v1/node_modules/router/lib/layer.js:152:17) ⏎     at /home/user/Discord-v1/node_modules/router/index.js:295:15 ⏎     at processParams (/home/user/Discord-v1/node_modules/router/index.js:582:12) ⏎     at next (/home/user/Discord-v1/node_modules/router/index.js:291:5) ⏎     at /home/user/Discord-v1/dashboard/server.js:116:5"}
[2026-08-14T21:41:14.866Z] [WARN] API request rejected | {"requestId":"bee088b0f28d","status":418,"method":"GET","path":"/__boom-api","userId":null,"error":"Deliberate teapot"}
[2026-08-14T21:41:15.245Z] [WARN] SESSION_SECRET is not set — using a random secret for this process only (sessions reset on restart)
[2026-08-14T21:41:15.391Z] [INFO] Dashboard auth: ENFORCED — Discord OAuth required for all API access
[2026-08-14T21:41:15.392Z] [WARN] CLIENT_ID / DISCORD_CLIENT_SECRET not set — OAuth login cannot succeed, so nobody will be able to sign in
[2026-08-14T21:41:15.394Z] [INFO] ✨ Dashboard active at http://0.0.0.0:3255
[2026-08-14T21:41:17.505Z] [WARN] SESSION_SECRET is not set — using a random secret for this process only (sessions reset on restart)
[2026-08-14T21:41:17.649Z] [INFO] Dashboard auth: ENFORCED — Discord OAuth required for all API access
[2026-08-14T21:41:17.649Z] [WARN] CLIENT_ID / DISCORD_CLIENT_SECRET not set — OAuth login cannot succeed, so nobody will be able to sign in
[2026-08-14T21:41:17.652Z] [INFO] ✨ Dashboard active at http://0.0.0.0:3111
[2026-08-14T21:41:19.536Z] [WARN] SESSION_SECRET is not set — using a random secret for this process only (sessions reset on restart)
[2026-08-14T21:41:19.662Z] [INFO] Dashboard auth: ENFORCED — Discord OAuth required for all API access
[2026-08-14T21:41:19.662Z] [WARN] CLIENT_ID / DISCORD_CLIENT_SECRET not set — OAuth login cannot succeed, so nobody will be able to sign in
[2026-08-14T21:41:19.667Z] [INFO] ✨ Dashboard active at http://0.0.0.0:3122
[2026-08-14T21:41:21.598Z] [WARN] SESSION_SECRET is not set — using a random secret for this process only (sessions reset on restart)
[2026-08-14T21:41:21.738Z] [INFO] Dashboard auth: ENFORCED — Discord OAuth required for all API access
[2026-08-14T21:41:21.738Z] [WARN] CLIENT_ID / DISCORD_CLIENT_SECRET not set — OAuth login cannot succeed, so nobody will be able to sign in
[2026-08-14T21:41:21.743Z] [INFO] ✨ Dashboard active at http://0.0.0.0:3188
[2026-08-14T21:41:23.649Z] [WARN] SESSION_SECRET is not set — using a random secret for this process only (sessions reset on restart)
[2026-08-14T21:41:23.806Z] [INFO] Dashboard auth: ENFORCED — Discord OAuth required for all API access
[2026-08-14T21:41:23.809Z] [INFO] ✨ Dashboard active at http://0.0.0.0:3199
[2026-08-14T21:41:25.690Z] [WARN] SESSION_SECRET is not set — using a random secret for this process only (sessions reset on restart)
[2026-08-14T21:41:25.814Z] [INFO] Dashboard auth: ENFORCED — Discord OAuth required for all API access
[2026-08-14T21:41:25.814Z] [WARN] CLIENT_ID / DISCORD_CLIENT_SECRET not set — OAuth login cannot succeed, so nobody will be able to sign in
[2026-08-14T21:41:25.819Z] [INFO] ✨ Dashboard active at http://0.0.0.0:3202
[2026-08-14T21:41:28.805Z] [WARN] SESSION_SECRET is not set — using a random secret for this process only (sessions reset on restart)
[2026-08-14T21:41:29.002Z] [INFO] Dashboard auth: ENFORCED — Discord OAuth required for all API access
[2026-08-14T21:41:29.002Z] [WARN] CLIENT_ID / DISCORD_CLIENT_SECRET not set — OAuth login cannot succeed, so nobody will be able to sign in
[2026-08-14T21:41:29.005Z] [INFO] ✨ Dashboard active at http://0.0.0.0:3244
[2026-08-14T21:41:30.546Z] [ERROR] API error | {"requestId":"9905afd02765","status":500,"method":"GET","path":"/__boom","userId":null,"error":"ENOENT: open '/srv/secret.json'","stack":"Error: ENOENT: open '/srv/secret.json' ⏎     at /home/user/Discord-v1/scripts/test-errors.js:129:42 ⏎     at Layer.handleRequest (/home/user/Discord-v1/node_modules/router/lib/layer.js:152:17) ⏎     at next (/home/user/Discord-v1/node_modules/router/lib/route.js:157:13) ⏎     at Route.dispatch (/home/user/Discord-v1/node_modules/router/lib/route.js:117:3) ⏎     at handle (/home/user/Discord-v1/node_modules/router/index.js:435:11) ⏎     at Layer.handleRequest (/home/user/Discord-v1/node_modules/router/lib/layer.js:152:17) ⏎     at /home/user/Discord-v1/node_modules/router/index.js:295:15 ⏎     at processParams (/home/user/Discord-v1/node_modules/router/index.js:582:12) ⏎     at next (/home/user/Discord-v1/node_modules/router/index.js:291:5) ⏎     at /home/user/Discord-v1/dashboard/server.js:116:5"}
[2026-08-14T21:41:30.552Z] [ERROR] API error | {"requestId":"5eb620305c0f","status":500,"method":"GET","path":"/__boom-async","userId":null,"error":"internal detail leak","stack":"Error: internal detail leak ⏎     at /home/user/Discord-v1/scripts/test-errors.js:130:54 ⏎     at Layer.handleRequest (/home/user/Discord-v1/node_modules/router/lib/layer.js:152:17) ⏎     at next (/home/user/Discord-v1/node_modules/router/lib/route.js:157:13) ⏎     at Route.dispatch (/home/user/Discord-v1/node_modules/router/lib/route.js:117:3) ⏎     at handle (/home/user/Discord-v1/node_modules/router/index.js:435:11) ⏎     at Layer.handleRequest (/home/user/Discord-v1/node_modules/router/lib/layer.js:152:17) ⏎     at /home/user/Discord-v1/node_modules/router/index.js:295:15 ⏎     at processParams (/home/user/Discord-v1/node_modules/router/index.js:582:12) ⏎     at next (/home/user/Discord-v1/node_modules/router/index.js:291:5) ⏎     at /home/user/Discord-v1/dashboard/server.js:116:5"}
[2026-08-14T21:41:30.554Z] [WARN] API request rejected | {"requestId":"1cae175ae948","status":418,"method":"GET","path":"/__boom-api","userId":null,"error":"Deliberate teapot"}
[2026-08-14T21:41:31.002Z] [WARN] SESSION_SECRET is not set — using a random secret for this process only (sessions reset on restart)
[2026-08-14T21:41:31.203Z] [INFO] Dashboard auth: ENFORCED — Discord OAuth required for all API access
[2026-08-14T21:41:31.203Z] [WARN] CLIENT_ID / DISCORD_CLIENT_SECRET not set — OAuth login cannot succeed, so nobody will be able to sign in
[2026-08-14T21:41:31.207Z] [INFO] ✨ Dashboard active at http://0.0.0.0:3255
[2026-08-14T21:48:23.976Z] [WARN] SESSION_SECRET is not set — using a random secret for this process only (sessions reset on restart)
[2026-08-14T21:48:24.118Z] [INFO] Dashboard auth: ENFORCED — Discord OAuth required for all API access
[2026-08-14T21:48:24.118Z] [WARN] CLIENT_ID / DISCORD_CLIENT_SECRET not set — OAuth login cannot succeed, so nobody will be able to sign in
[2026-08-14T21:48:24.120Z] [INFO] ✨ Dashboard active at http://0.0.0.0:3111
[2026-08-14T21:48:26.004Z] [WARN] SESSION_SECRET is not set — using a random secret for this process only (sessions reset on restart)
[2026-08-14T21:48:26.124Z] [INFO] Dashboard auth: ENFORCED — Discord OAuth required for all API access
[2026-08-14T21:48:26.124Z] [WARN] CLIENT_ID / DISCORD_CLIENT_SECRET not set — OAuth login cannot succeed, so nobody will be able to sign in
[2026-08-14T21:48:26.128Z] [INFO] ✨ Dashboard active at http://0.0.0.0:3122
[2026-08-14T21:48:28.040Z] [WARN] SESSION_SECRET is not set — using a random secret for this process only (sessions reset on restart)
[2026-08-14T21:48:28.162Z] [INFO] Dashboard auth: ENFORCED — Discord OAuth required for all API access
[2026-08-14T21:48:28.162Z] [WARN] CLIENT_ID / DISCORD_CLIENT_SECRET not set — OAuth login cannot succeed, so nobody will be able to sign in
[2026-08-14T21:48:28.167Z] [INFO] ✨ Dashboard active at http://0.0.0.0:3188
[2026-08-14T21:48:30.056Z] [WARN] SESSION_SECRET is not set — using a random secret for this process only (sessions reset on restart)
[2026-08-14T21:48:30.190Z] [INFO] Dashboard auth: ENFORCED — Discord OAuth required for all API access
[2026-08-14T21:48:30.192Z] [INFO] ✨ Dashboard active at http://0.0.0.0:3199
[2026-08-14T21:48:32.088Z] [WARN] SESSION_SECRET is not set — using a random secret for this process only (sessions reset on restart)
[2026-08-14T21:48:32.214Z] [INFO] Dashboard auth: ENFORCED — Discord OAuth required for all API access
[2026-08-14T21:48:32.215Z] [WARN] CLIENT_ID / DISCORD_CLIENT_SECRET not set — OAuth login cannot succeed, so nobody will be able to sign in
[2026-08-14T21:48:32.219Z] [INFO] ✨ Dashboard active at http://0.0.0.0:3202
[2026-08-14T21:48:35.305Z] [WARN] SESSION_SECRET is not set — using a random secret for this process only (sessions reset on restart)
[2026-08-14T21:48:35.456Z] [INFO] Dashboard auth: ENFORCED — Discord OAuth required for all API access
[2026-08-14T21:48:35.456Z] [WARN] CLIENT_ID / DISCORD_CLIENT_SECRET not set — OAuth login cannot succeed, so nobody will be able to sign in
[2026-08-14T21:48:35.458Z] [INFO] ✨ Dashboard active at http://0.0.0.0:3244
[2026-08-14T21:48:36.975Z] [ERROR] API error | {"requestId":"27090bbd55de","status":500,"method":"GET","path":"/__boom","userId":null,"error":"ENOENT: open '/srv/secret.json'","stack":"Error: ENOENT: open '/srv/secret.json' ⏎     at /home/user/Discord-v1/scripts/test-errors.js:129:42 ⏎     at Layer.handleRequest (/home/user/Discord-v1/node_modules/router/lib/layer.js:152:17) ⏎     at next (/home/user/Discord-v1/node_modules/router/lib/route.js:157:13) ⏎     at Route.dispatch (/home/user/Discord-v1/node_modules/router/lib/route.js:117:3) ⏎     at handle (/home/user/Discord-v1/node_modules/router/index.js:435:11) ⏎     at Layer.handleRequest (/home/user/Discord-v1/node_modules/router/lib/layer.js:152:17) ⏎     at /home/user/Discord-v1/node_modules/router/index.js:295:15 ⏎     at processParams (/home/user/Discord-v1/node_modules/router/index.js:582:12) ⏎     at next (/home/user/Discord-v1/node_modules/router/index.js:291:5) ⏎     at /home/user/Discord-v1/dashboard/server.js:116:5"}
[2026-08-14T21:48:36.980Z] [ERROR] API error | {"requestId":"208d043947f9","status":500,"method":"GET","path":"/__boom-async","userId":null,"error":"internal detail leak","stack":"Error: internal detail leak ⏎     at /home/user/Discord-v1/scripts/test-errors.js:130:54 ⏎     at Layer.handleRequest (/home/user/Discord-v1/node_modules/router/lib/layer.js:152:17) ⏎     at next (/home/user/Discord-v1/node_modules/router/lib/route.js:157:13) ⏎     at Route.dispatch (/home/user/Discord-v1/node_modules/router/lib/route.js:117:3) ⏎     at handle (/home/user/Discord-v1/node_modules/router/index.js:435:11) ⏎     at Layer.handleRequest (/home/user/Discord-v1/node_modules/router/lib/layer.js:152:17) ⏎     at /home/user/Discord-v1/node_modules/router/index.js:295:15 ⏎     at processParams (/home/user/Discord-v1/node_modules/router/index.js:582:12) ⏎     at next (/home/user/Discord-v1/node_modules/router/index.js:291:5) ⏎     at /home/user/Discord-v1/dashboard/server.js:116:5"}
[2026-08-14T21:48:36.982Z] [WARN] API request rejected | {"requestId":"4b086b312812","status":418,"method":"GET","path":"/__boom-api","userId":null,"error":"Deliberate teapot"}
[2026-08-14T21:48:37.334Z] [WARN] SESSION_SECRET is not set — using a random secret for this process only (sessions reset on restart)
[2026-08-14T21:48:37.485Z] [INFO] Dashboard auth: ENFORCED — Discord OAuth required for all API access
[2026-08-14T21:48:37.485Z] [WARN] CLIENT_ID / DISCORD_CLIENT_SECRET not set — OAuth login cannot succeed, so nobody will be able to sign in
[2026-08-14T21:48:37.488Z] [INFO] ✨ Dashboard active at http://0.0.0.0:3255
[2026-08-14T21:53:14.699Z] [WARN] SESSION_SECRET is not set — using a random secret for this process only (sessions reset on restart)
[2026-08-14T21:53:14.864Z] [INFO] Dashboard auth: ENFORCED — Discord OAuth required for all API access
[2026-08-14T21:53:14.864Z] [WARN] CLIENT_ID / DISCORD_CLIENT_SECRET not set — OAuth login cannot succeed, so nobody will be able to sign in
[2026-08-14T21:53:14.866Z] [INFO] ✨ Dashboard active at http://0.0.0.0:3111
[2026-08-14T21:53:16.787Z] [WARN] SESSION_SECRET is not set — using a random secret for this process only (sessions reset on restart)
[2026-08-14T21:53:16.910Z] [INFO] Dashboard auth: ENFORCED — Discord OAuth required for all API access
[2026-08-14T21:53:16.910Z] [WARN] CLIENT_ID / DISCORD_CLIENT_SECRET not set — OAuth login cannot succeed, so nobody will be able to sign in
[2026-08-14T21:53:16.915Z] [INFO] ✨ Dashboard active at http://0.0.0.0:3122
[2026-08-14T21:53:18.906Z] [WARN] SESSION_SECRET is not set — using a random secret for this process only (sessions reset on restart)
[2026-08-14T21:53:19.034Z] [INFO] Dashboard auth: ENFORCED — Discord OAuth required for all API access
[2026-08-14T21:53:19.035Z] [WARN] CLIENT_ID / DISCORD_CLIENT_SECRET not set — OAuth login cannot succeed, so nobody will be able to sign in
[2026-08-14T21:53:19.039Z] [INFO] ✨ Dashboard active at http://0.0.0.0:3188
[2026-08-14T21:53:20.978Z] [WARN] SESSION_SECRET is not set — using a random secret for this process only (sessions reset on restart)
[2026-08-14T21:53:21.123Z] [INFO] Dashboard auth: ENFORCED — Discord OAuth required for all API access
[2026-08-14T21:53:21.126Z] [INFO] ✨ Dashboard active at http://0.0.0.0:3199
[2026-08-14T21:53:23.043Z] [WARN] SESSION_SECRET is not set — using a random secret for this process only (sessions reset on restart)
[2026-08-14T21:53:23.165Z] [INFO] Dashboard auth: ENFORCED — Discord OAuth required for all API access
[2026-08-14T21:53:23.166Z] [WARN] CLIENT_ID / DISCORD_CLIENT_SECRET not set — OAuth login cannot succeed, so nobody will be able to sign in
[2026-08-14T21:53:23.172Z] [INFO] ✨ Dashboard active at http://0.0.0.0:3202
[2026-08-14T21:53:26.205Z] [WARN] SESSION_SECRET is not set — using a random secret for this process only (sessions reset on restart)
[2026-08-14T21:53:26.399Z] [INFO] Dashboard auth: ENFORCED — Discord OAuth required for all API access
[2026-08-14T21:53:26.399Z] [WARN] CLIENT_ID / DISCORD_CLIENT_SECRET not set — OAuth login cannot succeed, so nobody will be able to sign in
[2026-08-14T21:53:26.403Z] [INFO] ✨ Dashboard active at http://0.0.0.0:3244
[2026-08-14T21:53:27.918Z] [ERROR] API error | {"requestId":"ed85a0176038","status":500,"method":"GET","path":"/__boom","userId":null,"error":"ENOENT: open '/srv/secret.json'","stack":"Error: ENOENT: open '/srv/secret.json' ⏎     at /home/user/Discord-v1/tests/security/errors.test.js:129:42 ⏎     at Layer.handleRequest (/home/user/Discord-v1/node_modules/router/lib/layer.js:152:17) ⏎     at next (/home/user/Discord-v1/node_modules/router/lib/route.js:157:13) ⏎     at Route.dispatch (/home/user/Discord-v1/node_modules/router/lib/route.js:117:3) ⏎     at handle (/home/user/Discord-v1/node_modules/router/index.js:435:11) ⏎     at Layer.handleRequest (/home/user/Discord-v1/node_modules/router/lib/layer.js:152:17) ⏎     at /home/user/Discord-v1/node_modules/router/index.js:295:15 ⏎     at processParams (/home/user/Discord-v1/node_modules/router/index.js:582:12) ⏎     at next (/home/user/Discord-v1/node_modules/router/index.js:291:5) ⏎     at /home/user/Discord-v1/dashboard/server.js:116:5"}
[2026-08-14T21:53:27.924Z] [ERROR] API error | {"requestId":"57089c433bce","status":500,"method":"GET","path":"/__boom-async","userId":null,"error":"internal detail leak","stack":"Error: internal detail leak ⏎     at /home/user/Discord-v1/tests/security/errors.test.js:130:54 ⏎     at Layer.handleRequest (/home/user/Discord-v1/node_modules/router/lib/layer.js:152:17) ⏎     at next (/home/user/Discord-v1/node_modules/router/lib/route.js:157:13) ⏎     at Route.dispatch (/home/user/Discord-v1/node_modules/router/lib/route.js:117:3) ⏎     at handle (/home/user/Discord-v1/node_modules/router/index.js:435:11) ⏎     at Layer.handleRequest (/home/user/Discord-v1/node_modules/router/lib/layer.js:152:17) ⏎     at /home/user/Discord-v1/node_modules/router/index.js:295:15 ⏎     at processParams (/home/user/Discord-v1/node_modules/router/index.js:582:12) ⏎     at next (/home/user/Discord-v1/node_modules/router/index.js:291:5) ⏎     at /home/user/Discord-v1/dashboard/server.js:116:5"}
[2026-08-14T21:53:27.926Z] [WARN] API request rejected | {"requestId":"397e05adba7d","status":418,"method":"GET","path":"/__boom-api","userId":null,"error":"Deliberate teapot"}
[2026-08-14T21:53:28.310Z] [WARN] SESSION_SECRET is not set — using a random secret for this process only (sessions reset on restart)
[2026-08-14T21:53:28.470Z] [INFO] Dashboard auth: ENFORCED — Discord OAuth required for all API access
[2026-08-14T21:53:28.470Z] [WARN] CLIENT_ID / DISCORD_CLIENT_SECRET not set — OAuth login cannot succeed, so nobody will be able to sign in
[2026-08-14T21:53:28.473Z] [INFO] ✨ Dashboard active at http://0.0.0.0:3255
[2026-08-14T21:53:31.257Z] [WARN] SESSION_SECRET is not set — using a random secret for this process only (sessions reset on restart)
[2026-08-14T21:53:31.413Z] [INFO] Dashboard auth: ENFORCED — Discord OAuth required for all API access
[2026-08-14T21:53:31.413Z] [WARN] CLIENT_ID / DISCORD_CLIENT_SECRET not set — OAuth login cannot succeed, so nobody will be able to sign in
[2026-08-14T21:53:31.416Z] [INFO] ✨ Dashboard active at http://0.0.0.0:3111
[2026-08-14T21:53:33.329Z] [WARN] SESSION_SECRET is not set — using a random secret for this process only (sessions reset on restart)
[2026-08-14T21:53:33.453Z] [INFO] Dashboard auth: ENFORCED — Discord OAuth required for all API access
[2026-08-14T21:53:33.454Z] [WARN] CLIENT_ID / DISCORD_CLIENT_SECRET not set — OAuth login cannot succeed, so nobody will be able to sign in
[2026-08-14T21:53:33.458Z] [INFO] ✨ Dashboard active at http://0.0.0.0:3122
[2026-08-14T21:53:35.371Z] [WARN] SESSION_SECRET is not set — using a random secret for this process only (sessions reset on restart)
[2026-08-14T21:53:35.491Z] [INFO] Dashboard auth: ENFORCED — Discord OAuth required for all API access
[2026-08-14T21:53:35.491Z] [WARN] CLIENT_ID / DISCORD_CLIENT_SECRET not set — OAuth login cannot succeed, so nobody will be able to sign in
[2026-08-14T21:53:35.495Z] [INFO] ✨ Dashboard active at http://0.0.0.0:3188
[2026-08-14T21:53:37.401Z] [WARN] SESSION_SECRET is not set — using a random secret for this process only (sessions reset on restart)
[2026-08-14T21:53:37.545Z] [INFO] Dashboard auth: ENFORCED — Discord OAuth required for all API access
[2026-08-14T21:53:37.547Z] [INFO] ✨ Dashboard active at http://0.0.0.0:3199
[2026-08-14T21:53:39.518Z] [WARN] SESSION_SECRET is not set — using a random secret for this process only (sessions reset on restart)
[2026-08-14T21:53:39.639Z] [INFO] Dashboard auth: ENFORCED — Discord OAuth required for all API access
[2026-08-14T21:53:39.639Z] [WARN] CLIENT_ID / DISCORD_CLIENT_SECRET not set — OAuth login cannot succeed, so nobody will be able to sign in
[2026-08-14T21:53:39.648Z] [INFO] ✨ Dashboard active at http://0.0.0.0:3202
[2026-08-14T21:53:42.546Z] [WARN] SESSION_SECRET is not set — using a random secret for this process only (sessions reset on restart)
[2026-08-14T21:53:42.692Z] [INFO] Dashboard auth: ENFORCED — Discord OAuth required for all API access
[2026-08-14T21:53:42.692Z] [WARN] CLIENT_ID / DISCORD_CLIENT_SECRET not set — OAuth login cannot succeed, so nobody will be able to sign in
[2026-08-14T21:53:42.695Z] [INFO] ✨ Dashboard active at http://0.0.0.0:3244
[2026-08-14T21:53:44.215Z] [ERROR] API error | {"requestId":"87485089e47f","status":500,"method":"GET","path":"/__boom","userId":null,"error":"ENOENT: open '/srv/secret.json'","stack":"Error: ENOENT: open '/srv/secret.json' ⏎     at /home/user/Discord-v1/tests/security/errors.test.js:129:42 ⏎     at Layer.handleRequest (/home/user/Discord-v1/node_modules/router/lib/layer.js:152:17) ⏎     at next (/home/user/Discord-v1/node_modules/router/lib/route.js:157:13) ⏎     at Route.dispatch (/home/user/Discord-v1/node_modules/router/lib/route.js:117:3) ⏎     at handle (/home/user/Discord-v1/node_modules/router/index.js:435:11) ⏎     at Layer.handleRequest (/home/user/Discord-v1/node_modules/router/lib/layer.js:152:17) ⏎     at /home/user/Discord-v1/node_modules/router/index.js:295:15 ⏎     at processParams (/home/user/Discord-v1/node_modules/router/index.js:582:12) ⏎     at next (/home/user/Discord-v1/node_modules/router/index.js:291:5) ⏎     at /home/user/Discord-v1/dashboard/server.js:116:5"}
[2026-08-14T21:53:44.221Z] [ERROR] API error | {"requestId":"904c82a445b5","status":500,"method":"GET","path":"/__boom-async","userId":null,"error":"internal detail leak","stack":"Error: internal detail leak ⏎     at /home/user/Discord-v1/tests/security/errors.test.js:130:54 ⏎     at Layer.handleRequest (/home/user/Discord-v1/node_modules/router/lib/layer.js:152:17) ⏎     at next (/home/user/Discord-v1/node_modules/router/lib/route.js:157:13) ⏎     at Route.dispatch (/home/user/Discord-v1/node_modules/router/lib/route.js:117:3) ⏎     at handle (/home/user/Discord-v1/node_modules/router/index.js:435:11) ⏎     at Layer.handleRequest (/home/user/Discord-v1/node_modules/router/lib/layer.js:152:17) ⏎     at /home/user/Discord-v1/node_modules/router/index.js:295:15 ⏎     at processParams (/home/user/Discord-v1/node_modules/router/index.js:582:12) ⏎     at next (/home/user/Discord-v1/node_modules/router/index.js:291:5) ⏎     at /home/user/Discord-v1/dashboard/server.js:116:5"}
[2026-08-14T21:53:44.224Z] [WARN] API request rejected | {"requestId":"89586556168c","status":418,"method":"GET","path":"/__boom-api","userId":null,"error":"Deliberate teapot"}
[2026-08-14T21:53:44.563Z] [WARN] SESSION_SECRET is not set — using a random secret for this process only (sessions reset on restart)
[2026-08-14T21:53:44.713Z] [INFO] Dashboard auth: ENFORCED — Discord OAuth required for all API access
[2026-08-14T21:53:44.713Z] [WARN] CLIENT_ID / DISCORD_CLIENT_SECRET not set — OAuth login cannot succeed, so nobody will be able to sign in
[2026-08-14T21:53:44.716Z] [INFO] ✨ Dashboard active at http://0.0.0.0:3255
[2026-08-14T21:54:19.919Z] [WARN] SESSION_SECRET is not set — using a random secret for this process only (sessions reset on restart)
[2026-08-14T21:54:20.064Z] [INFO] Dashboard auth: ENFORCED — Discord OAuth required for all API access
[2026-08-14T21:54:20.065Z] [WARN] CLIENT_ID / DISCORD_CLIENT_SECRET not set — OAuth login cannot succeed, so nobody will be able to sign in
[2026-08-14T21:54:20.067Z] [INFO] ✨ Dashboard active at http://0.0.0.0:3111
[2026-08-14T21:54:22.010Z] [WARN] SESSION_SECRET is not set — using a random secret for this process only (sessions reset on restart)
[2026-08-14T21:54:22.131Z] [INFO] Dashboard auth: ENFORCED — Discord OAuth required for all API access
[2026-08-14T21:54:22.131Z] [WARN] CLIENT_ID / DISCORD_CLIENT_SECRET not set — OAuth login cannot succeed, so nobody will be able to sign in
[2026-08-14T21:54:22.136Z] [INFO] ✨ Dashboard active at http://0.0.0.0:3122
[2026-08-14T21:54:24.034Z] [WARN] SESSION_SECRET is not set — using a random secret for this process only (sessions reset on restart)
[2026-08-14T21:54:24.156Z] [INFO] Dashboard auth: ENFORCED — Discord OAuth required for all API access
[2026-08-14T21:54:24.156Z] [WARN] CLIENT_ID / DISCORD_CLIENT_SECRET not set — OAuth login cannot succeed, so nobody will be able to sign in
[2026-08-14T21:54:24.160Z] [INFO] ✨ Dashboard active at http://0.0.0.0:3188
[2026-08-14T21:54:26.044Z] [WARN] SESSION_SECRET is not set — using a random secret for this process only (sessions reset on restart)
[2026-08-14T21:54:26.182Z] [INFO] Dashboard auth: ENFORCED — Discord OAuth required for all API access
[2026-08-14T21:54:26.185Z] [INFO] ✨ Dashboard active at http://0.0.0.0:3199
[2026-08-14T21:54:28.077Z] [WARN] SESSION_SECRET is not set — using a random secret for this process only (sessions reset on restart)
[2026-08-14T21:54:28.199Z] [INFO] Dashboard auth: ENFORCED — Discord OAuth required for all API access
[2026-08-14T21:54:28.199Z] [WARN] CLIENT_ID / DISCORD_CLIENT_SECRET not set — OAuth login cannot succeed, so nobody will be able to sign in
[2026-08-14T21:54:28.204Z] [INFO] ✨ Dashboard active at http://0.0.0.0:3202
[2026-08-14T21:54:31.132Z] [WARN] SESSION_SECRET is not set — using a random secret for this process only (sessions reset on restart)
[2026-08-14T21:54:31.279Z] [INFO] Dashboard auth: ENFORCED — Discord OAuth required for all API access
[2026-08-14T21:54:31.279Z] [WARN] CLIENT_ID / DISCORD_CLIENT_SECRET not set — OAuth login cannot succeed, so nobody will be able to sign in
[2026-08-14T21:54:31.283Z] [INFO] ✨ Dashboard active at http://0.0.0.0:3244
[2026-08-14T21:54:32.799Z] [ERROR] API error | {"requestId":"e05d5a3d3b97","status":500,"method":"GET","path":"/__boom","userId":null,"error":"ENOENT: open '/srv/secret.json'","stack":"Error: ENOENT: open '/srv/secret.json' ⏎     at /home/user/Discord-v1/tests/security/errors.test.js:129:42 ⏎     at Layer.handleRequest (/home/user/Discord-v1/node_modules/router/lib/layer.js:152:17) ⏎     at next (/home/user/Discord-v1/node_modules/router/lib/route.js:157:13) ⏎     at Route.dispatch (/home/user/Discord-v1/node_modules/router/lib/route.js:117:3) ⏎     at handle (/home/user/Discord-v1/node_modules/router/index.js:435:11) ⏎     at Layer.handleRequest (/home/user/Discord-v1/node_modules/router/lib/layer.js:152:17) ⏎     at /home/user/Discord-v1/node_modules/router/index.js:295:15 ⏎     at processParams (/home/user/Discord-v1/node_modules/router/index.js:582:12) ⏎     at next (/home/user/Discord-v1/node_modules/router/index.js:291:5) ⏎     at /home/user/Discord-v1/dashboard/server.js:116:5"}
[2026-08-14T21:54:32.804Z] [ERROR] API error | {"requestId":"a9ce76219a98","status":500,"method":"GET","path":"/__boom-async","userId":null,"error":"internal detail leak","stack":"Error: internal detail leak ⏎     at /home/user/Discord-v1/tests/security/errors.test.js:130:54 ⏎     at Layer.handleRequest (/home/user/Discord-v1/node_modules/router/lib/layer.js:152:17) ⏎     at next (/home/user/Discord-v1/node_modules/router/lib/route.js:157:13) ⏎     at Route.dispatch (/home/user/Discord-v1/node_modules/router/lib/route.js:117:3) ⏎     at handle (/home/user/Discord-v1/node_modules/router/index.js:435:11) ⏎     at Layer.handleRequest (/home/user/Discord-v1/node_modules/router/lib/layer.js:152:17) ⏎     at /home/user/Discord-v1/node_modules/router/index.js:295:15 ⏎     at processParams (/home/user/Discord-v1/node_modules/router/index.js:582:12) ⏎     at next (/home/user/Discord-v1/node_modules/router/index.js:291:5) ⏎     at /home/user/Discord-v1/dashboard/server.js:116:5"}
[2026-08-14T21:54:32.806Z] [WARN] API request rejected | {"requestId":"c2543c924c72","status":418,"method":"GET","path":"/__boom-api","userId":null,"error":"Deliberate teapot"}
[2026-08-14T21:54:33.164Z] [WARN] SESSION_SECRET is not set — using a random secret for this process only (sessions reset on restart)
[2026-08-14T21:54:33.298Z] [INFO] Dashboard auth: ENFORCED — Discord OAuth required for all API access
[2026-08-14T21:54:33.298Z] [WARN] CLIENT_ID / DISCORD_CLIENT_SECRET not set — OAuth login cannot succeed, so nobody will be able to sign in
[2026-08-14T21:54:33.301Z] [INFO] ✨ Dashboard active at http://0.0.0.0:3255
[2026-08-14T21:54:35.390Z] [WARN] SESSION_SECRET is not set — using a random secret for this process only (sessions reset on restart)
[2026-08-14T21:54:35.535Z] [INFO] Dashboard auth: ENFORCED — Discord OAuth required for all API access
[2026-08-14T21:54:35.535Z] [WARN] CLIENT_ID / DISCORD_CLIENT_SECRET not set — OAuth login cannot succeed, so nobody will be able to sign in
[2026-08-14T21:54:35.539Z] [INFO] ✨ Dashboard active at http://0.0.0.0:3111
[2026-08-14T21:54:37.440Z] [WARN] SESSION_SECRET is not set — using a random secret for this process only (sessions reset on restart)
[2026-08-14T21:54:37.560Z] [INFO] Dashboard auth: ENFORCED — Discord OAuth required for all API access
[2026-08-14T21:54:37.561Z] [WARN] CLIENT_ID / DISCORD_CLIENT_SECRET not set — OAuth login cannot succeed, so nobody will be able to sign in
[2026-08-14T21:54:37.565Z] [INFO] ✨ Dashboard active at http://0.0.0.0:3122
[2026-08-14T21:54:39.502Z] [WARN] SESSION_SECRET is not set — using a random secret for this process only (sessions reset on restart)
[2026-08-14T21:54:39.624Z] [INFO] Dashboard auth: ENFORCED — Discord OAuth required for all API access
[2026-08-14T21:54:39.624Z] [WARN] CLIENT_ID / DISCORD_CLIENT_SECRET not set — OAuth login cannot succeed, so nobody will be able to sign in
[2026-08-14T21:54:39.629Z] [INFO] ✨ Dashboard active at http://0.0.0.0:3188
[2026-08-14T21:54:41.552Z] [WARN] SESSION_SECRET is not set — using a random secret for this process only (sessions reset on restart)
[2026-08-14T21:54:41.693Z] [INFO] Dashboard auth: ENFORCED — Discord OAuth required for all API access
[2026-08-14T21:54:41.696Z] [INFO] ✨ Dashboard active at http://0.0.0.0:3199
[2026-08-14T21:54:43.576Z] [WARN] SESSION_SECRET is not set — using a random secret for this process only (sessions reset on restart)
[2026-08-14T21:54:43.700Z] [INFO] Dashboard auth: ENFORCED — Discord OAuth required for all API access
[2026-08-14T21:54:43.701Z] [WARN] CLIENT_ID / DISCORD_CLIENT_SECRET not set — OAuth login cannot succeed, so nobody will be able to sign in
[2026-08-14T21:54:43.705Z] [INFO] ✨ Dashboard active at http://0.0.0.0:3202
[2026-08-14T21:54:46.565Z] [WARN] SESSION_SECRET is not set — using a random secret for this process only (sessions reset on restart)
[2026-08-14T21:54:46.706Z] [INFO] Dashboard auth: ENFORCED — Discord OAuth required for all API access
[2026-08-14T21:54:46.706Z] [WARN] CLIENT_ID / DISCORD_CLIENT_SECRET not set — OAuth login cannot succeed, so nobody will be able to sign in
[2026-08-14T21:54:46.709Z] [INFO] ✨ Dashboard active at http://0.0.0.0:3244
[2026-08-14T21:54:48.226Z] [ERROR] API error | {"requestId":"72e56204a01e","status":500,"method":"GET","path":"/__boom","userId":null,"error":"ENOENT: open '/srv/secret.json'","stack":"Error: ENOENT: open '/srv/secret.json' ⏎     at /home/user/Discord-v1/tests/security/errors.test.js:129:42 ⏎     at Layer.handleRequest (/home/user/Discord-v1/node_modules/router/lib/layer.js:152:17) ⏎     at next (/home/user/Discord-v1/node_modules/router/lib/route.js:157:13) ⏎     at Route.dispatch (/home/user/Discord-v1/node_modules/router/lib/route.js:117:3) ⏎     at handle (/home/user/Discord-v1/node_modules/router/index.js:435:11) ⏎     at Layer.handleRequest (/home/user/Discord-v1/node_modules/router/lib/layer.js:152:17) ⏎     at /home/user/Discord-v1/node_modules/router/index.js:295:15 ⏎     at processParams (/home/user/Discord-v1/node_modules/router/index.js:582:12) ⏎     at next (/home/user/Discord-v1/node_modules/router/index.js:291:5) ⏎     at /home/user/Discord-v1/dashboard/server.js:116:5"}
[2026-08-14T21:54:48.232Z] [ERROR] API error | {"requestId":"7bb096c86536","status":500,"method":"GET","path":"/__boom-async","userId":null,"error":"internal detail leak","stack":"Error: internal detail leak ⏎     at /home/user/Discord-v1/tests/security/errors.test.js:130:54 ⏎     at Layer.handleRequest (/home/user/Discord-v1/node_modules/router/lib/layer.js:152:17) ⏎     at next (/home/user/Discord-v1/node_modules/router/lib/route.js:157:13) ⏎     at Route.dispatch (/home/user/Discord-v1/node_modules/router/lib/route.js:117:3) ⏎     at handle (/home/user/Discord-v1/node_modules/router/index.js:435:11) ⏎     at Layer.handleRequest (/home/user/Discord-v1/node_modules/router/lib/layer.js:152:17) ⏎     at /home/user/Discord-v1/node_modules/router/index.js:295:15 ⏎     at processParams (/home/user/Discord-v1/node_modules/router/index.js:582:12) ⏎     at next (/home/user/Discord-v1/node_modules/router/index.js:291:5) ⏎     at /home/user/Discord-v1/dashboard/server.js:116:5"}
[2026-08-14T21:54:48.234Z] [WARN] API request rejected | {"requestId":"e4752934ce01","status":418,"method":"GET","path":"/__boom-api","userId":null,"error":"Deliberate teapot"}
[2026-08-14T21:54:48.580Z] [WARN] SESSION_SECRET is not set — using a random secret for this process only (sessions reset on restart)
[2026-08-14T21:54:48.724Z] [INFO] Dashboard auth: ENFORCED — Discord OAuth required for all API access
[2026-08-14T21:54:48.724Z] [WARN] CLIENT_ID / DISCORD_CLIENT_SECRET not set — OAuth login cannot succeed, so nobody will be able to sign in
[2026-08-14T21:54:48.726Z] [INFO] ✨ Dashboard active at http://0.0.0.0:3255
[2026-08-14T21:56:28.463Z] [WARN] SESSION_SECRET is not set — using a random secret for this process only (sessions reset on restart)
[2026-08-14T21:56:28.612Z] [INFO] Dashboard auth: ENFORCED — Discord OAuth required for all API access
[2026-08-14T21:56:28.612Z] [WARN] CLIENT_ID / DISCORD_CLIENT_SECRET not set — OAuth login cannot succeed, so nobody will be able to sign in
[2026-08-14T21:56:28.614Z] [INFO] ✨ Dashboard active at http://0.0.0.0:3111
[2026-08-14T21:56:30.555Z] [WARN] SESSION_SECRET is not set — using a random secret for this process only (sessions reset on restart)
[2026-08-14T21:56:30.680Z] [INFO] Dashboard auth: ENFORCED — Discord OAuth required for all API access
[2026-08-14T21:56:30.680Z] [WARN] CLIENT_ID / DISCORD_CLIENT_SECRET not set — OAuth login cannot succeed, so nobody will be able to sign in
[2026-08-14T21:56:30.685Z] [INFO] ✨ Dashboard active at http://0.0.0.0:3122
[2026-08-14T21:56:32.623Z] [WARN] SESSION_SECRET is not set — using a random secret for this process only (sessions reset on restart)
[2026-08-14T21:56:32.756Z] [INFO] Dashboard auth: ENFORCED — Discord OAuth required for all API access
[2026-08-14T21:56:32.756Z] [WARN] CLIENT_ID / DISCORD_CLIENT_SECRET not set — OAuth login cannot succeed, so nobody will be able to sign in
[2026-08-14T21:56:32.761Z] [INFO] ✨ Dashboard active at http://0.0.0.0:3188
[2026-08-14T21:56:34.648Z] [WARN] SESSION_SECRET is not set — using a random secret for this process only (sessions reset on restart)
[2026-08-14T21:56:34.804Z] [INFO] Dashboard auth: ENFORCED — Discord OAuth required for all API access
[2026-08-14T21:56:34.807Z] [INFO] ✨ Dashboard active at http://0.0.0.0:3199
[2026-08-14T21:56:36.712Z] [WARN] SESSION_SECRET is not set — using a random secret for this process only (sessions reset on restart)
[2026-08-14T21:56:36.842Z] [INFO] Dashboard auth: ENFORCED — Discord OAuth required for all API access
[2026-08-14T21:56:36.843Z] [WARN] CLIENT_ID / DISCORD_CLIENT_SECRET not set — OAuth login cannot succeed, so nobody will be able to sign in
[2026-08-14T21:56:36.847Z] [INFO] ✨ Dashboard active at http://0.0.0.0:3202
[2026-08-14T21:56:39.736Z] [WARN] SESSION_SECRET is not set — using a random secret for this process only (sessions reset on restart)
[2026-08-14T21:56:39.886Z] [INFO] Dashboard auth: ENFORCED — Discord OAuth required for all API access
[2026-08-14T21:56:39.886Z] [WARN] CLIENT_ID / DISCORD_CLIENT_SECRET not set — OAuth login cannot succeed, so nobody will be able to sign in
[2026-08-14T21:56:39.889Z] [INFO] ✨ Dashboard active at http://0.0.0.0:3244
[2026-08-14T21:56:41.407Z] [ERROR] API error | {"requestId":"5e6a6d665063","status":500,"method":"GET","path":"/__boom","userId":null,"error":"ENOENT: open '/srv/secret.json'","stack":"Error: ENOENT: open '/srv/secret.json' ⏎     at /home/user/Discord-v1/tests/security/errors.test.js:129:42 ⏎     at Layer.handleRequest (/home/user/Discord-v1/node_modules/router/lib/layer.js:152:17) ⏎     at next (/home/user/Discord-v1/node_modules/router/lib/route.js:157:13) ⏎     at Route.dispatch (/home/user/Discord-v1/node_modules/router/lib/route.js:117:3) ⏎     at handle (/home/user/Discord-v1/node_modules/router/index.js:435:11) ⏎     at Layer.handleRequest (/home/user/Discord-v1/node_modules/router/lib/layer.js:152:17) ⏎     at /home/user/Discord-v1/node_modules/router/index.js:295:15 ⏎     at processParams (/home/user/Discord-v1/node_modules/router/index.js:582:12) ⏎     at next (/home/user/Discord-v1/node_modules/router/index.js:291:5) ⏎     at /home/user/Discord-v1/dashboard/server.js:116:5"}
[2026-08-14T21:56:41.412Z] [ERROR] API error | {"requestId":"1e975c83cfdf","status":500,"method":"GET","path":"/__boom-async","userId":null,"error":"internal detail leak","stack":"Error: internal detail leak ⏎     at /home/user/Discord-v1/tests/security/errors.test.js:130:54 ⏎     at Layer.handleRequest (/home/user/Discord-v1/node_modules/router/lib/layer.js:152:17) ⏎     at next (/home/user/Discord-v1/node_modules/router/lib/route.js:157:13) ⏎     at Route.dispatch (/home/user/Discord-v1/node_modules/router/lib/route.js:117:3) ⏎     at handle (/home/user/Discord-v1/node_modules/router/index.js:435:11) ⏎     at Layer.handleRequest (/home/user/Discord-v1/node_modules/router/lib/layer.js:152:17) ⏎     at /home/user/Discord-v1/node_modules/router/index.js:295:15 ⏎     at processParams (/home/user/Discord-v1/node_modules/router/index.js:582:12) ⏎     at next (/home/user/Discord-v1/node_modules/router/index.js:291:5) ⏎     at /home/user/Discord-v1/dashboard/server.js:116:5"}
[2026-08-14T21:56:41.414Z] [WARN] API request rejected | {"requestId":"0ef14fe52635","status":418,"method":"GET","path":"/__boom-api","userId":null,"error":"Deliberate teapot"}
[2026-08-14T21:56:41.762Z] [WARN] SESSION_SECRET is not set — using a random secret for this process only (sessions reset on restart)
[2026-08-14T21:56:41.912Z] [INFO] Dashboard auth: ENFORCED — Discord OAuth required for all API access
[2026-08-14T21:56:41.912Z] [WARN] CLIENT_ID / DISCORD_CLIENT_SECRET not set — OAuth login cannot succeed, so nobody will be able to sign in
[2026-08-14T21:56:41.914Z] [INFO] ✨ Dashboard active at http://0.0.0.0:3255
[2026-08-14T21:57:46.480Z] [WARN] SESSION_SECRET is not set — using a random secret for this process only (sessions reset on restart)
[2026-08-14T21:57:46.626Z] [INFO] Dashboard auth: ENFORCED — Discord OAuth required for all API access
[2026-08-14T21:57:46.626Z] [WARN] CLIENT_ID / DISCORD_CLIENT_SECRET not set — OAuth login cannot succeed, so nobody will be able to sign in
[2026-08-14T21:57:46.629Z] [INFO] ✨ Dashboard active at http://0.0.0.0:3111
[2026-08-14T21:57:48.575Z] [WARN] SESSION_SECRET is not set — using a random secret for this process only (sessions reset on restart)
[2026-08-14T21:57:48.696Z] [INFO] Dashboard auth: ENFORCED — Discord OAuth required for all API access
[2026-08-14T21:57:48.696Z] [WARN] CLIENT_ID / DISCORD_CLIENT_SECRET not set — OAuth login cannot succeed, so nobody will be able to sign in
[2026-08-14T21:57:48.701Z] [INFO] ✨ Dashboard active at http://0.0.0.0:3122
[2026-08-14T21:57:50.638Z] [WARN] SESSION_SECRET is not set — using a random secret for this process only (sessions reset on restart)
[2026-08-14T21:57:50.760Z] [INFO] Dashboard auth: ENFORCED — Discord OAuth required for all API access
[2026-08-14T21:57:50.760Z] [WARN] CLIENT_ID / DISCORD_CLIENT_SECRET not set — OAuth login cannot succeed, so nobody will be able to sign in
[2026-08-14T21:57:50.764Z] [INFO] ✨ Dashboard active at http://0.0.0.0:3188
[2026-08-14T21:57:52.688Z] [WARN] SESSION_SECRET is not set — using a random secret for this process only (sessions reset on restart)
[2026-08-14T21:57:52.840Z] [INFO] Dashboard auth: ENFORCED — Discord OAuth required for all API access
[2026-08-14T21:57:52.843Z] [INFO] ✨ Dashboard active at http://0.0.0.0:3199
[2026-08-14T21:57:54.736Z] [WARN] SESSION_SECRET is not set — using a random secret for this process only (sessions reset on restart)
[2026-08-14T21:57:54.859Z] [INFO] Dashboard auth: ENFORCED — Discord OAuth required for all API access
[2026-08-14T21:57:54.859Z] [WARN] CLIENT_ID / DISCORD_CLIENT_SECRET not set — OAuth login cannot succeed, so nobody will be able to sign in
[2026-08-14T21:57:54.863Z] [INFO] ✨ Dashboard active at http://0.0.0.0:3202
[2026-08-14T21:57:57.820Z] [WARN] SESSION_SECRET is not set — using a random secret for this process only (sessions reset on restart)
[2026-08-14T21:57:57.964Z] [INFO] Dashboard auth: ENFORCED — Discord OAuth required for all API access
[2026-08-14T21:57:57.964Z] [WARN] CLIENT_ID / DISCORD_CLIENT_SECRET not set — OAuth login cannot succeed, so nobody will be able to sign in
[2026-08-14T21:57:57.967Z] [INFO] ✨ Dashboard active at http://0.0.0.0:3244
[2026-08-14T21:57:59.485Z] [ERROR] API error | {"requestId":"e5fccfd7c4e7","status":500,"method":"GET","path":"/__boom","userId":null,"error":"ENOENT: open '/srv/secret.json'","stack":"Error: ENOENT: open '/srv/secret.json' ⏎     at /home/user/Discord-v1/tests/security/errors.test.js:129:42 ⏎     at Layer.handleRequest (/home/user/Discord-v1/node_modules/router/lib/layer.js:152:17) ⏎     at next (/home/user/Discord-v1/node_modules/router/lib/route.js:157:13) ⏎     at Route.dispatch (/home/user/Discord-v1/node_modules/router/lib/route.js:117:3) ⏎     at handle (/home/user/Discord-v1/node_modules/router/index.js:435:11) ⏎     at Layer.handleRequest (/home/user/Discord-v1/node_modules/router/lib/layer.js:152:17) ⏎     at /home/user/Discord-v1/node_modules/router/index.js:295:15 ⏎     at processParams (/home/user/Discord-v1/node_modules/router/index.js:582:12) ⏎     at next (/home/user/Discord-v1/node_modules/router/index.js:291:5) ⏎     at /home/user/Discord-v1/dashboard/server.js:116:5"}
[2026-08-14T21:57:59.491Z] [ERROR] API error | {"requestId":"e44deccdc658","status":500,"method":"GET","path":"/__boom-async","userId":null,"error":"internal detail leak","stack":"Error: internal detail leak ⏎     at /home/user/Discord-v1/tests/security/errors.test.js:130:54 ⏎     at Layer.handleRequest (/home/user/Discord-v1/node_modules/router/lib/layer.js:152:17) ⏎     at next (/home/user/Discord-v1/node_modules/router/lib/route.js:157:13) ⏎     at Route.dispatch (/home/user/Discord-v1/node_modules/router/lib/route.js:117:3) ⏎     at handle (/home/user/Discord-v1/node_modules/router/index.js:435:11) ⏎     at Layer.handleRequest (/home/user/Discord-v1/node_modules/router/lib/layer.js:152:17) ⏎     at /home/user/Discord-v1/node_modules/router/index.js:295:15 ⏎     at processParams (/home/user/Discord-v1/node_modules/router/index.js:582:12) ⏎     at next (/home/user/Discord-v1/node_modules/router/index.js:291:5) ⏎     at /home/user/Discord-v1/dashboard/server.js:116:5"}
[2026-08-14T21:57:59.493Z] [WARN] API request rejected | {"requestId":"ba5c15377a3e","status":418,"method":"GET","path":"/__boom-api","userId":null,"error":"Deliberate teapot"}
[2026-08-14T21:57:59.859Z] [WARN] SESSION_SECRET is not set — using a random secret for this process only (sessions reset on restart)
[2026-08-14T21:58:00.010Z] [INFO] Dashboard auth: ENFORCED — Discord OAuth required for all API access
[2026-08-14T21:58:00.010Z] [WARN] CLIENT_ID / DISCORD_CLIENT_SECRET not set — OAuth login cannot succeed, so nobody will be able to sign in
[2026-08-14T21:58:00.013Z] [INFO] ✨ Dashboard active at http://0.0.0.0:3255
[2026-08-14T21:58:02.826Z] [WARN] SESSION_SECRET is not set — using a random secret for this process only (sessions reset on restart)
[2026-08-14T21:58:02.971Z] [INFO] Dashboard auth: ENFORCED — Discord OAuth required for all API access
[2026-08-14T21:58:02.971Z] [WARN] CLIENT_ID / DISCORD_CLIENT_SECRET not set — OAuth login cannot succeed, so nobody will be able to sign in
[2026-08-14T21:58:02.974Z] [INFO] ✨ Dashboard active at http://0.0.0.0:3111
[2026-08-14T21:58:04.956Z] [WARN] SESSION_SECRET is not set — using a random secret for this process only (sessions reset on restart)
[2026-08-14T21:58:05.083Z] [INFO] Dashboard auth: ENFORCED — Discord OAuth required for all API access
[2026-08-14T21:58:05.084Z] [WARN] CLIENT_ID / DISCORD_CLIENT_SECRET not set — OAuth login cannot succeed, so nobody will be able to sign in
[2026-08-14T21:58:05.089Z] [INFO] ✨ Dashboard active at http://0.0.0.0:3122
[2026-08-14T21:58:06.996Z] [WARN] SESSION_SECRET is not set — using a random secret for this process only (sessions reset on restart)
[2026-08-14T21:58:07.111Z] [INFO] Dashboard auth: ENFORCED — Discord OAuth required for all API access
[2026-08-14T21:58:07.111Z] [WARN] CLIENT_ID / DISCORD_CLIENT_SECRET not set — OAuth login cannot succeed, so nobody will be able to sign in
[2026-08-14T21:58:07.116Z] [INFO] ✨ Dashboard active at http://0.0.0.0:3188
[2026-08-14T21:58:08.999Z] [WARN] SESSION_SECRET is not set — using a random secret for this process only (sessions reset on restart)
[2026-08-14T21:58:09.136Z] [INFO] Dashboard auth: ENFORCED — Discord OAuth required for all API access
[2026-08-14T21:58:09.144Z] [INFO] ✨ Dashboard active at http://0.0.0.0:3199
[2026-08-14T21:58:11.031Z] [WARN] SESSION_SECRET is not set — using a random secret for this process only (sessions reset on restart)
[2026-08-14T21:58:11.153Z] [INFO] Dashboard auth: ENFORCED — Discord OAuth required for all API access
[2026-08-14T21:58:11.154Z] [WARN] CLIENT_ID / DISCORD_CLIENT_SECRET not set — OAuth login cannot succeed, so nobody will be able to sign in
[2026-08-14T21:58:11.158Z] [INFO] ✨ Dashboard active at http://0.0.0.0:3202
[2026-08-14T21:58:14.082Z] [WARN] SESSION_SECRET is not set — using a random secret for this process only (sessions reset on restart)
[2026-08-14T21:58:14.221Z] [INFO] Dashboard auth: ENFORCED — Discord OAuth required for all API access
[2026-08-14T21:58:14.221Z] [WARN] CLIENT_ID / DISCORD_CLIENT_SECRET not set — OAuth login cannot succeed, so nobody will be able to sign in
[2026-08-14T21:58:14.224Z] [INFO] ✨ Dashboard active at http://0.0.0.0:3244
[2026-08-14T21:58:15.741Z] [ERROR] API error | {"requestId":"9c96034972db","status":500,"method":"GET","path":"/__boom","userId":null,"error":"ENOENT: open '/srv/secret.json'","stack":"Error: ENOENT: open '/srv/secret.json' ⏎     at /home/user/Discord-v1/tests/security/errors.test.js:129:42 ⏎     at Layer.handleRequest (/home/user/Discord-v1/node_modules/router/lib/layer.js:152:17) ⏎     at next (/home/user/Discord-v1/node_modules/router/lib/route.js:157:13) ⏎     at Route.dispatch (/home/user/Discord-v1/node_modules/router/lib/route.js:117:3) ⏎     at handle (/home/user/Discord-v1/node_modules/router/index.js:435:11) ⏎     at Layer.handleRequest (/home/user/Discord-v1/node_modules/router/lib/layer.js:152:17) ⏎     at /home/user/Discord-v1/node_modules/router/index.js:295:15 ⏎     at processParams (/home/user/Discord-v1/node_modules/router/index.js:582:12) ⏎     at next (/home/user/Discord-v1/node_modules/router/index.js:291:5) ⏎     at /home/user/Discord-v1/dashboard/server.js:116:5"}
[2026-08-14T21:58:15.746Z] [ERROR] API error | {"requestId":"beba307b8f09","status":500,"method":"GET","path":"/__boom-async","userId":null,"error":"internal detail leak","stack":"Error: internal detail leak ⏎     at /home/user/Discord-v1/tests/security/errors.test.js:130:54 ⏎     at Layer.handleRequest (/home/user/Discord-v1/node_modules/router/lib/layer.js:152:17) ⏎     at next (/home/user/Discord-v1/node_modules/router/lib/route.js:157:13) ⏎     at Route.dispatch (/home/user/Discord-v1/node_modules/router/lib/route.js:117:3) ⏎     at handle (/home/user/Discord-v1/node_modules/router/index.js:435:11) ⏎     at Layer.handleRequest (/home/user/Discord-v1/node_modules/router/lib/layer.js:152:17) ⏎     at /home/user/Discord-v1/node_modules/router/index.js:295:15 ⏎     at processParams (/home/user/Discord-v1/node_modules/router/index.js:582:12) ⏎     at next (/home/user/Discord-v1/node_modules/router/index.js:291:5) ⏎     at /home/user/Discord-v1/dashboard/server.js:116:5"}
[2026-08-14T21:58:15.748Z] [WARN] API request rejected | {"requestId":"fe586cf729f8","status":418,"method":"GET","path":"/__boom-api","userId":null,"error":"Deliberate teapot"}
[2026-08-14T21:58:16.114Z] [WARN] SESSION_SECRET is not set — using a random secret for this process only (sessions reset on restart)
[2026-08-14T21:58:16.255Z] [INFO] Dashboard auth: ENFORCED — Discord OAuth required for all API access
[2026-08-14T21:58:16.256Z] [WARN] CLIENT_ID / DISCORD_CLIENT_SECRET not set — OAuth login cannot succeed, so nobody will be able to sign in
[2026-08-14T21:58:16.259Z] [INFO] ✨ Dashboard active at http://0.0.0.0:3255
[2026-08-14T21:58:26.956Z] [WARN] SESSION_SECRET is not set — using a random secret for this process only (sessions reset on restart)
[2026-08-14T22:28:17.752Z] [INFO] stage3 path verification
[2026-08-14T22:28:26.398Z] [WARN] SESSION_SECRET is not set — using a random secret for this process only (sessions reset on restart)
[2026-08-14T22:28:26.539Z] [INFO] Dashboard auth: ENFORCED — Discord OAuth required for all API access
[2026-08-14T22:28:26.539Z] [WARN] CLIENT_ID / DISCORD_CLIENT_SECRET not set — OAuth login cannot succeed, so nobody will be able to sign in
[2026-08-14T22:28:26.541Z] [INFO] ✨ Dashboard active at http://0.0.0.0:3111
[2026-08-14T22:28:28.447Z] [WARN] SESSION_SECRET is not set — using a random secret for this process only (sessions reset on restart)
[2026-08-14T22:28:28.573Z] [INFO] Dashboard auth: ENFORCED — Discord OAuth required for all API access
[2026-08-14T22:28:28.573Z] [WARN] CLIENT_ID / DISCORD_CLIENT_SECRET not set — OAuth login cannot succeed, so nobody will be able to sign in
[2026-08-14T22:28:28.578Z] [INFO] ✨ Dashboard active at http://0.0.0.0:3122
[2026-08-14T22:28:30.497Z] [WARN] SESSION_SECRET is not set — using a random secret for this process only (sessions reset on restart)
[2026-08-14T22:28:30.623Z] [INFO] Dashboard auth: ENFORCED — Discord OAuth required for all API access
[2026-08-14T22:28:30.623Z] [WARN] CLIENT_ID / DISCORD_CLIENT_SECRET not set — OAuth login cannot succeed, so nobody will be able to sign in
[2026-08-14T22:28:30.627Z] [INFO] ✨ Dashboard active at http://0.0.0.0:3188
[2026-08-14T22:28:32.504Z] [WARN] SESSION_SECRET is not set — using a random secret for this process only (sessions reset on restart)
[2026-08-14T22:28:32.650Z] [INFO] Dashboard auth: ENFORCED — Discord OAuth required for all API access
[2026-08-14T22:28:32.652Z] [INFO] ✨ Dashboard active at http://0.0.0.0:3199
[2026-08-14T22:28:34.543Z] [WARN] SESSION_SECRET is not set — using a random secret for this process only (sessions reset on restart)
[2026-08-14T22:28:34.666Z] [INFO] Dashboard auth: ENFORCED — Discord OAuth required for all API access
[2026-08-14T22:28:34.666Z] [WARN] CLIENT_ID / DISCORD_CLIENT_SECRET not set — OAuth login cannot succeed, so nobody will be able to sign in
[2026-08-14T22:28:34.671Z] [INFO] ✨ Dashboard active at http://0.0.0.0:3202
[2026-08-14T22:28:37.541Z] [WARN] SESSION_SECRET is not set — using a random secret for this process only (sessions reset on restart)
[2026-08-14T22:28:37.690Z] [INFO] Dashboard auth: ENFORCED — Discord OAuth required for all API access
[2026-08-14T22:28:37.690Z] [WARN] CLIENT_ID / DISCORD_CLIENT_SECRET not set — OAuth login cannot succeed, so nobody will be able to sign in
[2026-08-14T22:28:37.693Z] [INFO] ✨ Dashboard active at http://0.0.0.0:3244
[2026-08-14T22:28:39.220Z] [ERROR] API error | {"requestId":"c5c9384d1756","status":500,"method":"GET","path":"/__boom","userId":null,"error":"ENOENT: open '/srv/secret.json'","stack":"Error: ENOENT: open '/srv/secret.json' ⏎     at /home/user/Discord-v1/tests/security/errors.test.js:129:42 ⏎     at Layer.handleRequest (/home/user/Discord-v1/node_modules/router/lib/layer.js:152:17) ⏎     at next (/home/user/Discord-v1/node_modules/router/lib/route.js:157:13) ⏎     at Route.dispatch (/home/user/Discord-v1/node_modules/router/lib/route.js:117:3) ⏎     at handle (/home/user/Discord-v1/node_modules/router/index.js:435:11) ⏎     at Layer.handleRequest (/home/user/Discord-v1/node_modules/router/lib/layer.js:152:17) ⏎     at /home/user/Discord-v1/node_modules/router/index.js:295:15 ⏎     at processParams (/home/user/Discord-v1/node_modules/router/index.js:582:12) ⏎     at next (/home/user/Discord-v1/node_modules/router/index.js:291:5) ⏎     at /home/user/Discord-v1/dashboard/server.js:116:5"}
[2026-08-14T22:28:39.225Z] [ERROR] API error | {"requestId":"1401cd119cac","status":500,"method":"GET","path":"/__boom-async","userId":null,"error":"internal detail leak","stack":"Error: internal detail leak ⏎     at /home/user/Discord-v1/tests/security/errors.test.js:130:54 ⏎     at Layer.handleRequest (/home/user/Discord-v1/node_modules/router/lib/layer.js:152:17) ⏎     at next (/home/user/Discord-v1/node_modules/router/lib/route.js:157:13) ⏎     at Route.dispatch (/home/user/Discord-v1/node_modules/router/lib/route.js:117:3) ⏎     at handle (/home/user/Discord-v1/node_modules/router/index.js:435:11) ⏎     at Layer.handleRequest (/home/user/Discord-v1/node_modules/router/lib/layer.js:152:17) ⏎     at /home/user/Discord-v1/node_modules/router/index.js:295:15 ⏎     at processParams (/home/user/Discord-v1/node_modules/router/index.js:582:12) ⏎     at next (/home/user/Discord-v1/node_modules/router/index.js:291:5) ⏎     at /home/user/Discord-v1/dashboard/server.js:116:5"}
[2026-08-14T22:28:39.227Z] [WARN] API request rejected | {"requestId":"75e2c16fc59a","status":418,"method":"GET","path":"/__boom-api","userId":null,"error":"Deliberate teapot"}
[2026-08-14T22:28:39.596Z] [WARN] SESSION_SECRET is not set — using a random secret for this process only (sessions reset on restart)
[2026-08-14T22:28:39.741Z] [INFO] Dashboard auth: ENFORCED — Discord OAuth required for all API access
[2026-08-14T22:28:39.741Z] [WARN] CLIENT_ID / DISCORD_CLIENT_SECRET not set — OAuth login cannot succeed, so nobody will be able to sign in
[2026-08-14T22:28:39.747Z] [INFO] ✨ Dashboard active at http://0.0.0.0:3255
